entity,season,canonical_id,canonical_name,resolution_method,confidence
event,2025-2026,25-26-prem-brighton-hove-albion-vs-leeds-united,Brighton v Leeds,canonical_home_away_pair,high
event,2025-2026,25-26-prem-burnley-vs-arsenal,Burnley v Arsenal,canonical_home_away_pair,high
event,2025-2026,25-26-prem-crystal-palace-vs-brentford,Crystal Palace v Brentford,canonical_home_away_pair,high
event,2025-2026,25-26-prem-fulham-vs-wolverhampton-wanderers,Fulham v Wolves,canonical_home_away_pair,high
event,2025-2026,25-26-prem-liverpool-vs-aston-villa,Liverpool v Aston Villa,canonical_home_away_pair,high
event,2025-2026,25-26-prem-manchester-city-vs-afc-bournemouth,Man City v Bournemouth,canonical_home_away_pair,high
event,2025-2026,25-26-prem-nottingham-forest-vs-manchester-united,Nott'm Forest v Man Utd,canonical_home_away_pair,high
event,2025-2026,25-26-prem-sunderland-vs-everton,Sunderland v Everton,canonical_home_away_pair,high
event,2025-2026,25-26-prem-tottenham-hotspur-vs-chelsea,Spurs v Chelsea,canonical_home_away_pair,high
event,2025-2026,25-26-prem-west-ham-united-vs-newcastle-united,West Ham v Newcastle,canonical_home_away_pair,high
event,2026-2027,26-27-friendly-afc-bournemouth-vs-genoa-2026-08-04,26-27-friendly-afc-bournemouth-vs-genoa-2026-08-04,evaluator_exact_opponents_and_kickoff,high
event,2026-2027,26-27-friendly-afc-bournemouth-vs-st.-pauli-2026-07-24,26-27-friendly-afc-bournemouth-vs-st.-pauli-2026-07-24,evaluator_exact_opponents_and_kickoff,high
event,2026-2027,26-27-friendly-annecy-fc-vs-brighton-hove-albion-2026-07-25,26-27-friendly-annecy-fc-vs-brighton-hove-albion-2026-07-25,evaluator_exact_opponents_and_kickoff,high
event,2026-2027,26-27-friendly-arsenal-vs-como-2026-08-12,26-27-friendly-arsenal-vs-como-2026-08-12,evaluator_exact_opponents_and_kickoff,high
event,2026-2027,26-27-friendly-arsenal-vs-real-betis-2026-08-05,26-27-friendly-arsenal-vs-real-betis-2026-08-05,evaluator_exact_opponents_and_kickoff,high
event,2026-2027,26-27-friendly-aston-villa-vs-real-sociedad-2026-07-28,26-27-friendly-aston-villa-vs-real-sociedad-2026-07-28,evaluator_exact_opponents_and_kickoff,high
event,2026-2027,26-27-friendly-augsburg-vs-afc-bournemouth-2026-07-30,26-27-friendly-augsburg-vs-afc-bournemouth-2026-07-30,evaluator_exact_opponents_and_kickoff,high
event,2026-2027,26-27-friendly-bayern-münchen-vs-aston-villa-2026-08-07,26-27-friendly-bayern-münchen-vs-aston-villa-2026-08-07,evaluator_exact_opponents_and_kickoff,high
event,2026-2027,26-27-friendly-bg-pathum-united-vs-aston-villa-2026-08-04,26-27-friendly-bg-pathum-united-vs-aston-villa-2026-08-04,evaluator_exact_opponents_and_kickoff,high
event,2026-2027,26-27-friendly-bolton-wanderers-vs-everton-2026-07-25,26-27-friendly-bolton-wanderers-vs-everton-2026-07-25,evaluator_exact_opponents_and_kickoff,high
event,2026-2027,26-27-friendly-brighton-hove-albion-vs-bologna-2026-08-15,26-27-friendly-brighton-hove-albion-vs-bologna-2026-08-15,evaluator_exact_opponents_and_kickoff,high
event,2026-2027,26-27-friendly-bristol-city-vs-newcastle-united-2026-07-29,26-27-friendly-bristol-city-vs-newcastle-united-2026-07-29,evaluator_exact_opponents_and_kickoff,high
event,2026-2027,26-27-friendly-bromley-vs-crystal-palace-2026-07-25,26-27-friendly-bromley-vs-crystal-palace-2026-07-25,evaluator_exact_opponents_and_kickoff,high
event,2026-2027,26-27-friendly-chelsea-vs-juventus-2026-08-05,26-27-friendly-chelsea-vs-juventus-2026-08-05,evaluator_exact_opponents_and_kickoff,high
event,2026-2027,26-27-friendly-chelsea-vs-milan-2026-08-08,26-27-friendly-chelsea-vs-milan-2026-08-08,evaluator_exact_opponents_and_kickoff,high
event,2026-2027,26-27-friendly-chelsea-vs-tottenham-hotspur-2026-08-01,Chelsea v Spurs,evaluator_exact_opponents_and_kickoff,high
event,2026-2027,26-27-friendly-coventry-city-vs-espanyol-2026-08-08,26-27-friendly-coventry-city-vs-espanyol-2026-08-08,evaluator_exact_opponents_and_kickoff,high
event,2026-2027,26-27-friendly-crystal-palace-vs-swindon-town-2026-07-18,26-27-friendly-crystal-palace-vs-swindon-town-2026-07-18,evaluator_exact_opponents_and_kickoff,high
event,2026-2027,26-27-friendly-dundee-fc-vs-everton-2026-07-18,26-27-friendly-dundee-fc-vs-everton-2026-07-18,evaluator_exact_opponents_and_kickoff,high
event,2026-2027,26-27-friendly-eintracht-frankfurt-vs-brentford-2026-08-15,26-27-friendly-eintracht-frankfurt-vs-brentford-2026-08-15,evaluator_exact_opponents_and_kickoff,high
event,2026-2027,26-27-friendly-eintracht-frankfurt-vs-hull-city-2026-08-08,26-27-friendly-eintracht-frankfurt-vs-hull-city-2026-08-08,evaluator_exact_opponents_and_kickoff,high
event,2026-2027,26-27-friendly-everton-vs-lille-2026-08-15,26-27-friendly-everton-vs-lille-2026-08-15,evaluator_exact_opponents_and_kickoff,high
event,2026-2027,26-27-friendly-everton-vs-newcastle-united-2026-08-12,Everton v Newcastle,evaluator_exact_opponents_and_kickoff,high
event,2026-2027,26-27-friendly-fc-porto-vs-aston-villa-2026-07-25,26-27-friendly-fc-porto-vs-aston-villa-2026-07-25,evaluator_exact_opponents_and_kickoff,high
event,2026-2027,26-27-friendly-freiburg-vs-crystal-palace-2026-08-15,26-27-friendly-freiburg-vs-crystal-palace-2026-08-15,evaluator_exact_opponents_and_kickoff,high
event,2026-2027,26-27-friendly-fulham-vs-vfb-stuttgart-2026-08-15,26-27-friendly-fulham-vs-vfb-stuttgart-2026-08-15,evaluator_exact_opponents_and_kickoff,high
event,2026-2027,26-27-friendly-gateshead-fc-vs-newcastle-united-2026-07-25,26-27-friendly-gateshead-fc-vs-newcastle-united-2026-07-25,evaluator_exact_opponents_and_kickoff,high
event,2026-2027,26-27-friendly-girona-vs-arsenal-2026-08-01,26-27-friendly-girona-vs-arsenal-2026-08-01,evaluator_exact_opponents_and_kickoff,high
event,2026-2027,26-27-friendly-hamburger-sv-vs-everton-2026-08-01,26-27-friendly-hamburger-sv-vs-everton-2026-08-01,evaluator_exact_opponents_and_kickoff,high
event,2026-2027,26-27-friendly-hull-city-vs-nice-2026-08-15,26-27-friendly-hull-city-vs-nice-2026-08-15,evaluator_exact_opponents_and_kickoff,high
event,2026-2027,26-27-friendly-johor-darul-ta'zim-vs-chelsea-2026-08-09,26-27-friendly-johor-darul-ta'zim-vs-chelsea-2026-08-09,evaluator_exact_opponents_and_kickoff,high
event,2026-2027,26-27-friendly-kasımpaşa-vs-hull-city-2026-08-01,26-27-friendly-kasımpaşa-vs-hull-city-2026-08-01,evaluator_exact_opponents_and_kickoff,high
event,2026-2027,26-27-friendly-konyaspor-vs-hull-city-2026-07-25,26-27-friendly-konyaspor-vs-hull-city-2026-07-25,evaluator_exact_opponents_and_kickoff,high
event,2026-2027,26-27-friendly-leeds-united-vs-augsburg-2026-08-15,26-27-friendly-leeds-united-vs-augsburg-2026-08-15,evaluator_exact_opponents_and_kickoff,high
event,2026-2027,26-27-friendly-leeds-united-vs-rb-leipzig-2026-08-08,26-27-friendly-leeds-united-vs-rb-leipzig-2026-08-08,evaluator_exact_opponents_and_kickoff,high
event,2026-2027,26-27-friendly-leeds-united-vs-sunderland-2026-07-30,Leeds v Sunderland,evaluator_exact_opponents_and_kickoff,high
event,2026-2027,26-27-friendly-leeds-united-vs-wrexham-2026-07-25,26-27-friendly-leeds-united-vs-wrexham-2026-07-25,evaluator_exact_opponents_and_kickoff,high
event,2026-2027,26-27-friendly-liverpool-vs-como-2026-08-16,26-27-friendly-liverpool-vs-como-2026-08-16,evaluator_exact_opponents_and_kickoff,high
event,2026-2027,26-27-friendly-liverpool-vs-leeds-united-2026-08-02,Liverpool v Leeds,evaluator_exact_opponents_and_kickoff,high
event,2026-2027,26-27-friendly-liverpool-vs-sunderland-2026-07-25,Liverpool v Sunderland,evaluator_exact_opponents_and_kickoff,high
event,2026-2027,26-27-friendly-liverpool-vs-wrexham-2026-07-29,26-27-friendly-liverpool-vs-wrexham-2026-07-29,evaluator_exact_opponents_and_kickoff,high
event,2026-2027,26-27-friendly-manchester-city-vs-atletico-madrid-2026-08-09,26-27-friendly-manchester-city-vs-atletico-madrid-2026-08-09,evaluator_exact_opponents_and_kickoff,high
event,2026-2027,26-27-friendly-manchester-city-vs-inter-2026-08-01,26-27-friendly-manchester-city-vs-inter-2026-08-01,evaluator_exact_opponents_and_kickoff,high
event,2026-2027,26-27-friendly-manchester-united-vs-atletico-madrid-2026-08-01,26-27-friendly-manchester-united-vs-atletico-madrid-2026-08-01,evaluator_exact_opponents_and_kickoff,high
event,2026-2027,26-27-friendly-manchester-united-vs-leeds-united-2026-08-12,Man Utd v Leeds,evaluator_exact_opponents_and_kickoff,high
event,2026-2027,26-27-friendly-manchester-united-vs-milan-2026-08-15,26-27-friendly-manchester-united-vs-milan-2026-08-15,evaluator_exact_opponents_and_kickoff,high
event,2026-2027,26-27-friendly-manchester-united-vs-paris-saint-germain-2026-08-08,26-27-friendly-manchester-united-vs-paris-saint-germain-2026-08-08,evaluator_exact_opponents_and_kickoff,high
event,2026-2027,26-27-friendly-manchester-united-vs-wrexham-2026-07-18,26-27-friendly-manchester-united-vs-wrexham-2026-07-18,evaluator_exact_opponents_and_kickoff,high
event,2026-2027,26-27-friendly-newcastle-united-vs-darlington-2026-07-18,26-27-friendly-newcastle-united-vs-darlington-2026-07-18,evaluator_exact_opponents_and_kickoff,high
event,2026-2027,26-27-friendly-northampton-town-vs-coventry-city-2026-07-18,26-27-friendly-northampton-town-vs-coventry-city-2026-07-18,evaluator_exact_opponents_and_kickoff,high
event,2026-2027,26-27-friendly-nottingham-forest-vs-blackburn-rovers-2026-07-22,26-27-friendly-nottingham-forest-vs-blackburn-rovers-2026-07-22,evaluator_exact_opponents_and_kickoff,high
event,2026-2027,26-27-friendly-notts-county-vs-nottingham-forest-2026-07-18,26-27-friendly-notts-county-vs-nottingham-forest-2026-07-18,evaluator_exact_opponents_and_kickoff,high
event,2026-2027,26-27-friendly-oxford-united-vs-ipswich-town-2026-08-01,26-27-friendly-oxford-united-vs-ipswich-town-2026-08-01,evaluator_exact_opponents_and_kickoff,high
event,2026-2027,26-27-friendly-real-betis-vs-afc-bournemouth-2026-08-08,26-27-friendly-real-betis-vs-afc-bournemouth-2026-08-08,evaluator_exact_opponents_and_kickoff,high
event,2026-2027,26-27-friendly-stoke-city-vs-everton-2026-07-28,26-27-friendly-stoke-city-vs-everton-2026-07-28,evaluator_exact_opponents_and_kickoff,high
event,2026-2027,26-27-friendly-sunderland-vs-wrexham-2026-08-02,26-27-friendly-sunderland-vs-wrexham-2026-08-02,evaluator_exact_opponents_and_kickoff,high
event,2026-2027,26-27-friendly-valencia-vs-newcastle-united-2026-08-08,26-27-friendly-valencia-vs-newcastle-united-2026-08-08,evaluator_exact_opponents_and_kickoff,high
event,2026-2027,26-27-friendly-vfb-stuttgart-vs-everton-2026-08-08,26-27-friendly-vfb-stuttgart-vs-everton-2026-08-08,evaluator_exact_opponents_and_kickoff,high
event,2026-2027,26-27-friendly-walsall-vs-aston-villa-2026-07-21,26-27-friendly-walsall-vs-aston-villa-2026-07-21,evaluator_exact_opponents_and_kickoff,high
event,2026-2027,26-27-friendly-western-sydney-wanderers-fc-vs-chelsea-2026-07-28,26-27-friendly-western-sydney-wanderers-fc-vs-chelsea-2026-07-28,evaluator_exact_opponents_and_kickoff,high
event,2026-2027,26-27-friendly-wycombe-wanderers-vs-ipswich-town-2026-08-01,26-27-friendly-wycombe-wanderers-vs-ipswich-town-2026-08-01,evaluator_exact_opponents_and_kickoff,high
event,2026-2027,26-27-friendly-york-city-vs-sunderland-2026-07-18,26-27-friendly-york-city-vs-sunderland-2026-07-18,evaluator_exact_opponents_and_kickoff,high
player,2025-2026,6,Saliba,full_name,high
player,2025-2026,7,Calafiori,full_name,high
player,2025-2026,8,J.Timber,full_name,high
player,2025-2026,10,Lewis-Skelly,full_name,high
player,2025-2026,16,Saka,full_name,high
player,2025-2026,20,Trossard,full_name,high
player,2025-2026,21,Rice,full_name,high
player,2025-2026,24,Nørgaard,full_name,high
player,2025-2026,25,Nwaneri,full_name,high
player,2025-2026,27,Nelson,full_name,high
player,2025-2026,36,Cash,full_name,high
player,2025-2026,37,Digne,full_name,high
player,2025-2026,39,Maatsen,full_name,high
player,2025-2026,40,Mings,full_name,high
player,2025-2026,41,Pau,full_name,high
player,2025-2026,47,Rogers,full_name,high
player,2025-2026,52,J.Ramsey,full_name,high
player,2025-2026,53,Malen,full_name,high
player,2025-2026,54,McGinn,full_name,high
player,2025-2026,55,Barkley,full_name,high
player,2025-2026,58,Kamara,full_name,high
player,2025-2026,59,Onana,full_name,high
player,2025-2026,64,Watkins,full_name,high
player,2025-2026,67,Petrović,full_name,high
player,2025-2026,74,Truffert,full_name,high
player,2025-2026,81,Kluivert,full_name,high
player,2025-2026,82,Semenyo,full_name,high
player,2025-2026,83,O.Dango,full_name,high
player,2025-2026,84,Tavernier,full_name,high
player,2025-2026,85,Adams,full_name,high
player,2025-2026,86,Brooks,full_name,high
player,2025-2026,87,Christie,full_name,high
player,2025-2026,88,Cook,full_name,high
player,2025-2026,90,Scott,full_name,high
player,2025-2026,97,Evanilson,full_name,high
player,2025-2026,101,Kelleher,full_name,high
player,2025-2026,106,Collins,full_name,high
player,2025-2026,107,Lewis-Potter,full_name,high
player,2025-2026,108,Ajer,full_name,high
player,2025-2026,110,Kayode,full_name,high
player,2025-2026,113,Van den Berg,full_name,high
player,2025-2026,119,Mbeumo,full_name,high
player,2025-2026,120,Schade,full_name,high
player,2025-2026,121,Damsgaard,full_name,high
player,2025-2026,124,Henderson,full_name,high
player,2025-2026,125,Janelt,full_name,high
player,2025-2026,126,Jensen,full_name,high
player,2025-2026,129,Yarmoliuk,full_name,high
player,2025-2026,139,Verbruggen,full_name,high
player,2025-2026,146,Dunk,full_name,high
player,2025-2026,148,F.Kadıoğlu,full_name,high
player,2025-2026,151,Van Hecke,full_name,high
player,2025-2026,158,Georginio,full_name,high
player,2025-2026,160,Minteh,full_name,high
player,2025-2026,166,Ayari,full_name,high
player,2025-2026,167,Baleba,full_name,high
player,2025-2026,172,Watson,full_name,high
player,2025-2026,173,Wieffer,full_name,high
player,2025-2026,175,Knight,full_name,high
player,2025-2026,178,Welbeck,full_name,high
player,2025-2026,180,Tzimas,full_name,high
player,2025-2026,181,Kostoulas,full_name,high
player,2025-2026,187,Walker,full_name,high
player,2025-2026,191,Estève,full_name,high
player,2025-2026,192,Hartman,full_name,high
player,2025-2026,198,Tuanzebe,full_name,high
player,2025-2026,200,Anthony,full_name,high
player,2025-2026,202,Bruun Larsen,full_name,high
player,2025-2026,205,Cullen,full_name,high
player,2025-2026,206,Edwards,full_name,high
player,2025-2026,207,Hannibal,full_name,high
player,2025-2026,209,Laurent,full_name,high
player,2025-2026,210,Tchaouna,full_name,high
player,2025-2026,215,Flemming,full_name,high
player,2025-2026,225,James,full_name,high
player,2025-2026,226,Chalobah,full_name,high
player,2025-2026,228,Gusto,full_name,high
player,2025-2026,230,Fofana,full_name,high
player,2025-2026,232,Tosin,full_name,high
player,2025-2026,237,Enzo,full_name,high
player,2025-2026,238,Estêvão,full_name,high
player,2025-2026,242,Dewsbury-Hall,full_name,high
player,2025-2026,244,Lavia,full_name,high
player,2025-2026,249,João Pedro,full_name,high
player,2025-2026,253,Henderson,full_name,high
player,2025-2026,257,Lacroix,full_name,high
player,2025-2026,258,Mitchell,full_name,high
player,2025-2026,260,Guéhi,full_name,high
player,2025-2026,261,Richards,full_name,high
player,2025-2026,266,Eze,full_name,high
player,2025-2026,267,Sarr,full_name,high
player,2025-2026,270,Hughes,full_name,high
player,2025-2026,271,Kamada,full_name,high
player,2025-2026,276,Devenny,full_name,high
player,2025-2026,283,Mateta,full_name,high
player,2025-2026,287,Pickford,full_name,high
player,2025-2026,291,Tarkowski,full_name,high
player,2025-2026,293,O'Brien,full_name,high
player,2025-2026,295,Keane,full_name,high
player,2025-2026,299,Ndiaye,full_name,high
player,2025-2026,300,McNeil,full_name,high
player,2025-2026,302,Gana,full_name,high
player,2025-2026,303,Garner,full_name,high
player,2025-2026,304,Iroegbunam,full_name,high
player,2025-2026,310,Barry,full_name,high
player,2025-2026,311,Beto,full_name,high
player,2025-2026,314,Leno,full_name,high
player,2025-2026,317,Andersen,full_name,high
player,2025-2026,318,Bassey,full_name,high
player,2025-2026,322,Tete,full_name,high
player,2025-2026,324,Iwobi,full_name,high
player,2025-2026,325,Smith Rowe,full_name,high
player,2025-2026,328,Sessegnon,full_name,high
player,2025-2026,329,Wilson,full_name,high
player,2025-2026,330,Berge,full_name,high
player,2025-2026,331,Cairney,full_name,high
player,2025-2026,342,Bogle,full_name,high
player,2025-2026,344,Bijol,full_name,high
player,2025-2026,347,Gudmundsson,full_name,high
player,2025-2026,348,Rodon,full_name,high
player,2025-2026,350,Aaronson,full_name,high
player,2025-2026,352,Harrison,full_name,high
player,2025-2026,353,James,full_name,high
player,2025-2026,354,Ampadu,full_name,high
player,2025-2026,365,Nmecha,full_name,high
player,2025-2026,367,Mamardashvili,full_name,high
player,2025-2026,373,Virgil,full_name,high
player,2025-2026,374,Konaté,full_name,high
player,2025-2026,375,Bradley,full_name,high
player,2025-2026,381,M.Salah,full_name,high
player,2025-2026,382,Wirtz,full_name,high
player,2025-2026,384,Gakpo,full_name,high
player,2025-2026,386,Mac Allister,full_name,high
player,2025-2026,387,Szoboszlai,full_name,high
player,2025-2026,390,Gravenberch,full_name,high
player,2025-2026,391,Gannon-Doak,full_name,high
player,2025-2026,402,Aït-Nouri,full_name,high
player,2025-2026,403,Gvardiol,full_name,high
player,2025-2026,407,Matheus N.,full_name,high
player,2025-2026,411,O'Reilly,full_name,high
player,2025-2026,413,Marmoush,full_name,high
player,2025-2026,414,Foden,full_name,high
player,2025-2026,415,Savinho,full_name,high
player,2025-2026,417,Cherki,full_name,high
player,2025-2026,418,Doku,full_name,high
player,2025-2026,419,Grealish,full_name,high
player,2025-2026,427,Reijnders,full_name,high
player,2025-2026,430,Haaland,full_name,high
player,2025-2026,436,De Ligt,full_name,high
player,2025-2026,438,Mazraoui,full_name,high
player,2025-2026,441,Dorgu,full_name,high
player,2025-2026,443,Shaw,full_name,high
player,2025-2026,444,Yoro,full_name,high
player,2025-2026,452,Amad,full_name,high
player,2025-2026,456,Sancho,full_name,high
player,2025-2026,457,Casemiro,full_name,high
player,2025-2026,469,Pope,full_name,high
player,2025-2026,470,Dúbravka,full_name,high
player,2025-2026,474,Schär,full_name,high
player,2025-2026,475,Botman,full_name,high
player,2025-2026,476,Burn,full_name,high
player,2025-2026,479,Krafth,full_name,high
player,2025-2026,485,Gordon,full_name,high
player,2025-2026,486,Elanga,full_name,high
player,2025-2026,487,Barnes,full_name,high
player,2025-2026,489,J.Murphy,full_name,high
player,2025-2026,490,Joelinton,full_name,high
player,2025-2026,491,Tonali,full_name,high
player,2025-2026,493,Longstaff,full_name,high
player,2025-2026,500,Osula,full_name,high
player,2025-2026,502,Sels,full_name,high
player,2025-2026,505,Milenković,full_name,high
player,2025-2026,506,Murillo,full_name,high
player,2025-2026,508,N.Williams,full_name,high
player,2025-2026,515,Gibbs-White,full_name,high
player,2025-2026,516,Hudson-Odoi,full_name,high
player,2025-2026,517,Anderson,full_name,high
player,2025-2026,521,Sangaré,full_name,high
player,2025-2026,522,Yates,full_name,high
player,2025-2026,526,Igor Jesus,full_name,high
player,2025-2026,527,Awoniyi,full_name,high
player,2025-2026,531,Ballard,full_name,high
player,2025-2026,532,Hume,full_name,high
player,2025-2026,541,Reinildo,full_name,high
player,2025-2026,547,E.Le Fée,full_name,high
player,2025-2026,552,Sadiki,full_name,high
player,2025-2026,553,Talbi,full_name,high
player,2025-2026,560,Isidor,full_name,high
player,2025-2026,565,Vicario,full_name,high
player,2025-2026,568,Pedro Porro,full_name,high
player,2025-2026,569,Romero,full_name,high
player,2025-2026,570,Danso,full_name,high
player,2025-2026,573,Spence,full_name,high
player,2025-2026,574,Udogie,full_name,high
player,2025-2026,575,Van de Ven,full_name,high
player,2025-2026,580,Johnson,full_name,high
player,2025-2026,582,Kudus,full_name,high
player,2025-2026,585,Bentancur,full_name,high
player,2025-2026,586,Bergvall,full_name,high
player,2025-2026,588,Odobert,full_name,high
player,2025-2026,593,P.M.Sarr,full_name,high
player,2025-2026,597,Richarlison,full_name,high
player,2025-2026,600,Areola,full_name,high
player,2025-2026,603,Diouf,full_name,high
player,2025-2026,609,Todibo,full_name,high
player,2025-2026,610,Wan-Bissaka,full_name,high
player,2025-2026,613,Souček,full_name,high
player,2025-2026,615,Summerville,full_name,high
player,2025-2026,623,Potts,full_name,high
player,2025-2026,624,Bowen,full_name,high
player,2025-2026,627,Johnstone,full_name,high
player,2025-2026,631,Agbadou,full_name,high
player,2025-2026,637,Toti,full_name,high
player,2025-2026,638,Hoever,full_name,high
player,2025-2026,643,André,full_name,high
player,2025-2026,644,Bellegarde,full_name,high
player,2025-2026,648,Munetsi,full_name,high
player,2025-2026,654,Strand Larsen,full_name,high
player,2025-2026,659,Walker-Peters,full_name,high
player,2025-2026,660,Stach,full_name,high
player,2025-2026,661,Ekitiké,full_name,high
player,2025-2026,663,J.Arias,full_name,high
player,2025-2026,666,Gyökeres,full_name,high
player,2025-2026,668,Xhaka,full_name,high
player,2025-2026,669,Ndoye,full_name,high
player,2025-2026,670,Roefs,full_name,high
player,2025-2026,671,Wilson,full_name,high
player,2025-2026,676,Ugochukwu,full_name,high
player,2025-2026,677,Guessand,full_name,high
player,2025-2026,680,Broja,full_name,high
player,2025-2026,681,Šeško,full_name,high
player,2025-2026,684,Thiaw,full_name,high
player,2025-2026,685,Diakité,full_name,high
player,2025-2026,691,Calvert-Lewin,full_name,high
player,2025-2026,694,Mukiele,full_name,high
player,2025-2026,695,Tchatchoua,full_name,high
player,2025-2026,698,Okafor,full_name,high
player,2025-2026,699,Douglas Luiz,full_name,high
player,2025-2026,706,Justin,full_name,high
player,2025-2026,709,Krejčí,full_name,high
player,2025-2026,714,Woltemade,full_name,high
player,2025-2026,716,Savona,full_name,high
player,2025-2026,717,Xavi,full_name,high
player,2025-2026,720,Tolu,full_name,high
player,2025-2026,723,Canvot,full_name,high
player,2025-2026,724,Geertruida,full_name,high
player,2025-2026,725,Hincapie,full_name,high
player,2025-2026,726,Kolo Muani,full_name,high
player,2025-2026,727,Chukwueze,full_name,high
player,2025-2026,730,Brobbey,full_name,high
player,2025-2026,731,Kevin,full_name,high
player,2025-2026,733,Lammens,full_name,high
player,2025-2026,735,Traoré,full_name,high
player,2025-2026,736,Donnarumma,full_name,high
player,2025-2026,744,Oriola,full_name,high
player,2026-2027,3,Meslier,full_name,high
player,2026-2027,5,J.Timber,full_name,high
player,2026-2027,6,Saliba,full_name,high
player,2026-2027,7,Lewis-Skelly,full_name,high
player,2026-2027,8,Calafiori,full_name,high
player,2026-2027,9,Hincapie,full_name,high
player,2026-2027,11,Mosquera,full_name,high
player,2026-2027,12,Saka,full_name,high
player,2026-2027,13,Rice,full_name,high
player,2026-2027,14,Eze,full_name,high
player,2026-2027,15,Ødegaard,full_name,high
player,2026-2027,16,Madueke,full_name,high
player,2026-2027,20,Dowman,full_name,high
player,2026-2027,21,Nørgaard,full_name,high
player,2026-2027,22,Nwaneri,full_name,high
player,2026-2027,23,Fábio Vieira,full_name,high
player,2026-2027,24,Nelson,full_name,high
player,2026-2027,25,Gyökeres,full_name,high
player,2026-2027,26,Havertz,full_name,high
player,2026-2027,29,M.Bizot,full_name,high
player,2026-2027,30,Digne,full_name,high
player,2026-2027,32,Cash,full_name,high
player,2026-2027,33,Mings,full_name,high
player,2026-2027,34,Pau,full_name,high
player,2026-2027,35,Bogarde,full_name,high
player,2026-2027,36,Maatsen,full_name,high
player,2026-2027,37,Lindelöf,full_name,high
player,2026-2027,39,Nedeljkovic,full_name,high
player,2026-2027,40,Rogers,full_name,high
player,2026-2027,42,Guessand,full_name,high
player,2026-2027,43,Tielemans,full_name,high
player,2026-2027,44,Bailey,full_name,high
player,2026-2027,45,McGinn,full_name,high
player,2026-2027,46,Barkley,full_name,high
player,2026-2027,47,Kamara,full_name,high
player,2026-2027,48,Onana,full_name,high
player,2026-2027,49,Iling Jr,full_name,high
player,2026-2027,50,Burrowes,full_name,high
player,2026-2027,52,Alysson,full_name,high
player,2026-2027,53,Manzambi,full_name,high
player,2026-2027,54,Gomes,full_name,high
player,2026-2027,55,Watkins,full_name,high
player,2026-2027,56,Abraham,full_name,high
player,2026-2027,57,Petrović,full_name,high
player,2026-2027,58,Forster,full_name,high
player,2026-2027,59,Dennis,full_name,high
player,2026-2027,60,Hill,full_name,high
player,2026-2027,61,Truffert,full_name,high
player,2026-2027,62,Diakité,full_name,high
player,2026-2027,63,Milosavljević,full_name,high
player,2026-2027,64,Smith,full_name,high
player,2026-2027,67,Rayan,full_name,high
player,2026-2027,68,Tavernier,full_name,high
player,2026-2027,69,Scott,full_name,high
player,2026-2027,70,Kluivert,full_name,high
player,2026-2027,71,Cook,full_name,high
player,2026-2027,72,Gannon-Doak,full_name,high
player,2026-2027,73,Adams,full_name,high
player,2026-2027,74,Brooks,full_name,high
player,2026-2027,75,Christie,full_name,high
player,2026-2027,76,Tóth.A,full_name,high
player,2026-2027,77,Adli,full_name,high
player,2026-2027,79,Evanilson,full_name,high
player,2026-2027,80,Enes Ünal,full_name,high
player,2026-2027,81,Rodríguez,full_name,high
player,2026-2027,82,Kelleher,full_name,high
player,2026-2027,83,Valdimarsson,full_name,high
player,2026-2027,84,Collins,full_name,high
player,2026-2027,85,Van den Berg,full_name,high
player,2026-2027,86,Lewis-Potter,full_name,high
player,2026-2027,87,Ajer,full_name,high
player,2026-2027,88,Kayode,full_name,high
player,2026-2027,89,Henry,full_name,high
player,2026-2027,90,Hickey,full_name,high
player,2026-2027,91,Pinnock,full_name,high
player,2026-2027,92,Ji-soo,full_name,high
player,2026-2027,93,Schuster,full_name,high
player,2026-2027,94,Schade,full_name,high
player,2026-2027,95,O.Dango,full_name,high
player,2026-2027,96,Damsgaard,full_name,high
player,2026-2027,97,Jensen,full_name,high
player,2026-2027,98,Janelt,full_name,high
player,2026-2027,99,Milambo,full_name,high
player,2026-2027,101,Henderson,full_name,high
player,2026-2027,102,Yarmoliuk,full_name,high
player,2026-2027,103,Dasilva,full_name,high
player,2026-2027,104,Onyeka,full_name,high
player,2026-2027,105,Anthony,full_name,high
player,2026-2027,107,Furo,full_name,high
player,2026-2027,108,Wilson,full_name,high
player,2026-2027,109,Verbruggen,full_name,high
player,2026-2027,110,Rushworth,full_name,high
player,2026-2027,111,Steele,full_name,high
player,2026-2027,113,F.Kadıoğlu,full_name,high
player,2026-2027,114,Boscagli,full_name,high
player,2026-2027,115,De Cuyper,full_name,high
player,2026-2027,116,Dunk,full_name,high
player,2026-2027,119,Costinha,full_name,high
player,2026-2027,120,Svoboda,full_name,high
player,2026-2027,122,Minteh,full_name,high
player,2026-2027,123,Hinshelwood,full_name,high
player,2026-2027,124,Groß,full_name,high
player,2026-2027,125,Georginio,full_name,high
player,2026-2027,126,O'Riley,full_name,high
player,2026-2027,128,Buonanotte,full_name,high
player,2026-2027,129,Ayari,full_name,high
player,2026-2027,130,Wieffer,full_name,high
player,2026-2027,131,Baleba,full_name,high
player,2026-2027,132,Howell,full_name,high
player,2026-2027,133,Watson,full_name,high
player,2026-2027,134,Oriola,full_name,high
player,2026-2027,135,Yohanna,full_name,high
player,2026-2027,136,Welbeck,full_name,high
player,2026-2027,137,Tzimas,full_name,high
player,2026-2027,138,Kostoulas,full_name,high
player,2026-2027,139,Ferguson,full_name,high
player,2026-2027,142,James,full_name,high
player,2026-2027,143,Chalobah,full_name,high
player,2026-2027,144,Gusto,full_name,high
player,2026-2027,145,Fofana,full_name,high
player,2026-2027,147,Tosin,full_name,high
player,2026-2027,148,Hato,full_name,high
player,2026-2027,150,M.Sarr,full_name,high
player,2026-2027,151,Acheampong,full_name,high
player,2026-2027,152,Palestra,full_name,high
player,2026-2027,153,Disasi,full_name,high
player,2026-2027,154,Palmer,full_name,high
player,2026-2027,155,Enzo,full_name,high
player,2026-2027,157,Estêvão,full_name,high
player,2026-2027,161,Lavia,full_name,high
player,2026-2027,162,Andrey Santos,full_name,high
player,2026-2027,164,Quenda,full_name,high
player,2026-2027,165,João Pedro,full_name,high
player,2026-2027,166,N.Jackson,full_name,high
player,2026-2027,167,Delap,full_name,high
player,2026-2027,168,Marc Guiu,full_name,high
player,2026-2027,169,Mheuka,full_name,high
player,2026-2027,170,Emegha,full_name,high
player,2026-2027,171,Dovin,full_name,high
player,2026-2027,172,Wilson,full_name,high
player,2026-2027,173,Thomas,full_name,high
player,2026-2027,174,Kitching,full_name,high
player,2026-2027,175,van Ewijk,full_name,high
player,2026-2027,176,Dasilva,full_name,high
player,2026-2027,177,Kesler-Hayden,full_name,high
player,2026-2027,178,Bidwell,full_name,high
player,2026-2027,179,Latibeaudiere,full_name,high
player,2026-2027,180,Woolfenden,full_name,high
player,2026-2027,182,Amenda,full_name,high
player,2026-2027,183,Rudoni,full_name,high
player,2026-2027,184,Grimes,full_name,high
player,2026-2027,185,Sakamoto,full_name,high
player,2026-2027,186,Mason-Clark,full_name,high
player,2026-2027,187,Eccles,full_name,high
player,2026-2027,188,Torp,full_name,high
player,2026-2027,189,Shepherd,full_name,high
player,2026-2027,190,Tchaouna,full_name,high
player,2026-2027,193,Wright,full_name,high
player,2026-2027,194,Thomas-Asante,full_name,high
player,2026-2027,195,Simms,full_name,high
player,2026-2027,196,Markelo,full_name,high
player,2026-2027,198,Henderson,full_name,high
player,2026-2027,199,Benitez,full_name,high
player,2026-2027,200,Lacroix,full_name,high
player,2026-2027,202,Richards,full_name,high
player,2026-2027,203,Canvot,full_name,high
player,2026-2027,204,Mitchell,full_name,high
player,2026-2027,205,Sosa,full_name,high
player,2026-2027,206,Chadi Riad,full_name,high
player,2026-2027,207,Mingueza,full_name,high
player,2026-2027,208,Sarr,full_name,high
player,2026-2027,209,Johnson,full_name,high
player,2026-2027,210,Wharton,full_name,high
player,2026-2027,212,Hughes,full_name,high
player,2026-2027,214,Kamada,full_name,high
player,2026-2027,215,Devenny,full_name,high
player,2026-2027,216,Esse,full_name,high
player,2026-2027,218,Doucouré,full_name,high
player,2026-2027,219,J.Rak-Sakyi,full_name,high
player,2026-2027,220,Cardines,full_name,high
player,2026-2027,221,Drakes-Thomas,full_name,high
player,2026-2027,222,Strand Larsen,full_name,high
player,2026-2027,223,Mateta,full_name,high
player,2026-2027,224,Nketiah,full_name,high
player,2026-2027,226,Pickford,full_name,high
player,2026-2027,227,Travers,full_name,high
player,2026-2027,228,King,full_name,high
player,2026-2027,229,Tarkowski,full_name,high
player,2026-2027,230,Branthwaite,full_name,high
player,2026-2027,231,Keane,full_name,high
player,2026-2027,232,O'Brien,full_name,high
player,2026-2027,234,Patterson,full_name,high
player,2026-2027,235,Aznou,full_name,high
player,2026-2027,236,Dewsbury-Hall,full_name,high
player,2026-2027,237,Ndiaye,full_name,high
player,2026-2027,238,Grealish,full_name,high
player,2026-2027,239,Garner,full_name,high
player,2026-2027,240,Iroegbunam,full_name,high
player,2026-2027,241,McNeil,full_name,high
player,2026-2027,242,George,full_name,high
player,2026-2027,244,Armstrong,full_name,high
player,2026-2027,245,Dibling,full_name,high
player,2026-2027,246,Röhl,full_name,high
player,2026-2027,247,Hackney,full_name,high
player,2026-2027,248,Beto,full_name,high
player,2026-2027,249,Barry,full_name,high
player,2026-2027,250,Leno,full_name,high
player,2026-2027,251,Lecomte,full_name,high
player,2026-2027,253,Andersen,full_name,high
player,2026-2027,254,Robinson,full_name,high
player,2026-2027,256,Tete,full_name,high
player,2026-2027,257,Bassey,full_name,high
player,2026-2027,258,Castagne,full_name,high
player,2026-2027,260,Wilson,full_name,high
player,2026-2027,261,Iwobi,full_name,high
player,2026-2027,262,Smith Rowe,full_name,high
player,2026-2027,263,Kevin,full_name,high
player,2026-2027,264,Bobb,full_name,high
player,2026-2027,265,Berge,full_name,high
player,2026-2027,266,Cairney,full_name,high
player,2026-2027,267,Lukić,full_name,high
player,2026-2027,269,Sessegnon,full_name,high
player,2026-2027,270,Reed,full_name,high
player,2026-2027,272,Kusi-Asare,full_name,high
player,2026-2027,273,Phillips,full_name,high
player,2026-2027,274,Butland,full_name,high
player,2026-2027,275,Cartwright,full_name,high
player,2026-2027,276,Lo-Tutala,full_name,high
player,2026-2027,277,Egan,full_name,high
player,2026-2027,278,Hughes,full_name,high
player,2026-2027,279,Ajayi,full_name,high
player,2026-2027,280,Coyle,full_name,high
player,2026-2027,281,Drameh,full_name,high
player,2026-2027,282,Giles,full_name,high
player,2026-2027,283,Jacob,full_name,high
player,2026-2027,285,McNair,full_name,high
player,2026-2027,286,Belloumi,full_name,high
player,2026-2027,287,Millar,full_name,high
player,2026-2027,288,Dowell,full_name,high
player,2026-2027,289,Crooks,full_name,high
player,2026-2027,290,Slater,full_name,high
player,2026-2027,291,Matazo,full_name,high
player,2026-2027,292,Ömür,full_name,high
player,2026-2027,293,Kamara,full_name,high
player,2026-2027,294,Zambrano,full_name,high
player,2026-2027,295,McBurnie,full_name,high
player,2026-2027,296,Akintola,full_name,high
player,2026-2027,297,Gyabi,full_name,high
player,2026-2027,298,Destan,full_name,high
player,2026-2027,299,Burstow,full_name,high
player,2026-2027,325,Darlow,full_name,high
player,2026-2027,327,Bijol,full_name,high
player,2026-2027,328,Struijk,full_name,high
player,2026-2027,329,Rodon,full_name,high
player,2026-2027,330,Bogle,full_name,high
player,2026-2027,331,Gudmundsson,full_name,high
player,2026-2027,332,Justin,full_name,high
player,2026-2027,333,Bornauw,full_name,high
player,2026-2027,334,Muharemović,full_name,high
player,2026-2027,335,Stach,full_name,high
player,2026-2027,336,Okafor,full_name,high
player,2026-2027,337,Aaronson,full_name,high
player,2026-2027,338,Ampadu,full_name,high
player,2026-2027,339,Longstaff,full_name,high
player,2026-2027,340,Gelhardt,full_name,high
player,2026-2027,341,Gnonto,full_name,high
player,2026-2027,343,James,full_name,high
player,2026-2027,344,Gruev,full_name,high
player,2026-2027,346,Calvert-Lewin,full_name,high
player,2026-2027,347,Nmecha,full_name,high
player,2026-2027,348,Piroe,full_name,high
player,2026-2027,349,Mateo Joseph,full_name,high
player,2026-2027,351,Mamardashvili,full_name,high
player,2026-2027,352,Woodman,full_name,high
player,2026-2027,354,Jaros,full_name,high
player,2026-2027,355,Davies,full_name,high
player,2026-2027,356,Virgil,full_name,high
player,2026-2027,357,Frimpong,full_name,high
player,2026-2027,358,Kerkez,full_name,high
player,2026-2027,359,Gomez,full_name,high
player,2026-2027,360,Bradley,full_name,high
player,2026-2027,362,Jacquet,full_name,high
player,2026-2027,363,Leoni,full_name,high
player,2026-2027,364,Tsimikas,full_name,high
player,2026-2027,365,Ramsay,full_name,high
player,2026-2027,366,Wirtz,full_name,high
player,2026-2027,367,Gakpo,full_name,high
player,2026-2027,368,Szoboszlai,full_name,high
player,2026-2027,369,Ngumoha,full_name,high
player,2026-2027,370,Chiesa,full_name,high
player,2026-2027,371,Gravenberch,full_name,high
player,2026-2027,372,Mac Allister,full_name,high
player,2026-2027,373,C.Jones,full_name,high
player,2026-2027,375,Nyoni,full_name,high
player,2026-2027,377,Munoz,full_name,high
player,2026-2027,379,Isak,full_name,high
player,2026-2027,380,Ekitiké,full_name,high
player,2026-2027,383,Elliott,full_name,high
player,2026-2027,384,Donnarumma,full_name,high
player,2026-2027,385,Trafford,full_name,high
player,2026-2027,386,Bettinelli,full_name,high
player,2026-2027,387,O'Reilly,full_name,high
player,2026-2027,388,Guéhi,full_name,high
player,2026-2027,389,Matheus N.,full_name,high
player,2026-2027,391,Gvardiol,full_name,high
player,2026-2027,392,Aït-Nouri,full_name,high
player,2026-2027,393,Khusanov,full_name,high
player,2026-2027,394,Alleyne,full_name,high
player,2026-2027,395,Lewis,full_name,high
player,2026-2027,396,Vitor Reis,full_name,high
player,2026-2027,397,Semenyo,full_name,high
player,2026-2027,398,Foden,full_name,high
player,2026-2027,399,Cherki,full_name,high
player,2026-2027,400,Doku,full_name,high
player,2026-2027,401,Marmoush,full_name,high
player,2026-2027,403,Savinho,full_name,high
player,2026-2027,404,Reijnders,full_name,high
player,2026-2027,406,Kovačić,full_name,high
player,2026-2027,407,Echeverri,full_name,high
player,2026-2027,408,Phillips,full_name,high
player,2026-2027,410,Monga,full_name,high
player,2026-2027,411,Haaland,full_name,high
player,2026-2027,412,Lammens,full_name,high
player,2026-2027,413,Bayindir,full_name,high
player,2026-2027,414,Heaton,full_name,high
player,2026-2027,415,Dorgu,full_name,high
player,2026-2027,416,De Ligt,full_name,high
player,2026-2027,418,Maguire,full_name,high
player,2026-2027,419,Martinez,full_name,high
player,2026-2027,420,Yoro,full_name,high
player,2026-2027,421,Heaven,full_name,high
player,2026-2027,422,Mazraoui,full_name,high
player,2026-2027,423,Shaw,full_name,high
player,2026-2027,424,Amass,full_name,high
player,2026-2027,425,Fredricson,full_name,high
player,2026-2027,427,Mbeumo,full_name,high
player,2026-2027,429,Rashford,full_name,high
player,2026-2027,430,Mount,full_name,high
player,2026-2027,431,Amad,full_name,high
player,2026-2027,432,Mainoo,full_name,high
player,2026-2027,434,J.Fletcher,full_name,high
player,2026-2027,435,Lacey,full_name,high
player,2026-2027,436,Collyer,full_name,high
player,2026-2027,438,Fletcher,full_name,high
player,2026-2027,439,Šeško,full_name,high
player,2026-2027,440,Zirkzee,full_name,high
player,2026-2027,442,Pope,full_name,high
player,2026-2027,443,Gillespie,full_name,high
player,2026-2027,444,Jaouen,full_name,high
player,2026-2027,445,Thiaw,full_name,high
player,2026-2027,446,Schär,full_name,high
player,2026-2027,447,Botman,full_name,high
player,2026-2027,448,Burn,full_name,high
player,2026-2027,449,Hall,full_name,high
player,2026-2027,450,Livramento,full_name,high
player,2026-2027,451,A.Murphy,full_name,high
player,2026-2027,453,Barnes,full_name,high
player,2026-2027,454,Elanga,full_name,high
player,2026-2027,456,J.Ramsey,full_name,high
player,2026-2027,457,J.Murphy,full_name,high
player,2026-2027,458,Joelinton,full_name,high
player,2026-2027,459,L.Miley,full_name,high
player,2026-2027,460,Willock,full_name,high
player,2026-2027,461,Touré,full_name,high
player,2026-2027,462,Steur,full_name,high
player,2026-2027,463,Woltemade,full_name,high
player,2026-2027,464,Wissa,full_name,high
player,2026-2027,465,Osula,full_name,high
player,2026-2027,466,Neave,full_name,high
player,2026-2027,467,Sels,full_name,high
player,2026-2027,469,N.Williams,full_name,high
player,2026-2027,470,Morato,full_name,high
player,2026-2027,471,Milenković,full_name,high
player,2026-2027,472,Murillo,full_name,high
player,2026-2027,473,Aina,full_name,high
player,2026-2027,475,Savona,full_name,high
player,2026-2027,476,O.Richards,full_name,high
player,2026-2027,477,Abbott,full_name,high
player,2026-2027,478,Netz,full_name,high
player,2026-2027,479,Bindon,full_name,high
player,2026-2027,480,Gibbs-White,full_name,high
player,2026-2027,481,Anderson,full_name,high
player,2026-2027,482,Hudson-Odoi,full_name,high
player,2026-2027,483,Ndoye,full_name,high
player,2026-2027,484,Hutchinson,full_name,high
player,2026-2027,485,Bakwa,full_name,high
player,2026-2027,486,McAtee,full_name,high
player,2026-2027,487,Dominguez,full_name,high
player,2026-2027,488,Sangaré,full_name,high
player,2026-2027,489,Yates,full_name,high
player,2026-2027,490,Wood,full_name,high
player,2026-2027,491,Igor Jesus,full_name,high
player,2026-2027,492,Awoniyi,full_name,high
player,2026-2027,493,Kalimuendo,full_name,high
player,2026-2027,504,Vuskovic,full_name,high
player,2026-2027,529,Roefs,full_name,high
player,2026-2027,530,Patterson,full_name,high
player,2026-2027,531,Ellborg,full_name,high
player,2026-2027,532,Ballard,full_name,high
player,2026-2027,533,Mukiele,full_name,high
player,2026-2027,534,Hume,full_name,high
player,2026-2027,535,Alderete,full_name,high
player,2026-2027,536,Reinildo,full_name,high
player,2026-2027,537,Seelt,full_name,high
player,2026-2027,538,Hjelde,full_name,high
player,2026-2027,539,O'Nien,full_name,high
player,2026-2027,540,Masuaku,full_name,high
player,2026-2027,541,Meunier,full_name,high
player,2026-2027,542,E.Le Fée,full_name,high
player,2026-2027,543,Diarra,full_name,high
player,2026-2027,544,Xhaka,full_name,high
player,2026-2027,545,Sadiki,full_name,high
player,2026-2027,546,Adingra,full_name,high
player,2026-2027,547,Mundle,full_name,high
player,2026-2027,548,Rigg,full_name,high
player,2026-2027,549,Talbi,full_name,high
player,2026-2027,551,Angulo,full_name,high
player,2026-2027,552,Brobbey,full_name,high
player,2026-2027,553,Isidor,full_name,high
player,2026-2027,555,Matthews,full_name,high
player,2026-2027,557,Tzolis,full_name,high
player,2026-2027,558,Schlager,full_name,high
