match_id,minute,value
26-27-friendly-auckland-fc-vs-tottenham-hotspur-2026-07-26,1,-8
26-27-friendly-auckland-fc-vs-tottenham-hotspur-2026-07-26,2,27
26-27-friendly-auckland-fc-vs-tottenham-hotspur-2026-07-26,3,5
26-27-friendly-auckland-fc-vs-tottenham-hotspur-2026-07-26,4,-34
26-27-friendly-auckland-fc-vs-tottenham-hotspur-2026-07-26,5,-18
26-27-friendly-auckland-fc-vs-tottenham-hotspur-2026-07-26,6,34
26-27-friendly-auckland-fc-vs-tottenham-hotspur-2026-07-26,7,7
26-27-friendly-auckland-fc-vs-tottenham-hotspur-2026-07-26,8,-10
26-27-friendly-auckland-fc-vs-tottenham-hotspur-2026-07-26,9,-5
26-27-friendly-auckland-fc-vs-tottenham-hotspur-2026-07-26,10,-27
26-27-friendly-auckland-fc-vs-tottenham-hotspur-2026-07-26,11,-20
26-27-friendly-auckland-fc-vs-tottenham-hotspur-2026-07-26,12,-87
26-27-friendly-auckland-fc-vs-tottenham-hotspur-2026-07-26,13,-52
26-27-friendly-auckland-fc-vs-tottenham-hotspur-2026-07-26,14,-31
26-27-friendly-auckland-fc-vs-tottenham-hotspur-2026-07-26,15,-26
26-27-friendly-auckland-fc-vs-tottenham-hotspur-2026-07-26,16,-23
26-27-friendly-auckland-fc-vs-tottenham-hotspur-2026-07-26,17,36
26-27-friendly-auckland-fc-vs-tottenham-hotspur-2026-07-26,18,18
26-27-friendly-auckland-fc-vs-tottenham-hotspur-2026-07-26,19,-27
26-27-friendly-auckland-fc-vs-tottenham-hotspur-2026-07-26,20,-19
26-27-friendly-auckland-fc-vs-tottenham-hotspur-2026-07-26,21,-24
26-27-friendly-auckland-fc-vs-tottenham-hotspur-2026-07-26,22,-30
26-27-friendly-auckland-fc-vs-tottenham-hotspur-2026-07-26,23,-27
26-27-friendly-auckland-fc-vs-tottenham-hotspur-2026-07-26,24,-41
26-27-friendly-auckland-fc-vs-tottenham-hotspur-2026-07-26,25,-26
26-27-friendly-auckland-fc-vs-tottenham-hotspur-2026-07-26,26,-28
26-27-friendly-auckland-fc-vs-tottenham-hotspur-2026-07-26,27,-35
26-27-friendly-auckland-fc-vs-tottenham-hotspur-2026-07-26,28,-29
26-27-friendly-auckland-fc-vs-tottenham-hotspur-2026-07-26,29,-20
26-27-friendly-auckland-fc-vs-tottenham-hotspur-2026-07-26,30,-18
26-27-friendly-auckland-fc-vs-tottenham-hotspur-2026-07-26,31,-42
26-27-friendly-auckland-fc-vs-tottenham-hotspur-2026-07-26,32,-61
26-27-friendly-auckland-fc-vs-tottenham-hotspur-2026-07-26,33,-42
26-27-friendly-auckland-fc-vs-tottenham-hotspur-2026-07-26,34,-40
26-27-friendly-auckland-fc-vs-tottenham-hotspur-2026-07-26,35,-56
26-27-friendly-auckland-fc-vs-tottenham-hotspur-2026-07-26,36,-37
26-27-friendly-auckland-fc-vs-tottenham-hotspur-2026-07-26,37,-77
26-27-friendly-auckland-fc-vs-tottenham-hotspur-2026-07-26,38,-95
26-27-friendly-auckland-fc-vs-tottenham-hotspur-2026-07-26,39,-87
26-27-friendly-auckland-fc-vs-tottenham-hotspur-2026-07-26,40,-37
26-27-friendly-auckland-fc-vs-tottenham-hotspur-2026-07-26,41,36
26-27-friendly-auckland-fc-vs-tottenham-hotspur-2026-07-26,42,36
26-27-friendly-auckland-fc-vs-tottenham-hotspur-2026-07-26,43,23
26-27-friendly-auckland-fc-vs-tottenham-hotspur-2026-07-26,44,86
26-27-friendly-auckland-fc-vs-tottenham-hotspur-2026-07-26,45,-75
26-27-friendly-auckland-fc-vs-tottenham-hotspur-2026-07-26,46,3
26-27-friendly-auckland-fc-vs-tottenham-hotspur-2026-07-26,47,3
26-27-friendly-auckland-fc-vs-tottenham-hotspur-2026-07-26,48,20
26-27-friendly-auckland-fc-vs-tottenham-hotspur-2026-07-26,49,50
26-27-friendly-auckland-fc-vs-tottenham-hotspur-2026-07-26,50,28
26-27-friendly-auckland-fc-vs-tottenham-hotspur-2026-07-26,51,13
26-27-friendly-auckland-fc-vs-tottenham-hotspur-2026-07-26,52,14
26-27-friendly-auckland-fc-vs-tottenham-hotspur-2026-07-26,53,9
26-27-friendly-auckland-fc-vs-tottenham-hotspur-2026-07-26,54,-11
26-27-friendly-auckland-fc-vs-tottenham-hotspur-2026-07-26,55,-7
26-27-friendly-auckland-fc-vs-tottenham-hotspur-2026-07-26,56,-29
26-27-friendly-auckland-fc-vs-tottenham-hotspur-2026-07-26,57,-17
26-27-friendly-auckland-fc-vs-tottenham-hotspur-2026-07-26,58,-30
26-27-friendly-auckland-fc-vs-tottenham-hotspur-2026-07-26,59,-16
26-27-friendly-auckland-fc-vs-tottenham-hotspur-2026-07-26,60,-100
26-27-friendly-auckland-fc-vs-tottenham-hotspur-2026-07-26,61,-72
26-27-friendly-auckland-fc-vs-tottenham-hotspur-2026-07-26,62,-52
26-27-friendly-auckland-fc-vs-tottenham-hotspur-2026-07-26,63,-34
26-27-friendly-auckland-fc-vs-tottenham-hotspur-2026-07-26,64,-25
26-27-friendly-auckland-fc-vs-tottenham-hotspur-2026-07-26,65,-19
26-27-friendly-auckland-fc-vs-tottenham-hotspur-2026-07-26,66,-47
26-27-friendly-auckland-fc-vs-tottenham-hotspur-2026-07-26,67,-45
26-27-friendly-auckland-fc-vs-tottenham-hotspur-2026-07-26,68,-31
26-27-friendly-auckland-fc-vs-tottenham-hotspur-2026-07-26,69,-23
26-27-friendly-auckland-fc-vs-tottenham-hotspur-2026-07-26,70,-54
26-27-friendly-auckland-fc-vs-tottenham-hotspur-2026-07-26,71,-24
26-27-friendly-auckland-fc-vs-tottenham-hotspur-2026-07-26,72,-9
26-27-friendly-auckland-fc-vs-tottenham-hotspur-2026-07-26,73,-33
26-27-friendly-auckland-fc-vs-tottenham-hotspur-2026-07-26,74,-37
26-27-friendly-auckland-fc-vs-tottenham-hotspur-2026-07-26,75,-14
26-27-friendly-auckland-fc-vs-tottenham-hotspur-2026-07-26,76,-23
26-27-friendly-auckland-fc-vs-tottenham-hotspur-2026-07-26,77,-43
26-27-friendly-auckland-fc-vs-tottenham-hotspur-2026-07-26,78,-37
26-27-friendly-auckland-fc-vs-tottenham-hotspur-2026-07-26,79,-22
26-27-friendly-auckland-fc-vs-tottenham-hotspur-2026-07-26,80,-19
26-27-friendly-auckland-fc-vs-tottenham-hotspur-2026-07-26,81,-65
26-27-friendly-auckland-fc-vs-tottenham-hotspur-2026-07-26,82,-58
26-27-friendly-auckland-fc-vs-tottenham-hotspur-2026-07-26,83,-43
26-27-friendly-auckland-fc-vs-tottenham-hotspur-2026-07-26,84,-32
26-27-friendly-auckland-fc-vs-tottenham-hotspur-2026-07-26,85,-48
26-27-friendly-auckland-fc-vs-tottenham-hotspur-2026-07-26,86,-40
26-27-friendly-auckland-fc-vs-tottenham-hotspur-2026-07-26,87,-29
26-27-friendly-auckland-fc-vs-tottenham-hotspur-2026-07-26,88,-22
26-27-friendly-auckland-fc-vs-tottenham-hotspur-2026-07-26,89,-33
26-27-friendly-auckland-fc-vs-tottenham-hotspur-2026-07-26,90,-29
26-27-friendly-bromley-vs-crystal-palace-2026-07-25,1,-1
26-27-friendly-bromley-vs-crystal-palace-2026-07-25,2,21
26-27-friendly-bromley-vs-crystal-palace-2026-07-25,3,44
26-27-friendly-bromley-vs-crystal-palace-2026-07-25,4,16
26-27-friendly-bromley-vs-crystal-palace-2026-07-25,5,-78
26-27-friendly-bromley-vs-crystal-palace-2026-07-25,6,-56
26-27-friendly-bromley-vs-crystal-palace-2026-07-25,7,-38
26-27-friendly-bromley-vs-crystal-palace-2026-07-25,8,-28
26-27-friendly-bromley-vs-crystal-palace-2026-07-25,9,21
26-27-friendly-bromley-vs-crystal-palace-2026-07-25,10,23
26-27-friendly-bromley-vs-crystal-palace-2026-07-25,11,4
26-27-friendly-bromley-vs-crystal-palace-2026-07-25,12,-23
26-27-friendly-bromley-vs-crystal-palace-2026-07-25,13,-13
26-27-friendly-bromley-vs-crystal-palace-2026-07-25,14,-53
26-27-friendly-bromley-vs-crystal-palace-2026-07-25,15,-56
26-27-friendly-bromley-vs-crystal-palace-2026-07-25,16,-36
26-27-friendly-bromley-vs-crystal-palace-2026-07-25,17,-24
26-27-friendly-bromley-vs-crystal-palace-2026-07-25,18,16
26-27-friendly-bromley-vs-crystal-palace-2026-07-25,19,5
26-27-friendly-bromley-vs-crystal-palace-2026-07-25,20,2
26-27-friendly-bromley-vs-crystal-palace-2026-07-25,21,-4
26-27-friendly-bromley-vs-crystal-palace-2026-07-25,22,12
26-27-friendly-bromley-vs-crystal-palace-2026-07-25,23,4
26-27-friendly-bromley-vs-crystal-palace-2026-07-25,24,4
26-27-friendly-bromley-vs-crystal-palace-2026-07-25,25,40
26-27-friendly-bromley-vs-crystal-palace-2026-07-25,26,22
26-27-friendly-bromley-vs-crystal-palace-2026-07-25,27,8
26-27-friendly-bromley-vs-crystal-palace-2026-07-25,28,10
26-27-friendly-bromley-vs-crystal-palace-2026-07-25,29,-11
26-27-friendly-bromley-vs-crystal-palace-2026-07-25,30,-56
26-27-friendly-bromley-vs-crystal-palace-2026-07-25,31,-35
26-27-friendly-bromley-vs-crystal-palace-2026-07-25,32,-2
26-27-friendly-bromley-vs-crystal-palace-2026-07-25,33,-69
26-27-friendly-bromley-vs-crystal-palace-2026-07-25,34,-1
26-27-friendly-bromley-vs-crystal-palace-2026-07-25,35,25
26-27-friendly-bromley-vs-crystal-palace-2026-07-25,36,13
26-27-friendly-bromley-vs-crystal-palace-2026-07-25,37,-69
26-27-friendly-bromley-vs-crystal-palace-2026-07-25,38,-41
26-27-friendly-bromley-vs-crystal-palace-2026-07-25,39,-55
26-27-friendly-bromley-vs-crystal-palace-2026-07-25,40,-38
26-27-friendly-bromley-vs-crystal-palace-2026-07-25,41,-27
26-27-friendly-bromley-vs-crystal-palace-2026-07-25,42,20
26-27-friendly-bromley-vs-crystal-palace-2026-07-25,43,-10
26-27-friendly-bromley-vs-crystal-palace-2026-07-25,44,-4
26-27-friendly-bromley-vs-crystal-palace-2026-07-25,45,-23
26-27-friendly-bromley-vs-crystal-palace-2026-07-25,45.5,0
26-27-friendly-bromley-vs-crystal-palace-2026-07-25,46,-4
26-27-friendly-bromley-vs-crystal-palace-2026-07-25,47,-9
26-27-friendly-bromley-vs-crystal-palace-2026-07-25,48,-17
26-27-friendly-bromley-vs-crystal-palace-2026-07-25,49,-38
26-27-friendly-bromley-vs-crystal-palace-2026-07-25,50,-21
26-27-friendly-bromley-vs-crystal-palace-2026-07-25,51,48
26-27-friendly-bromley-vs-crystal-palace-2026-07-25,52,13
26-27-friendly-bromley-vs-crystal-palace-2026-07-25,53,14
26-27-friendly-bromley-vs-crystal-palace-2026-07-25,54,-13
26-27-friendly-bromley-vs-crystal-palace-2026-07-25,55,-10
26-27-friendly-bromley-vs-crystal-palace-2026-07-25,56,-48
26-27-friendly-bromley-vs-crystal-palace-2026-07-25,57,-26
26-27-friendly-bromley-vs-crystal-palace-2026-07-25,58,-15
26-27-friendly-bromley-vs-crystal-palace-2026-07-25,59,-7
26-27-friendly-bromley-vs-crystal-palace-2026-07-25,60,-2
26-27-friendly-bromley-vs-crystal-palace-2026-07-25,61,18
26-27-friendly-bromley-vs-crystal-palace-2026-07-25,62,-65
26-27-friendly-bromley-vs-crystal-palace-2026-07-25,63,-24
26-27-friendly-bromley-vs-crystal-palace-2026-07-25,64,16
26-27-friendly-bromley-vs-crystal-palace-2026-07-25,65,-6
26-27-friendly-bromley-vs-crystal-palace-2026-07-25,66,6
26-27-friendly-bromley-vs-crystal-palace-2026-07-25,67,-16
26-27-friendly-bromley-vs-crystal-palace-2026-07-25,68,-84
26-27-friendly-bromley-vs-crystal-palace-2026-07-25,69,-52
26-27-friendly-bromley-vs-crystal-palace-2026-07-25,70,-49
26-27-friendly-bromley-vs-crystal-palace-2026-07-25,71,-31
26-27-friendly-bromley-vs-crystal-palace-2026-07-25,72,-15
26-27-friendly-bromley-vs-crystal-palace-2026-07-25,73,-5
26-27-friendly-bromley-vs-crystal-palace-2026-07-25,74,24
26-27-friendly-bromley-vs-crystal-palace-2026-07-25,75,31
26-27-friendly-bromley-vs-crystal-palace-2026-07-25,76,10
26-27-friendly-bromley-vs-crystal-palace-2026-07-25,77,-12
26-27-friendly-bromley-vs-crystal-palace-2026-07-25,78,-10
26-27-friendly-bromley-vs-crystal-palace-2026-07-25,79,16
26-27-friendly-bromley-vs-crystal-palace-2026-07-25,80,-7
26-27-friendly-bromley-vs-crystal-palace-2026-07-25,81,-27
26-27-friendly-bromley-vs-crystal-palace-2026-07-25,82,-50
26-27-friendly-bromley-vs-crystal-palace-2026-07-25,83,-37
26-27-friendly-bromley-vs-crystal-palace-2026-07-25,84,-38
26-27-friendly-bromley-vs-crystal-palace-2026-07-25,85,-75
26-27-friendly-bromley-vs-crystal-palace-2026-07-25,86,-58
26-27-friendly-bromley-vs-crystal-palace-2026-07-25,87,-2
26-27-friendly-bromley-vs-crystal-palace-2026-07-25,88,-9
26-27-friendly-bromley-vs-crystal-palace-2026-07-25,89,-13
26-27-friendly-bromley-vs-crystal-palace-2026-07-25,90,-12
26-27-friendly-bromley-vs-crystal-palace-2026-07-25,90.5,-35
26-27-friendly-crystal-palace-vs-swindon-town-2026-07-18,1,-9
26-27-friendly-crystal-palace-vs-swindon-town-2026-07-18,2,-5
26-27-friendly-crystal-palace-vs-swindon-town-2026-07-18,3,-5
26-27-friendly-crystal-palace-vs-swindon-town-2026-07-18,4,8
26-27-friendly-crystal-palace-vs-swindon-town-2026-07-18,5,2
26-27-friendly-crystal-palace-vs-swindon-town-2026-07-18,6,-3
26-27-friendly-crystal-palace-vs-swindon-town-2026-07-18,7,8
26-27-friendly-crystal-palace-vs-swindon-town-2026-07-18,8,-17
26-27-friendly-crystal-palace-vs-swindon-town-2026-07-18,9,-5
26-27-friendly-crystal-palace-vs-swindon-town-2026-07-18,10,50
26-27-friendly-crystal-palace-vs-swindon-town-2026-07-18,11,59
26-27-friendly-crystal-palace-vs-swindon-town-2026-07-18,12,23
26-27-friendly-crystal-palace-vs-swindon-town-2026-07-18,13,18
26-27-friendly-crystal-palace-vs-swindon-town-2026-07-18,14,50
26-27-friendly-crystal-palace-vs-swindon-town-2026-07-18,15,-29
26-27-friendly-crystal-palace-vs-swindon-town-2026-07-18,16,7
26-27-friendly-crystal-palace-vs-swindon-town-2026-07-18,17,55
26-27-friendly-crystal-palace-vs-swindon-town-2026-07-18,18,52
26-27-friendly-crystal-palace-vs-swindon-town-2026-07-18,19,45
26-27-friendly-crystal-palace-vs-swindon-town-2026-07-18,20,25
26-27-friendly-crystal-palace-vs-swindon-town-2026-07-18,21,52
26-27-friendly-crystal-palace-vs-swindon-town-2026-07-18,22,52
26-27-friendly-crystal-palace-vs-swindon-town-2026-07-18,23,28
26-27-friendly-crystal-palace-vs-swindon-town-2026-07-18,24,10
26-27-friendly-crystal-palace-vs-swindon-town-2026-07-18,25,-11
26-27-friendly-crystal-palace-vs-swindon-town-2026-07-18,26,-4
26-27-friendly-crystal-palace-vs-swindon-town-2026-07-18,27,-46
26-27-friendly-crystal-palace-vs-swindon-town-2026-07-18,28,-96
26-27-friendly-crystal-palace-vs-swindon-town-2026-07-18,29,-51
26-27-friendly-crystal-palace-vs-swindon-town-2026-07-18,30,-52
26-27-friendly-crystal-palace-vs-swindon-town-2026-07-18,31,-62
26-27-friendly-crystal-palace-vs-swindon-town-2026-07-18,32,-41
26-27-friendly-crystal-palace-vs-swindon-town-2026-07-18,33,-8
26-27-friendly-crystal-palace-vs-swindon-town-2026-07-18,34,-33
26-27-friendly-crystal-palace-vs-swindon-town-2026-07-18,35,-17
26-27-friendly-crystal-palace-vs-swindon-town-2026-07-18,36,-8
26-27-friendly-crystal-palace-vs-swindon-town-2026-07-18,37,-16
26-27-friendly-crystal-palace-vs-swindon-town-2026-07-18,38,-10
26-27-friendly-crystal-palace-vs-swindon-town-2026-07-18,39,-4
26-27-friendly-crystal-palace-vs-swindon-town-2026-07-18,40,-33
26-27-friendly-crystal-palace-vs-swindon-town-2026-07-18,41,-22
26-27-friendly-crystal-palace-vs-swindon-town-2026-07-18,42,-47
26-27-friendly-crystal-palace-vs-swindon-town-2026-07-18,43,-51
26-27-friendly-crystal-palace-vs-swindon-town-2026-07-18,44,-45
26-27-friendly-crystal-palace-vs-swindon-town-2026-07-18,45,27
26-27-friendly-crystal-palace-vs-swindon-town-2026-07-18,46,-1
26-27-friendly-crystal-palace-vs-swindon-town-2026-07-18,47,-1
26-27-friendly-crystal-palace-vs-swindon-town-2026-07-18,48,-1
26-27-friendly-crystal-palace-vs-swindon-town-2026-07-18,49,-1
26-27-friendly-crystal-palace-vs-swindon-town-2026-07-18,50,-11
26-27-friendly-crystal-palace-vs-swindon-town-2026-07-18,51,-30
26-27-friendly-crystal-palace-vs-swindon-town-2026-07-18,52,-4
26-27-friendly-crystal-palace-vs-swindon-town-2026-07-18,53,32
26-27-friendly-crystal-palace-vs-swindon-town-2026-07-18,54,25
26-27-friendly-crystal-palace-vs-swindon-town-2026-07-18,55,14
26-27-friendly-crystal-palace-vs-swindon-town-2026-07-18,56,32
26-27-friendly-crystal-palace-vs-swindon-town-2026-07-18,57,23
26-27-friendly-crystal-palace-vs-swindon-town-2026-07-18,58,16
26-27-friendly-crystal-palace-vs-swindon-town-2026-07-18,59,82
26-27-friendly-crystal-palace-vs-swindon-town-2026-07-18,60,45
26-27-friendly-crystal-palace-vs-swindon-town-2026-07-18,61,29
26-27-friendly-crystal-palace-vs-swindon-town-2026-07-18,62,20
26-27-friendly-crystal-palace-vs-swindon-town-2026-07-18,63,18
26-27-friendly-crystal-palace-vs-swindon-town-2026-07-18,64,21
26-27-friendly-crystal-palace-vs-swindon-town-2026-07-18,65,12
26-27-friendly-crystal-palace-vs-swindon-town-2026-07-18,66,6
26-27-friendly-crystal-palace-vs-swindon-town-2026-07-18,67,5
26-27-friendly-crystal-palace-vs-swindon-town-2026-07-18,68,6
26-27-friendly-crystal-palace-vs-swindon-town-2026-07-18,69,14
26-27-friendly-crystal-palace-vs-swindon-town-2026-07-18,70,15
26-27-friendly-crystal-palace-vs-swindon-town-2026-07-18,71,37
26-27-friendly-crystal-palace-vs-swindon-town-2026-07-18,72,28
26-27-friendly-crystal-palace-vs-swindon-town-2026-07-18,73,31
26-27-friendly-crystal-palace-vs-swindon-town-2026-07-18,74,36
26-27-friendly-crystal-palace-vs-swindon-town-2026-07-18,75,27
26-27-friendly-crystal-palace-vs-swindon-town-2026-07-18,76,15
26-27-friendly-crystal-palace-vs-swindon-town-2026-07-18,77,10
26-27-friendly-crystal-palace-vs-swindon-town-2026-07-18,78,6
26-27-friendly-crystal-palace-vs-swindon-town-2026-07-18,79,3
26-27-friendly-crystal-palace-vs-swindon-town-2026-07-18,80,18
26-27-friendly-crystal-palace-vs-swindon-town-2026-07-18,81,15
26-27-friendly-crystal-palace-vs-swindon-town-2026-07-18,82,52
26-27-friendly-crystal-palace-vs-swindon-town-2026-07-18,83,32
26-27-friendly-crystal-palace-vs-swindon-town-2026-07-18,84,26
26-27-friendly-crystal-palace-vs-swindon-town-2026-07-18,85,16
26-27-friendly-crystal-palace-vs-swindon-town-2026-07-18,86,-12
26-27-friendly-crystal-palace-vs-swindon-town-2026-07-18,87,-7
26-27-friendly-crystal-palace-vs-swindon-town-2026-07-18,88,-7
26-27-friendly-crystal-palace-vs-swindon-town-2026-07-18,89,-7
26-27-friendly-crystal-palace-vs-swindon-town-2026-07-18,90,-6
26-27-friendly-gateshead-fc-vs-newcastle-united-2026-07-25,1,-8
26-27-friendly-gateshead-fc-vs-newcastle-united-2026-07-25,2,-12
26-27-friendly-gateshead-fc-vs-newcastle-united-2026-07-25,3,-38
26-27-friendly-gateshead-fc-vs-newcastle-united-2026-07-25,4,-62
26-27-friendly-gateshead-fc-vs-newcastle-united-2026-07-25,5,-42
26-27-friendly-gateshead-fc-vs-newcastle-united-2026-07-25,6,-37
26-27-friendly-gateshead-fc-vs-newcastle-united-2026-07-25,7,-27
26-27-friendly-gateshead-fc-vs-newcastle-united-2026-07-25,8,-25
26-27-friendly-gateshead-fc-vs-newcastle-united-2026-07-25,9,-27
26-27-friendly-gateshead-fc-vs-newcastle-united-2026-07-25,10,-27
26-27-friendly-gateshead-fc-vs-newcastle-united-2026-07-25,11,-24
26-27-friendly-gateshead-fc-vs-newcastle-united-2026-07-25,12,-20
26-27-friendly-gateshead-fc-vs-newcastle-united-2026-07-25,13,-3
26-27-friendly-gateshead-fc-vs-newcastle-united-2026-07-25,14,7
26-27-friendly-gateshead-fc-vs-newcastle-united-2026-07-25,15,16
26-27-friendly-gateshead-fc-vs-newcastle-united-2026-07-25,16,1
26-27-friendly-gateshead-fc-vs-newcastle-united-2026-07-25,17,-21
26-27-friendly-gateshead-fc-vs-newcastle-united-2026-07-25,18,-19
26-27-friendly-gateshead-fc-vs-newcastle-united-2026-07-25,19,-21
26-27-friendly-gateshead-fc-vs-newcastle-united-2026-07-25,20,-22
26-27-friendly-gateshead-fc-vs-newcastle-united-2026-07-25,21,-43
26-27-friendly-gateshead-fc-vs-newcastle-united-2026-07-25,22,-58
26-27-friendly-gateshead-fc-vs-newcastle-united-2026-07-25,23,-44
26-27-friendly-gateshead-fc-vs-newcastle-united-2026-07-25,24,-87
26-27-friendly-gateshead-fc-vs-newcastle-united-2026-07-25,25,-70
26-27-friendly-gateshead-fc-vs-newcastle-united-2026-07-25,26,-83
26-27-friendly-gateshead-fc-vs-newcastle-united-2026-07-25,27,-33
26-27-friendly-gateshead-fc-vs-newcastle-united-2026-07-25,28,-19
26-27-friendly-gateshead-fc-vs-newcastle-united-2026-07-25,29,-16
26-27-friendly-gateshead-fc-vs-newcastle-united-2026-07-25,30,-4
26-27-friendly-gateshead-fc-vs-newcastle-united-2026-07-25,31,-12
26-27-friendly-gateshead-fc-vs-newcastle-united-2026-07-25,32,-30
26-27-friendly-gateshead-fc-vs-newcastle-united-2026-07-25,33,-100
26-27-friendly-gateshead-fc-vs-newcastle-united-2026-07-25,34,-63
26-27-friendly-gateshead-fc-vs-newcastle-united-2026-07-25,35,-30
26-27-friendly-gateshead-fc-vs-newcastle-united-2026-07-25,36,-18
26-27-friendly-gateshead-fc-vs-newcastle-united-2026-07-25,37,-9
26-27-friendly-gateshead-fc-vs-newcastle-united-2026-07-25,38,30
26-27-friendly-gateshead-fc-vs-newcastle-united-2026-07-25,39,24
26-27-friendly-gateshead-fc-vs-newcastle-united-2026-07-25,40,6
26-27-friendly-gateshead-fc-vs-newcastle-united-2026-07-25,41,-21
26-27-friendly-gateshead-fc-vs-newcastle-united-2026-07-25,42,-23
26-27-friendly-gateshead-fc-vs-newcastle-united-2026-07-25,43,-27
26-27-friendly-gateshead-fc-vs-newcastle-united-2026-07-25,44,-45
26-27-friendly-gateshead-fc-vs-newcastle-united-2026-07-25,45,-39
26-27-friendly-gateshead-fc-vs-newcastle-united-2026-07-25,46,5
26-27-friendly-gateshead-fc-vs-newcastle-united-2026-07-25,47,48
26-27-friendly-gateshead-fc-vs-newcastle-united-2026-07-25,48,23
26-27-friendly-gateshead-fc-vs-newcastle-united-2026-07-25,49,-26
26-27-friendly-gateshead-fc-vs-newcastle-united-2026-07-25,50,8
26-27-friendly-gateshead-fc-vs-newcastle-united-2026-07-25,51,12
26-27-friendly-gateshead-fc-vs-newcastle-united-2026-07-25,52,-7
26-27-friendly-gateshead-fc-vs-newcastle-united-2026-07-25,53,-9
26-27-friendly-gateshead-fc-vs-newcastle-united-2026-07-25,54,-10
26-27-friendly-gateshead-fc-vs-newcastle-united-2026-07-25,55,-13
26-27-friendly-gateshead-fc-vs-newcastle-united-2026-07-25,56,-29
26-27-friendly-gateshead-fc-vs-newcastle-united-2026-07-25,57,-4
26-27-friendly-gateshead-fc-vs-newcastle-united-2026-07-25,58,-13
26-27-friendly-gateshead-fc-vs-newcastle-united-2026-07-25,59,-59
26-27-friendly-gateshead-fc-vs-newcastle-united-2026-07-25,60,-42
26-27-friendly-gateshead-fc-vs-newcastle-united-2026-07-25,61,-32
26-27-friendly-gateshead-fc-vs-newcastle-united-2026-07-25,62,-31
26-27-friendly-gateshead-fc-vs-newcastle-united-2026-07-25,63,-24
26-27-friendly-gateshead-fc-vs-newcastle-united-2026-07-25,64,-29
26-27-friendly-gateshead-fc-vs-newcastle-united-2026-07-25,65,-26
26-27-friendly-gateshead-fc-vs-newcastle-united-2026-07-25,66,-41
26-27-friendly-gateshead-fc-vs-newcastle-united-2026-07-25,67,-30
26-27-friendly-gateshead-fc-vs-newcastle-united-2026-07-25,68,-22
26-27-friendly-gateshead-fc-vs-newcastle-united-2026-07-25,69,-26
26-27-friendly-gateshead-fc-vs-newcastle-united-2026-07-25,70,-26
26-27-friendly-gateshead-fc-vs-newcastle-united-2026-07-25,71,-22
26-27-friendly-gateshead-fc-vs-newcastle-united-2026-07-25,72,-73
26-27-friendly-gateshead-fc-vs-newcastle-united-2026-07-25,73,-50
26-27-friendly-gateshead-fc-vs-newcastle-united-2026-07-25,74,-39
26-27-friendly-gateshead-fc-vs-newcastle-united-2026-07-25,75,-29
26-27-friendly-gateshead-fc-vs-newcastle-united-2026-07-25,76,-79
26-27-friendly-gateshead-fc-vs-newcastle-united-2026-07-25,77,-47
26-27-friendly-gateshead-fc-vs-newcastle-united-2026-07-25,78,-30
26-27-friendly-gateshead-fc-vs-newcastle-united-2026-07-25,79,-27
26-27-friendly-gateshead-fc-vs-newcastle-united-2026-07-25,80,-18
26-27-friendly-gateshead-fc-vs-newcastle-united-2026-07-25,81,-6
26-27-friendly-gateshead-fc-vs-newcastle-united-2026-07-25,82,-49
26-27-friendly-gateshead-fc-vs-newcastle-united-2026-07-25,83,-45
26-27-friendly-gateshead-fc-vs-newcastle-united-2026-07-25,84,-36
26-27-friendly-gateshead-fc-vs-newcastle-united-2026-07-25,85,-38
26-27-friendly-gateshead-fc-vs-newcastle-united-2026-07-25,86,-27
26-27-friendly-gateshead-fc-vs-newcastle-united-2026-07-25,87,-20
26-27-friendly-gateshead-fc-vs-newcastle-united-2026-07-25,88,-30
26-27-friendly-gateshead-fc-vs-newcastle-united-2026-07-25,89,-24
26-27-friendly-gateshead-fc-vs-newcastle-united-2026-07-25,90,-21
26-27-friendly-liverpool-vs-sunderland-2026-07-25,1,1
26-27-friendly-liverpool-vs-sunderland-2026-07-25,2,1
26-27-friendly-liverpool-vs-sunderland-2026-07-25,3,1
26-27-friendly-liverpool-vs-sunderland-2026-07-25,4,-38
26-27-friendly-liverpool-vs-sunderland-2026-07-25,5,-10
26-27-friendly-liverpool-vs-sunderland-2026-07-25,6,-4
26-27-friendly-liverpool-vs-sunderland-2026-07-25,7,-6
26-27-friendly-liverpool-vs-sunderland-2026-07-25,8,-12
26-27-friendly-liverpool-vs-sunderland-2026-07-25,9,-9
26-27-friendly-liverpool-vs-sunderland-2026-07-25,10,-11
26-27-friendly-liverpool-vs-sunderland-2026-07-25,11,-12
26-27-friendly-liverpool-vs-sunderland-2026-07-25,12,8
26-27-friendly-liverpool-vs-sunderland-2026-07-25,13,34
26-27-friendly-liverpool-vs-sunderland-2026-07-25,14,18
26-27-friendly-liverpool-vs-sunderland-2026-07-25,15,21
26-27-friendly-liverpool-vs-sunderland-2026-07-25,16,41
26-27-friendly-liverpool-vs-sunderland-2026-07-25,17,15
26-27-friendly-liverpool-vs-sunderland-2026-07-25,18,7
26-27-friendly-liverpool-vs-sunderland-2026-07-25,19,2
26-27-friendly-liverpool-vs-sunderland-2026-07-25,20,4
26-27-friendly-liverpool-vs-sunderland-2026-07-25,21,7
26-27-friendly-liverpool-vs-sunderland-2026-07-25,22,12
26-27-friendly-liverpool-vs-sunderland-2026-07-25,23,13
26-27-friendly-liverpool-vs-sunderland-2026-07-25,24,4
26-27-friendly-liverpool-vs-sunderland-2026-07-25,25,-5
26-27-friendly-liverpool-vs-sunderland-2026-07-25,26,-10
26-27-friendly-liverpool-vs-sunderland-2026-07-25,27,-2
26-27-friendly-liverpool-vs-sunderland-2026-07-25,28,-9
26-27-friendly-liverpool-vs-sunderland-2026-07-25,29,7
26-27-friendly-liverpool-vs-sunderland-2026-07-25,30,9
26-27-friendly-liverpool-vs-sunderland-2026-07-25,31,-23
26-27-friendly-liverpool-vs-sunderland-2026-07-25,32,-41
26-27-friendly-liverpool-vs-sunderland-2026-07-25,33,-53
26-27-friendly-liverpool-vs-sunderland-2026-07-25,34,-35
26-27-friendly-liverpool-vs-sunderland-2026-07-25,35,-28
26-27-friendly-liverpool-vs-sunderland-2026-07-25,36,-21
26-27-friendly-liverpool-vs-sunderland-2026-07-25,37,12
26-27-friendly-liverpool-vs-sunderland-2026-07-25,38,11
26-27-friendly-liverpool-vs-sunderland-2026-07-25,39,12
26-27-friendly-liverpool-vs-sunderland-2026-07-25,40,16
26-27-friendly-liverpool-vs-sunderland-2026-07-25,41,9
26-27-friendly-liverpool-vs-sunderland-2026-07-25,42,-8
26-27-friendly-liverpool-vs-sunderland-2026-07-25,43,-3
26-27-friendly-liverpool-vs-sunderland-2026-07-25,44,-3
26-27-friendly-liverpool-vs-sunderland-2026-07-25,45,-17
26-27-friendly-liverpool-vs-sunderland-2026-07-25,46,8
26-27-friendly-liverpool-vs-sunderland-2026-07-25,47,11
26-27-friendly-liverpool-vs-sunderland-2026-07-25,48,3
26-27-friendly-liverpool-vs-sunderland-2026-07-25,49,-2
26-27-friendly-liverpool-vs-sunderland-2026-07-25,50,2
26-27-friendly-liverpool-vs-sunderland-2026-07-25,51,-18
26-27-friendly-liverpool-vs-sunderland-2026-07-25,52,-24
26-27-friendly-liverpool-vs-sunderland-2026-07-25,53,16
26-27-friendly-liverpool-vs-sunderland-2026-07-25,54,12
26-27-friendly-liverpool-vs-sunderland-2026-07-25,55,18
26-27-friendly-liverpool-vs-sunderland-2026-07-25,56,23
26-27-friendly-liverpool-vs-sunderland-2026-07-25,57,42
26-27-friendly-liverpool-vs-sunderland-2026-07-25,58,38
26-27-friendly-liverpool-vs-sunderland-2026-07-25,59,65
26-27-friendly-liverpool-vs-sunderland-2026-07-25,60,40
26-27-friendly-liverpool-vs-sunderland-2026-07-25,61,100
26-27-friendly-liverpool-vs-sunderland-2026-07-25,62,74
26-27-friendly-liverpool-vs-sunderland-2026-07-25,63,67
26-27-friendly-liverpool-vs-sunderland-2026-07-25,64,100
26-27-friendly-liverpool-vs-sunderland-2026-07-25,65,72
26-27-friendly-liverpool-vs-sunderland-2026-07-25,66,43
26-27-friendly-liverpool-vs-sunderland-2026-07-25,67,30
26-27-friendly-liverpool-vs-sunderland-2026-07-25,68,13
26-27-friendly-liverpool-vs-sunderland-2026-07-25,69,-40
26-27-friendly-liverpool-vs-sunderland-2026-07-25,70,-34
26-27-friendly-liverpool-vs-sunderland-2026-07-25,71,-19
26-27-friendly-liverpool-vs-sunderland-2026-07-25,72,-10
26-27-friendly-liverpool-vs-sunderland-2026-07-25,73,21
26-27-friendly-liverpool-vs-sunderland-2026-07-25,74,-47
26-27-friendly-liverpool-vs-sunderland-2026-07-25,75,-19
26-27-friendly-liverpool-vs-sunderland-2026-07-25,76,-17
26-27-friendly-liverpool-vs-sunderland-2026-07-25,77,-35
26-27-friendly-liverpool-vs-sunderland-2026-07-25,78,-28
26-27-friendly-liverpool-vs-sunderland-2026-07-25,79,67
26-27-friendly-liverpool-vs-sunderland-2026-07-25,80,28
26-27-friendly-liverpool-vs-sunderland-2026-07-25,81,3
26-27-friendly-liverpool-vs-sunderland-2026-07-25,82,12
26-27-friendly-liverpool-vs-sunderland-2026-07-25,83,13
26-27-friendly-liverpool-vs-sunderland-2026-07-25,84,8
26-27-friendly-liverpool-vs-sunderland-2026-07-25,85,59
26-27-friendly-liverpool-vs-sunderland-2026-07-25,86,60
26-27-friendly-liverpool-vs-sunderland-2026-07-25,87,40
26-27-friendly-liverpool-vs-sunderland-2026-07-25,88,48
26-27-friendly-liverpool-vs-sunderland-2026-07-25,89,33
26-27-friendly-liverpool-vs-sunderland-2026-07-25,90,41
26-27-friendly-manchester-united-vs-wrexham-2026-07-18,1,3
26-27-friendly-manchester-united-vs-wrexham-2026-07-18,2,5
26-27-friendly-manchester-united-vs-wrexham-2026-07-18,3,2
26-27-friendly-manchester-united-vs-wrexham-2026-07-18,4,15
26-27-friendly-manchester-united-vs-wrexham-2026-07-18,5,18
26-27-friendly-manchester-united-vs-wrexham-2026-07-18,6,12
26-27-friendly-manchester-united-vs-wrexham-2026-07-18,7,8
26-27-friendly-manchester-united-vs-wrexham-2026-07-18,8,-27
26-27-friendly-manchester-united-vs-wrexham-2026-07-18,9,-19
26-27-friendly-manchester-united-vs-wrexham-2026-07-18,10,-18
26-27-friendly-manchester-united-vs-wrexham-2026-07-18,11,-38
26-27-friendly-manchester-united-vs-wrexham-2026-07-18,12,-17
26-27-friendly-manchester-united-vs-wrexham-2026-07-18,13,11
26-27-friendly-manchester-united-vs-wrexham-2026-07-18,14,2
26-27-friendly-manchester-united-vs-wrexham-2026-07-18,15,1
26-27-friendly-manchester-united-vs-wrexham-2026-07-18,16,24
26-27-friendly-manchester-united-vs-wrexham-2026-07-18,17,6
26-27-friendly-manchester-united-vs-wrexham-2026-07-18,18,7
26-27-friendly-manchester-united-vs-wrexham-2026-07-18,19,-16
26-27-friendly-manchester-united-vs-wrexham-2026-07-18,20,-14
26-27-friendly-manchester-united-vs-wrexham-2026-07-18,21,-20
26-27-friendly-manchester-united-vs-wrexham-2026-07-18,22,-3
26-27-friendly-manchester-united-vs-wrexham-2026-07-18,23,-4
26-27-friendly-manchester-united-vs-wrexham-2026-07-18,24,-11
26-27-friendly-manchester-united-vs-wrexham-2026-07-18,25,36
26-27-friendly-manchester-united-vs-wrexham-2026-07-18,26,37
26-27-friendly-manchester-united-vs-wrexham-2026-07-18,27,27
26-27-friendly-manchester-united-vs-wrexham-2026-07-18,28,15
26-27-friendly-manchester-united-vs-wrexham-2026-07-18,29,9
26-27-friendly-manchester-united-vs-wrexham-2026-07-18,30,2
26-27-friendly-manchester-united-vs-wrexham-2026-07-18,31,5
26-27-friendly-manchester-united-vs-wrexham-2026-07-18,32,-23
26-27-friendly-manchester-united-vs-wrexham-2026-07-18,33,24
26-27-friendly-manchester-united-vs-wrexham-2026-07-18,34,4
26-27-friendly-manchester-united-vs-wrexham-2026-07-18,35,-4
26-27-friendly-manchester-united-vs-wrexham-2026-07-18,36,5
26-27-friendly-manchester-united-vs-wrexham-2026-07-18,37,3
26-27-friendly-manchester-united-vs-wrexham-2026-07-18,38,22
26-27-friendly-manchester-united-vs-wrexham-2026-07-18,39,9
26-27-friendly-manchester-united-vs-wrexham-2026-07-18,40,-32
26-27-friendly-manchester-united-vs-wrexham-2026-07-18,41,-10
26-27-friendly-manchester-united-vs-wrexham-2026-07-18,42,-2
26-27-friendly-manchester-united-vs-wrexham-2026-07-18,43,4
26-27-friendly-manchester-united-vs-wrexham-2026-07-18,44,5
26-27-friendly-manchester-united-vs-wrexham-2026-07-18,45,8
26-27-friendly-manchester-united-vs-wrexham-2026-07-18,46,5
26-27-friendly-manchester-united-vs-wrexham-2026-07-18,47,8
26-27-friendly-manchester-united-vs-wrexham-2026-07-18,48,9
26-27-friendly-manchester-united-vs-wrexham-2026-07-18,49,5
26-27-friendly-manchester-united-vs-wrexham-2026-07-18,50,3
26-27-friendly-manchester-united-vs-wrexham-2026-07-18,51,13
26-27-friendly-manchester-united-vs-wrexham-2026-07-18,52,13
26-27-friendly-manchester-united-vs-wrexham-2026-07-18,53,7
26-27-friendly-manchester-united-vs-wrexham-2026-07-18,54,15
26-27-friendly-manchester-united-vs-wrexham-2026-07-18,55,10
26-27-friendly-manchester-united-vs-wrexham-2026-07-18,56,4
26-27-friendly-manchester-united-vs-wrexham-2026-07-18,57,10
26-27-friendly-manchester-united-vs-wrexham-2026-07-18,58,2
26-27-friendly-manchester-united-vs-wrexham-2026-07-18,59,7
26-27-friendly-manchester-united-vs-wrexham-2026-07-18,60,13
26-27-friendly-manchester-united-vs-wrexham-2026-07-18,61,16
26-27-friendly-manchester-united-vs-wrexham-2026-07-18,62,17
26-27-friendly-manchester-united-vs-wrexham-2026-07-18,63,19
26-27-friendly-manchester-united-vs-wrexham-2026-07-18,64,27
26-27-friendly-manchester-united-vs-wrexham-2026-07-18,65,13
26-27-friendly-manchester-united-vs-wrexham-2026-07-18,66,-11
26-27-friendly-manchester-united-vs-wrexham-2026-07-18,67,-46
26-27-friendly-manchester-united-vs-wrexham-2026-07-18,68,-30
26-27-friendly-manchester-united-vs-wrexham-2026-07-18,69,-22
26-27-friendly-manchester-united-vs-wrexham-2026-07-18,70,-8
26-27-friendly-manchester-united-vs-wrexham-2026-07-18,71,9
26-27-friendly-manchester-united-vs-wrexham-2026-07-18,72,22
26-27-friendly-manchester-united-vs-wrexham-2026-07-18,73,13
26-27-friendly-manchester-united-vs-wrexham-2026-07-18,74,15
26-27-friendly-manchester-united-vs-wrexham-2026-07-18,75,8
26-27-friendly-manchester-united-vs-wrexham-2026-07-18,76,4
26-27-friendly-manchester-united-vs-wrexham-2026-07-18,77,1
26-27-friendly-manchester-united-vs-wrexham-2026-07-18,78,54
26-27-friendly-manchester-united-vs-wrexham-2026-07-18,79,39
26-27-friendly-manchester-united-vs-wrexham-2026-07-18,80,31
26-27-friendly-manchester-united-vs-wrexham-2026-07-18,81,55
26-27-friendly-manchester-united-vs-wrexham-2026-07-18,82,7
26-27-friendly-manchester-united-vs-wrexham-2026-07-18,83,-2
26-27-friendly-manchester-united-vs-wrexham-2026-07-18,84,-12
26-27-friendly-manchester-united-vs-wrexham-2026-07-18,85,21
26-27-friendly-manchester-united-vs-wrexham-2026-07-18,86,4
26-27-friendly-manchester-united-vs-wrexham-2026-07-18,87,5
26-27-friendly-manchester-united-vs-wrexham-2026-07-18,88,7
26-27-friendly-manchester-united-vs-wrexham-2026-07-18,89,12
26-27-friendly-manchester-united-vs-wrexham-2026-07-18,90,13
26-27-friendly-tottenham-hotspur-vs-milton-keynes-dons-2026-07-22,1,6
26-27-friendly-tottenham-hotspur-vs-milton-keynes-dons-2026-07-22,2,12
26-27-friendly-tottenham-hotspur-vs-milton-keynes-dons-2026-07-22,3,25
26-27-friendly-tottenham-hotspur-vs-milton-keynes-dons-2026-07-22,4,55
26-27-friendly-tottenham-hotspur-vs-milton-keynes-dons-2026-07-22,5,40
26-27-friendly-tottenham-hotspur-vs-milton-keynes-dons-2026-07-22,6,28
26-27-friendly-tottenham-hotspur-vs-milton-keynes-dons-2026-07-22,7,52
26-27-friendly-tottenham-hotspur-vs-milton-keynes-dons-2026-07-22,8,58
26-27-friendly-tottenham-hotspur-vs-milton-keynes-dons-2026-07-22,9,69
26-27-friendly-tottenham-hotspur-vs-milton-keynes-dons-2026-07-22,10,45
26-27-friendly-tottenham-hotspur-vs-milton-keynes-dons-2026-07-22,11,11
26-27-friendly-tottenham-hotspur-vs-milton-keynes-dons-2026-07-22,12,-4
26-27-friendly-tottenham-hotspur-vs-milton-keynes-dons-2026-07-22,13,37
26-27-friendly-tottenham-hotspur-vs-milton-keynes-dons-2026-07-22,14,17
26-27-friendly-tottenham-hotspur-vs-milton-keynes-dons-2026-07-22,15,5
26-27-friendly-tottenham-hotspur-vs-milton-keynes-dons-2026-07-22,16,9
26-27-friendly-tottenham-hotspur-vs-milton-keynes-dons-2026-07-22,17,10
26-27-friendly-tottenham-hotspur-vs-milton-keynes-dons-2026-07-22,18,8
26-27-friendly-tottenham-hotspur-vs-milton-keynes-dons-2026-07-22,19,9
26-27-friendly-tottenham-hotspur-vs-milton-keynes-dons-2026-07-22,20,14
26-27-friendly-tottenham-hotspur-vs-milton-keynes-dons-2026-07-22,21,13
26-27-friendly-tottenham-hotspur-vs-milton-keynes-dons-2026-07-22,22,22
26-27-friendly-tottenham-hotspur-vs-milton-keynes-dons-2026-07-22,23,20
26-27-friendly-tottenham-hotspur-vs-milton-keynes-dons-2026-07-22,24,-28
26-27-friendly-tottenham-hotspur-vs-milton-keynes-dons-2026-07-22,25,-6
26-27-friendly-tottenham-hotspur-vs-milton-keynes-dons-2026-07-22,26,8
26-27-friendly-tottenham-hotspur-vs-milton-keynes-dons-2026-07-22,27,6
26-27-friendly-tottenham-hotspur-vs-milton-keynes-dons-2026-07-22,28,8
26-27-friendly-tottenham-hotspur-vs-milton-keynes-dons-2026-07-22,29,11
26-27-friendly-tottenham-hotspur-vs-milton-keynes-dons-2026-07-22,30,11
26-27-friendly-tottenham-hotspur-vs-milton-keynes-dons-2026-07-22,31,10
26-27-friendly-tottenham-hotspur-vs-milton-keynes-dons-2026-07-22,32,10
26-27-friendly-tottenham-hotspur-vs-milton-keynes-dons-2026-07-22,33,10
26-27-friendly-tottenham-hotspur-vs-milton-keynes-dons-2026-07-22,34,47
26-27-friendly-tottenham-hotspur-vs-milton-keynes-dons-2026-07-22,35,47
26-27-friendly-tottenham-hotspur-vs-milton-keynes-dons-2026-07-22,36,40
26-27-friendly-tottenham-hotspur-vs-milton-keynes-dons-2026-07-22,37,44
26-27-friendly-tottenham-hotspur-vs-milton-keynes-dons-2026-07-22,38,30
26-27-friendly-tottenham-hotspur-vs-milton-keynes-dons-2026-07-22,39,15
26-27-friendly-tottenham-hotspur-vs-milton-keynes-dons-2026-07-22,40,8
26-27-friendly-tottenham-hotspur-vs-milton-keynes-dons-2026-07-22,41,15
26-27-friendly-tottenham-hotspur-vs-milton-keynes-dons-2026-07-22,42,3
26-27-friendly-tottenham-hotspur-vs-milton-keynes-dons-2026-07-22,43,9
26-27-friendly-tottenham-hotspur-vs-milton-keynes-dons-2026-07-22,44,15
26-27-friendly-tottenham-hotspur-vs-milton-keynes-dons-2026-07-22,45,8
26-27-friendly-tottenham-hotspur-vs-milton-keynes-dons-2026-07-22,45.5,-4
26-27-friendly-tottenham-hotspur-vs-milton-keynes-dons-2026-07-22,46,2
26-27-friendly-tottenham-hotspur-vs-milton-keynes-dons-2026-07-22,47,4
26-27-friendly-tottenham-hotspur-vs-milton-keynes-dons-2026-07-22,48,7
26-27-friendly-tottenham-hotspur-vs-milton-keynes-dons-2026-07-22,49,6
26-27-friendly-tottenham-hotspur-vs-milton-keynes-dons-2026-07-22,50,9
26-27-friendly-tottenham-hotspur-vs-milton-keynes-dons-2026-07-22,51,4
26-27-friendly-tottenham-hotspur-vs-milton-keynes-dons-2026-07-22,52,6
26-27-friendly-tottenham-hotspur-vs-milton-keynes-dons-2026-07-22,53,19
26-27-friendly-tottenham-hotspur-vs-milton-keynes-dons-2026-07-22,54,14
26-27-friendly-tottenham-hotspur-vs-milton-keynes-dons-2026-07-22,55,17
26-27-friendly-tottenham-hotspur-vs-milton-keynes-dons-2026-07-22,56,18
26-27-friendly-tottenham-hotspur-vs-milton-keynes-dons-2026-07-22,57,31
26-27-friendly-tottenham-hotspur-vs-milton-keynes-dons-2026-07-22,58,25
26-27-friendly-tottenham-hotspur-vs-milton-keynes-dons-2026-07-22,59,18
26-27-friendly-tottenham-hotspur-vs-milton-keynes-dons-2026-07-22,60,16
26-27-friendly-tottenham-hotspur-vs-milton-keynes-dons-2026-07-22,61,9
26-27-friendly-tottenham-hotspur-vs-milton-keynes-dons-2026-07-22,62,-8
26-27-friendly-tottenham-hotspur-vs-milton-keynes-dons-2026-07-22,63,-44
26-27-friendly-tottenham-hotspur-vs-milton-keynes-dons-2026-07-22,64,-64
26-27-friendly-tottenham-hotspur-vs-milton-keynes-dons-2026-07-22,65,-55
26-27-friendly-tottenham-hotspur-vs-milton-keynes-dons-2026-07-22,66,-27
26-27-friendly-tottenham-hotspur-vs-milton-keynes-dons-2026-07-22,67,-13
26-27-friendly-tottenham-hotspur-vs-milton-keynes-dons-2026-07-22,68,7
26-27-friendly-tottenham-hotspur-vs-milton-keynes-dons-2026-07-22,69,17
26-27-friendly-tottenham-hotspur-vs-milton-keynes-dons-2026-07-22,70,21
26-27-friendly-tottenham-hotspur-vs-milton-keynes-dons-2026-07-22,71,18
26-27-friendly-tottenham-hotspur-vs-milton-keynes-dons-2026-07-22,72,22
26-27-friendly-tottenham-hotspur-vs-milton-keynes-dons-2026-07-22,73,19
26-27-friendly-tottenham-hotspur-vs-milton-keynes-dons-2026-07-22,74,20
26-27-friendly-tottenham-hotspur-vs-milton-keynes-dons-2026-07-22,75,17
26-27-friendly-tottenham-hotspur-vs-milton-keynes-dons-2026-07-22,76,12
26-27-friendly-tottenham-hotspur-vs-milton-keynes-dons-2026-07-22,77,44
26-27-friendly-tottenham-hotspur-vs-milton-keynes-dons-2026-07-22,78,51
26-27-friendly-tottenham-hotspur-vs-milton-keynes-dons-2026-07-22,79,9
26-27-friendly-tottenham-hotspur-vs-milton-keynes-dons-2026-07-22,80,11
26-27-friendly-tottenham-hotspur-vs-milton-keynes-dons-2026-07-22,81,-88
26-27-friendly-tottenham-hotspur-vs-milton-keynes-dons-2026-07-22,82,-46
26-27-friendly-tottenham-hotspur-vs-milton-keynes-dons-2026-07-22,83,-28
26-27-friendly-tottenham-hotspur-vs-milton-keynes-dons-2026-07-22,84,-43
26-27-friendly-tottenham-hotspur-vs-milton-keynes-dons-2026-07-22,85,-33
26-27-friendly-tottenham-hotspur-vs-milton-keynes-dons-2026-07-22,86,31
26-27-friendly-tottenham-hotspur-vs-milton-keynes-dons-2026-07-22,87,20
26-27-friendly-tottenham-hotspur-vs-milton-keynes-dons-2026-07-22,88,18
26-27-friendly-tottenham-hotspur-vs-milton-keynes-dons-2026-07-22,89,28
26-27-friendly-tottenham-hotspur-vs-milton-keynes-dons-2026-07-22,90,19
