match_id,kickoff_time,competition,home_team,away_team,market,outcome,line,outcome_name,decimal_odds,bookmaker,odds_updated_at
26-27-friendly-afc-bournemouth-vs-st.-pauli-2026-07-24,2026-07-24T14:00:00Z,Club Friendlies,Bournemouth,FC St. Pauli,1x2,AWAY,,FC St. Pauli,6.1,betcity,2026-07-23T21:48:18Z
26-27-friendly-afc-bournemouth-vs-st.-pauli-2026-07-24,2026-07-24T14:00:00Z,Club Friendlies,Bournemouth,FC St. Pauli,1x2,DRAW,,Draw,4.5,efbet.net,2026-07-23T21:48:18Z
26-27-friendly-afc-bournemouth-vs-st.-pauli-2026-07-24,2026-07-24T14:00:00Z,Club Friendlies,Bournemouth,FC St. Pauli,1x2,HOME,,Bournemouth,1.63,Novibet,2026-07-24T14:21:16Z
26-27-friendly-afc-bournemouth-vs-st.-pauli-2026-07-24,2026-07-24T14:00:00Z,Club Friendlies,Bournemouth,FC St. Pauli,btts,no,,No,2.2,Novibet,2026-07-24T14:21:18Z
26-27-friendly-afc-bournemouth-vs-st.-pauli-2026-07-24,2026-07-24T14:00:00Z,Club Friendlies,Bournemouth,FC St. Pauli,btts,yes,,Yes,1.73,Bet365,2026-07-23T21:48:47Z
26-27-friendly-afc-bournemouth-vs-st.-pauli-2026-07-24,2026-07-24T14:00:00Z,Club Friendlies,Bournemouth,FC St. Pauli,double_chance,12,,Bournemouth or FC St. Pauli,1.22,Novibet,2026-07-24T14:21:16Z
26-27-friendly-afc-bournemouth-vs-st.-pauli-2026-07-24,2026-07-24T14:00:00Z,Club Friendlies,Bournemouth,FC St. Pauli,double_chance,1X,,Bournemouth or Draw,1.17,Interwetten,2026-07-24T14:21:16Z
26-27-friendly-afc-bournemouth-vs-st.-pauli-2026-07-24,2026-07-24T14:00:00Z,Club Friendlies,Bournemouth,FC St. Pauli,double_chance,X2,,Draw or FC St. Pauli,2.5,1xBet,2026-07-23T21:48:38Z
26-27-friendly-afc-bournemouth-vs-st.-pauli-2026-07-24,2026-07-24T14:00:00Z,Club Friendlies,Bournemouth,FC St. Pauli,draw_no_bet,AWAY,,FC St. Pauli,4.3,bet9ja,2026-07-23T21:48:43Z
26-27-friendly-afc-bournemouth-vs-st.-pauli-2026-07-24,2026-07-24T14:00:00Z,Club Friendlies,Bournemouth,FC St. Pauli,draw_no_bet,HOME,,Bournemouth,1.22,Novibet,2026-07-24T14:21:18Z
26-27-friendly-afc-bournemouth-vs-st.-pauli-2026-07-24,2026-07-24T14:00:00Z,Club Friendlies,Bournemouth,FC St. Pauli,over_under_15,over,1.5,Over 1.50,1.18,Bet365,2026-07-23T21:48:23Z
26-27-friendly-afc-bournemouth-vs-st.-pauli-2026-07-24,2026-07-24T14:00:00Z,Club Friendlies,Bournemouth,FC St. Pauli,over_under_15,under,1.5,Under 1.50,4.7,gamdom,2026-07-23T21:48:23Z
26-27-friendly-afc-bournemouth-vs-st.-pauli-2026-07-24,2026-07-24T14:00:00Z,Club Friendlies,Bournemouth,FC St. Pauli,over_under_25,over,2.5,Over 2.50,1.6,efbet.net,2026-07-23T21:48:27Z
26-27-friendly-afc-bournemouth-vs-st.-pauli-2026-07-24,2026-07-24T14:00:00Z,Club Friendlies,Bournemouth,FC St. Pauli,over_under_25,under,2.5,Under 2.50,2.38,betfred,2026-07-23T21:48:27Z
26-27-friendly-afc-bournemouth-vs-st.-pauli-2026-07-24,2026-07-24T14:00:00Z,Club Friendlies,Bournemouth,FC St. Pauli,over_under_35,over,3.5,Over 3.50,2.46,efbet.net,2026-07-23T21:48:28Z
26-27-friendly-afc-bournemouth-vs-st.-pauli-2026-07-24,2026-07-24T14:00:00Z,Club Friendlies,Bournemouth,FC St. Pauli,over_under_35,under,3.5,Under 3.50,1.56,betcity,2026-07-23T21:48:28Z
26-27-friendly-afc-bournemouth-vs-st.-pauli-2026-07-24,2026-07-24T14:00:00Z,Club Friendlies,Bournemouth,FC St. Pauli,total_corners,over,10.5,Over 10.50,2.9,Novibet,2026-07-24T14:21:23Z
26-27-friendly-afc-bournemouth-vs-st.-pauli-2026-07-24,2026-07-24T14:00:00Z,Club Friendlies,Bournemouth,FC St. Pauli,total_corners,over,6.5,Over 6.50,1.2,Novibet,2026-07-24T14:21:22Z
26-27-friendly-afc-bournemouth-vs-st.-pauli-2026-07-24,2026-07-24T14:00:00Z,Club Friendlies,Bournemouth,FC St. Pauli,total_corners,over,7.5,Over 7.50,1.4,Novibet,2026-07-24T14:21:22Z
26-27-friendly-afc-bournemouth-vs-st.-pauli-2026-07-24,2026-07-24T14:00:00Z,Club Friendlies,Bournemouth,FC St. Pauli,total_corners,over,8.5,Over 8.50,1.7,Novibet,2026-07-24T14:21:22Z
26-27-friendly-afc-bournemouth-vs-st.-pauli-2026-07-24,2026-07-24T14:00:00Z,Club Friendlies,Bournemouth,FC St. Pauli,total_corners,over,9.5,Over 9.50,2.25,Novibet,2026-07-24T14:21:22Z
26-27-friendly-afc-bournemouth-vs-st.-pauli-2026-07-24,2026-07-24T14:00:00Z,Club Friendlies,Bournemouth,FC St. Pauli,total_corners,under,10.5,Under 10.50,1.28,Novibet,2026-07-24T14:21:23Z
26-27-friendly-afc-bournemouth-vs-st.-pauli-2026-07-24,2026-07-24T14:00:00Z,Club Friendlies,Bournemouth,FC St. Pauli,total_corners,under,6.5,Under 6.50,3.85,Novibet,2026-07-24T14:21:22Z
26-27-friendly-afc-bournemouth-vs-st.-pauli-2026-07-24,2026-07-24T14:00:00Z,Club Friendlies,Bournemouth,FC St. Pauli,total_corners,under,7.5,Under 7.50,2.6,Novibet,2026-07-24T14:21:22Z
26-27-friendly-afc-bournemouth-vs-st.-pauli-2026-07-24,2026-07-24T14:00:00Z,Club Friendlies,Bournemouth,FC St. Pauli,total_corners,under,8.5,Under 8.50,1.91,Novibet,2026-07-24T14:21:22Z
26-27-friendly-afc-bournemouth-vs-st.-pauli-2026-07-24,2026-07-24T14:00:00Z,Club Friendlies,Bournemouth,FC St. Pauli,total_corners,under,9.5,Under 9.50,1.52,Novibet,2026-07-24T14:21:22Z
26-27-friendly-aston-villa-vs-real-sociedad-2026-07-28,2026-07-28T18:30:00Z,Club Friendlies,Aston Villa,Real Sociedad,1x2,AWAY,,Real Sociedad,3.2,Novibet,2026-07-26T14:14:33Z
26-27-friendly-aston-villa-vs-real-sociedad-2026-07-28,2026-07-28T18:30:00Z,Club Friendlies,Aston Villa,Real Sociedad,1x2,DRAW,,Draw,3.55,Novibet,2026-07-26T14:14:33Z
26-27-friendly-aston-villa-vs-real-sociedad-2026-07-28,2026-07-28T18:30:00Z,Club Friendlies,Aston Villa,Real Sociedad,1x2,HOME,,Aston Villa,2.09,Novibet,2026-07-27T02:04:10Z
26-27-friendly-aston-villa-vs-real-sociedad-2026-07-28,2026-07-28T18:30:00Z,Club Friendlies,Aston Villa,Real Sociedad,btts,no,,No,2.2,Novibet,2026-07-26T14:14:41Z
26-27-friendly-aston-villa-vs-real-sociedad-2026-07-28,2026-07-28T18:30:00Z,Club Friendlies,Aston Villa,Real Sociedad,btts,yes,,Yes,1.667,Bet365,2026-07-25T14:18:22Z
26-27-friendly-aston-villa-vs-real-sociedad-2026-07-28,2026-07-28T18:30:00Z,Club Friendlies,Aston Villa,Real Sociedad,double_chance,12,,Aston Villa or Real Sociedad,1.27,Interwetten,2026-07-26T02:03:13Z
26-27-friendly-aston-villa-vs-real-sociedad-2026-07-28,2026-07-28T18:30:00Z,Club Friendlies,Aston Villa,Real Sociedad,double_chance,1X,,Aston Villa or Draw,1.3,Interwetten,2026-07-26T02:03:13Z
26-27-friendly-aston-villa-vs-real-sociedad-2026-07-28,2026-07-28T18:30:00Z,Club Friendlies,Aston Villa,Real Sociedad,double_chance,X2,,Draw or Real Sociedad,1.7,Interwetten,2026-07-27T02:04:10Z
26-27-friendly-aston-villa-vs-real-sociedad-2026-07-28,2026-07-28T18:30:00Z,Club Friendlies,Aston Villa,Real Sociedad,draw_no_bet,AWAY,,Real Sociedad,2.375,Bet365,2026-07-25T14:18:22Z
26-27-friendly-aston-villa-vs-real-sociedad-2026-07-28,2026-07-28T18:30:00Z,Club Friendlies,Aston Villa,Real Sociedad,draw_no_bet,HOME,,Aston Villa,1.55,Novibet,2026-07-26T14:14:41Z
26-27-friendly-aston-villa-vs-real-sociedad-2026-07-28,2026-07-28T18:30:00Z,Club Friendlies,Aston Villa,Real Sociedad,over_under_15,over,1.5,Over 1.50,1.23,Novibet,2026-07-26T14:14:34Z
26-27-friendly-aston-villa-vs-real-sociedad-2026-07-28,2026-07-28T18:30:00Z,Club Friendlies,Aston Villa,Real Sociedad,over_under_15,under,1.5,Under 1.50,4.0,Bet365,2026-07-25T14:18:16Z
26-27-friendly-aston-villa-vs-real-sociedad-2026-07-28,2026-07-28T18:30:00Z,Club Friendlies,Aston Villa,Real Sociedad,over_under_25,over,2.5,Over 2.50,1.75,Bet365,2026-07-25T14:18:15Z
26-27-friendly-aston-villa-vs-real-sociedad-2026-07-28,2026-07-28T18:30:00Z,Club Friendlies,Aston Villa,Real Sociedad,over_under_25,under,2.5,Under 2.50,2.05,Bet365,2026-07-25T14:18:15Z
26-27-friendly-aston-villa-vs-real-sociedad-2026-07-28,2026-07-28T18:30:00Z,Club Friendlies,Aston Villa,Real Sociedad,over_under_35,over,3.5,Over 3.50,2.8,Novibet,2026-07-26T02:03:15Z
26-27-friendly-aston-villa-vs-real-sociedad-2026-07-28,2026-07-28T18:30:00Z,Club Friendlies,Aston Villa,Real Sociedad,over_under_35,under,3.5,Under 3.50,1.4,Interwetten,2026-07-26T02:03:15Z
26-27-friendly-bolton-wanderers-vs-everton-2026-07-25,2026-07-25T14:00:00Z,Club Friendlies,Bolton Wanderers,Everton,1x2,AWAY,,Everton,2.0,Interwetten,2026-07-25T13:31:35Z
26-27-friendly-bolton-wanderers-vs-everton-2026-07-25,2026-07-25T14:00:00Z,Club Friendlies,Bolton Wanderers,Everton,1x2,DRAW,,Draw,3.55,Novibet,2026-07-25T12:32:07Z
26-27-friendly-bolton-wanderers-vs-everton-2026-07-25,2026-07-25T14:00:00Z,Club Friendlies,Bolton Wanderers,Everton,1x2,HOME,,Bolton Wanderers,3.5,Novibet,2026-07-25T14:31:41Z
26-27-friendly-bolton-wanderers-vs-everton-2026-07-25,2026-07-25T14:00:00Z,Club Friendlies,Bolton Wanderers,Everton,btts,no,,No,2.3,Interwetten,2026-07-25T02:33:05Z
26-27-friendly-bolton-wanderers-vs-everton-2026-07-25,2026-07-25T14:00:00Z,Club Friendlies,Bolton Wanderers,Everton,btts,yes,,Yes,1.615,Bet365,2026-07-25T13:31:43Z
26-27-friendly-bolton-wanderers-vs-everton-2026-07-25,2026-07-25T14:00:00Z,Club Friendlies,Bolton Wanderers,Everton,double_chance,12,,Bolton Wanderers or Everton,1.27,Interwetten,2026-07-25T11:32:23Z
26-27-friendly-bolton-wanderers-vs-everton-2026-07-25,2026-07-25T14:00:00Z,Club Friendlies,Bolton Wanderers,Everton,double_chance,1X,,Bolton Wanderers or Draw,1.75,Interwetten,2026-07-25T11:32:23Z
26-27-friendly-bolton-wanderers-vs-everton-2026-07-25,2026-07-25T14:00:00Z,Club Friendlies,Bolton Wanderers,Everton,double_chance,X2,,Draw or Everton,1.3,Interwetten,2026-07-25T13:31:35Z
26-27-friendly-bolton-wanderers-vs-everton-2026-07-25,2026-07-25T14:00:00Z,Club Friendlies,Bolton Wanderers,Everton,draw_no_bet,AWAY,,Everton,1.45,Novibet,2026-07-25T14:31:46Z
26-27-friendly-bolton-wanderers-vs-everton-2026-07-25,2026-07-25T14:00:00Z,Club Friendlies,Bolton Wanderers,Everton,draw_no_bet,HOME,,Bolton Wanderers,2.625,Bet365,2026-07-25T11:32:30Z
26-27-friendly-bolton-wanderers-vs-everton-2026-07-25,2026-07-25T14:00:00Z,Club Friendlies,Bolton Wanderers,Everton,over_under_15,over,1.5,Over 1.50,1.2,Bet365,2026-07-25T09:32:21Z
26-27-friendly-bolton-wanderers-vs-everton-2026-07-25,2026-07-25T14:00:00Z,Club Friendlies,Bolton Wanderers,Everton,over_under_15,under,1.5,Under 1.50,4.5,Novibet,2026-07-25T14:31:43Z
26-27-friendly-bolton-wanderers-vs-everton-2026-07-25,2026-07-25T14:00:00Z,Club Friendlies,Bolton Wanderers,Everton,over_under_25,over,2.5,Over 2.50,1.667,Bet365,2026-07-25T13:31:36Z
26-27-friendly-bolton-wanderers-vs-everton-2026-07-25,2026-07-25T14:00:00Z,Club Friendlies,Bolton Wanderers,Everton,over_under_25,under,2.5,Under 2.50,2.2,Novibet,2026-07-25T12:32:08Z
26-27-friendly-bolton-wanderers-vs-everton-2026-07-25,2026-07-25T14:00:00Z,Club Friendlies,Bolton Wanderers,Everton,over_under_35,over,3.5,Over 3.50,2.625,Bet365,2026-07-25T13:31:38Z
26-27-friendly-bolton-wanderers-vs-everton-2026-07-25,2026-07-25T14:00:00Z,Club Friendlies,Bolton Wanderers,Everton,over_under_35,under,3.5,Under 3.50,1.45,Interwetten,2026-07-25T13:31:38Z
26-27-friendly-bolton-wanderers-vs-everton-2026-07-25,2026-07-25T14:00:00Z,Club Friendlies,Bolton Wanderers,Everton,total_corners,over,10.5,Over 10.50,3.35,Novibet,2026-07-25T14:31:56Z
26-27-friendly-bolton-wanderers-vs-everton-2026-07-25,2026-07-25T14:00:00Z,Club Friendlies,Bolton Wanderers,Everton,total_corners,over,6.5,Over 6.50,1.22,Novibet,2026-07-25T14:31:55Z
26-27-friendly-bolton-wanderers-vs-everton-2026-07-25,2026-07-25T14:00:00Z,Club Friendlies,Bolton Wanderers,Everton,total_corners,over,7.5,Over 7.50,1.47,Novibet,2026-07-25T14:31:55Z
26-27-friendly-bolton-wanderers-vs-everton-2026-07-25,2026-07-25T14:00:00Z,Club Friendlies,Bolton Wanderers,Everton,total_corners,over,8.5,Over 8.50,1.91,Novibet,2026-07-25T14:31:55Z
26-27-friendly-bolton-wanderers-vs-everton-2026-07-25,2026-07-25T14:00:00Z,Club Friendlies,Bolton Wanderers,Everton,total_corners,over,9.5,Over 9.50,2.45,Novibet,2026-07-25T14:31:56Z
26-27-friendly-bolton-wanderers-vs-everton-2026-07-25,2026-07-25T14:00:00Z,Club Friendlies,Bolton Wanderers,Everton,total_corners,under,10.5,Under 10.50,1.22,Novibet,2026-07-25T14:31:56Z
26-27-friendly-bolton-wanderers-vs-everton-2026-07-25,2026-07-25T14:00:00Z,Club Friendlies,Bolton Wanderers,Everton,total_corners,under,6.5,Under 6.50,3.35,Novibet,2026-07-25T14:31:55Z
26-27-friendly-bolton-wanderers-vs-everton-2026-07-25,2026-07-25T14:00:00Z,Club Friendlies,Bolton Wanderers,Everton,total_corners,under,7.5,Under 7.50,2.3,Novibet,2026-07-25T14:31:55Z
26-27-friendly-bolton-wanderers-vs-everton-2026-07-25,2026-07-25T14:00:00Z,Club Friendlies,Bolton Wanderers,Everton,total_corners,under,8.5,Under 8.50,1.8,Bet365,2026-07-25T13:31:29Z
26-27-friendly-bolton-wanderers-vs-everton-2026-07-25,2026-07-25T14:00:00Z,Club Friendlies,Bolton Wanderers,Everton,total_corners,under,9.5,Under 9.50,1.45,Novibet,2026-07-25T14:31:56Z
26-27-friendly-crystal-palace-vs-swindon-town-2026-07-18,2026-07-18T11:30:00Z,Club Friendlies,Crystal Palace,Swindon Town,1x2,AWAY,,Swindon Town,8.0,Interwetten,2026-07-18T11:23:28Z
26-27-friendly-crystal-palace-vs-swindon-town-2026-07-18,2026-07-18T11:30:00Z,Club Friendlies,Crystal Palace,Swindon Town,1x2,DRAW,,Draw,6.0,Interwetten,2026-07-18T11:23:28Z
26-27-friendly-crystal-palace-vs-swindon-town-2026-07-18,2026-07-18T11:30:00Z,Club Friendlies,Crystal Palace,Swindon Town,1x2,HOME,,Crystal Palace,1.31,Novibet,2026-07-18T12:05:40Z
26-27-friendly-crystal-palace-vs-swindon-town-2026-07-18,2026-07-18T11:30:00Z,Club Friendlies,Crystal Palace,Swindon Town,btts,no,,No,2.25,Novibet,2026-07-18T12:05:42Z
26-27-friendly-crystal-palace-vs-swindon-town-2026-07-18,2026-07-18T11:30:00Z,Club Friendlies,Crystal Palace,Swindon Town,btts,yes,,Yes,1.667,Bet365,2026-07-17T20:07:19Z
26-27-friendly-crystal-palace-vs-swindon-town-2026-07-18,2026-07-18T11:30:00Z,Club Friendlies,Crystal Palace,Swindon Town,double_chance,12,,Crystal Palace or Swindon Town,1.13,Novibet,2026-07-18T12:05:40Z
26-27-friendly-crystal-palace-vs-swindon-town-2026-07-18,2026-07-18T11:30:00Z,Club Friendlies,Crystal Palace,Swindon Town,double_chance,1X,,Crystal Palace or Draw,1.09,Novibet,2026-07-18T11:07:06Z
26-27-friendly-crystal-palace-vs-swindon-town-2026-07-18,2026-07-18T11:30:00Z,Club Friendlies,Crystal Palace,Swindon Town,double_chance,X2,,Draw or Swindon Town,3.6,Bet365,2026-07-17T20:07:11Z
26-27-friendly-crystal-palace-vs-swindon-town-2026-07-18,2026-07-18T11:30:00Z,Club Friendlies,Crystal Palace,Swindon Town,draw_no_bet,AWAY,,Swindon Town,6.5,Bet365,2026-07-17T20:07:19Z
26-27-friendly-crystal-palace-vs-swindon-town-2026-07-18,2026-07-18T11:30:00Z,Club Friendlies,Crystal Palace,Swindon Town,draw_no_bet,HOME,,Crystal Palace,1.12,Novibet,2026-07-18T11:43:17Z
26-27-friendly-crystal-palace-vs-swindon-town-2026-07-18,2026-07-18T11:30:00Z,Club Friendlies,Crystal Palace,Swindon Town,over_under_15,over,1.5,Over 1.50,1.083,Bet365,2026-07-17T20:07:12Z
26-27-friendly-crystal-palace-vs-swindon-town-2026-07-18,2026-07-18T11:30:00Z,Club Friendlies,Crystal Palace,Swindon Town,over_under_15,under,1.5,Under 1.50,7.0,Bet365,2026-07-17T20:07:12Z
26-27-friendly-crystal-palace-vs-swindon-town-2026-07-18,2026-07-18T11:30:00Z,Club Friendlies,Crystal Palace,Swindon Town,over_under_25,over,2.5,Over 2.50,1.32,Novibet,2026-07-18T12:05:40Z
26-27-friendly-crystal-palace-vs-swindon-town-2026-07-18,2026-07-18T11:30:00Z,Club Friendlies,Crystal Palace,Swindon Town,over_under_25,under,2.5,Under 2.50,3.4,Bet365,2026-07-17T20:07:12Z
26-27-friendly-crystal-palace-vs-swindon-town-2026-07-18,2026-07-18T11:30:00Z,Club Friendlies,Crystal Palace,Swindon Town,over_under_35,over,3.5,Over 3.50,1.85,Interwetten,2026-07-18T11:23:29Z
26-27-friendly-crystal-palace-vs-swindon-town-2026-07-18,2026-07-18T11:30:00Z,Club Friendlies,Crystal Palace,Swindon Town,over_under_35,under,3.5,Under 3.50,1.909,Bet365,2026-07-17T20:07:12Z
26-27-friendly-dundee-fc-vs-everton-2026-07-18,2026-07-18T13:00:00Z,Club Friendlies,Dundee FC,Everton,1x2,AWAY,,Everton,1.44,Novibet,2026-07-18T13:52:20Z
26-27-friendly-dundee-fc-vs-everton-2026-07-18,2026-07-18T13:00:00Z,Club Friendlies,Dundee FC,Everton,1x2,DRAW,,Draw,4.9,Novibet,2026-07-18T13:52:20Z
26-27-friendly-dundee-fc-vs-everton-2026-07-18,2026-07-18T13:00:00Z,Club Friendlies,Dundee FC,Everton,1x2,HOME,,Dundee FC,6.0,Interwetten,2026-07-18T13:52:20Z
26-27-friendly-dundee-fc-vs-everton-2026-07-18,2026-07-18T13:00:00Z,Club Friendlies,Dundee FC,Everton,btts,no,,No,1.98,Betsson,2026-07-18T13:52:24Z
26-27-friendly-dundee-fc-vs-everton-2026-07-18,2026-07-18T13:00:00Z,Club Friendlies,Dundee FC,Everton,btts,yes,,Yes,1.83,Novibet,2026-07-18T13:52:24Z
26-27-friendly-dundee-fc-vs-everton-2026-07-18,2026-07-18T13:00:00Z,Club Friendlies,Dundee FC,Everton,double_chance,12,,Dundee FC or Everton,1.15,Interwetten,2026-07-18T13:52:21Z
26-27-friendly-dundee-fc-vs-everton-2026-07-18,2026-07-18T13:00:00Z,Club Friendlies,Dundee FC,Everton,double_chance,1X,,Dundee FC or Draw,2.75,Interwetten,2026-07-18T13:52:21Z
26-27-friendly-dundee-fc-vs-everton-2026-07-18,2026-07-18T13:00:00Z,Club Friendlies,Dundee FC,Everton,double_chance,X2,,Draw or Everton,1.13,Novibet,2026-07-18T12:06:56Z
26-27-friendly-dundee-fc-vs-everton-2026-07-18,2026-07-18T13:00:00Z,Club Friendlies,Dundee FC,Everton,draw_no_bet,AWAY,,Everton,1.18,Novibet,2026-07-18T13:52:24Z
26-27-friendly-dundee-fc-vs-everton-2026-07-18,2026-07-18T13:00:00Z,Club Friendlies,Dundee FC,Everton,draw_no_bet,HOME,,Dundee FC,5.0,Bet365,2026-07-18T12:04:53Z
26-27-friendly-dundee-fc-vs-everton-2026-07-18,2026-07-18T13:00:00Z,Club Friendlies,Dundee FC,Everton,over_under_15,over,1.5,Over 1.50,1.19,Novibet,2026-07-18T12:06:57Z
26-27-friendly-dundee-fc-vs-everton-2026-07-18,2026-07-18T13:00:00Z,Club Friendlies,Dundee FC,Everton,over_under_15,under,1.5,Under 1.50,4.5,Bet365,2026-07-18T11:06:13Z
26-27-friendly-dundee-fc-vs-everton-2026-07-18,2026-07-18T13:00:00Z,Club Friendlies,Dundee FC,Everton,over_under_25,over,2.5,Over 2.50,1.62,Novibet,2026-07-18T13:52:21Z
26-27-friendly-dundee-fc-vs-everton-2026-07-18,2026-07-18T13:00:00Z,Club Friendlies,Dundee FC,Everton,over_under_25,under,2.5,Under 2.50,2.375,Bet365,2026-07-18T11:06:12Z
26-27-friendly-dundee-fc-vs-everton-2026-07-18,2026-07-18T13:00:00Z,Club Friendlies,Dundee FC,Everton,over_under_35,over,3.5,Over 3.50,2.55,Novibet,2026-07-18T13:52:21Z
26-27-friendly-dundee-fc-vs-everton-2026-07-18,2026-07-18T13:00:00Z,Club Friendlies,Dundee FC,Everton,over_under_35,under,3.5,Under 3.50,1.55,Interwetten,2026-07-18T13:52:21Z
26-27-friendly-dundee-fc-vs-everton-2026-07-18,2026-07-18T13:00:00Z,Club Friendlies,Dundee FC,Everton,total_corners,over,10.5,Over 10.50,3.1,Novibet,2026-07-18T13:52:30Z
26-27-friendly-dundee-fc-vs-everton-2026-07-18,2026-07-18T13:00:00Z,Club Friendlies,Dundee FC,Everton,total_corners,over,6.5,Over 6.50,1.22,Novibet,2026-07-18T09:21:35Z
26-27-friendly-dundee-fc-vs-everton-2026-07-18,2026-07-18T13:00:00Z,Club Friendlies,Dundee FC,Everton,total_corners,over,7.5,Over 7.50,1.43,Novibet,2026-07-18T13:52:29Z
26-27-friendly-dundee-fc-vs-everton-2026-07-18,2026-07-18T13:00:00Z,Club Friendlies,Dundee FC,Everton,total_corners,over,8.5,Over 8.50,1.8,Bet365,2026-07-17T17:36:00Z
26-27-friendly-dundee-fc-vs-everton-2026-07-18,2026-07-18T13:00:00Z,Club Friendlies,Dundee FC,Everton,total_corners,over,9.5,Over 9.50,2.3,Novibet,2026-07-18T13:52:29Z
26-27-friendly-dundee-fc-vs-everton-2026-07-18,2026-07-18T13:00:00Z,Club Friendlies,Dundee FC,Everton,total_corners,under,10.5,Under 10.50,1.33,Novibet,2026-07-18T13:52:30Z
26-27-friendly-dundee-fc-vs-everton-2026-07-18,2026-07-18T13:00:00Z,Club Friendlies,Dundee FC,Everton,total_corners,under,6.5,Under 6.50,3.95,Novibet,2026-07-18T13:52:29Z
26-27-friendly-dundee-fc-vs-everton-2026-07-18,2026-07-18T13:00:00Z,Club Friendlies,Dundee FC,Everton,total_corners,under,7.5,Under 7.50,2.7,Novibet,2026-07-18T09:21:35Z
26-27-friendly-dundee-fc-vs-everton-2026-07-18,2026-07-18T13:00:00Z,Club Friendlies,Dundee FC,Everton,total_corners,under,8.5,Under 8.50,1.98,Novibet,2026-07-18T13:52:29Z
26-27-friendly-dundee-fc-vs-everton-2026-07-18,2026-07-18T13:00:00Z,Club Friendlies,Dundee FC,Everton,total_corners,under,9.5,Under 9.50,1.57,Novibet,2026-07-18T13:52:29Z
26-27-friendly-fc-porto-vs-aston-villa-2026-07-25,2026-07-25T19:00:00Z,Club Friendlies,FC Porto,Aston Villa,1x2,AWAY,,Aston Villa,3.25,Novibet,2026-07-25T19:21:40Z
26-27-friendly-fc-porto-vs-aston-villa-2026-07-25,2026-07-25T19:00:00Z,Club Friendlies,FC Porto,Aston Villa,1x2,DRAW,,Draw,3.75,Novibet,2026-07-25T19:11:48Z
26-27-friendly-fc-porto-vs-aston-villa-2026-07-25,2026-07-25T19:00:00Z,Club Friendlies,FC Porto,Aston Villa,1x2,HOME,,FC Porto,2.01,Novibet,2026-07-25T19:11:48Z
26-27-friendly-fc-porto-vs-aston-villa-2026-07-25,2026-07-25T19:00:00Z,Club Friendlies,FC Porto,Aston Villa,btts,no,,No,2.2,Interwetten,2026-07-25T16:40:57Z
26-27-friendly-fc-porto-vs-aston-villa-2026-07-25,2026-07-25T19:00:00Z,Club Friendlies,FC Porto,Aston Villa,btts,yes,,Yes,1.68,Novibet,2026-07-25T19:11:54Z
26-27-friendly-fc-porto-vs-aston-villa-2026-07-25,2026-07-25T19:00:00Z,Club Friendlies,FC Porto,Aston Villa,double_chance,12,,FC Porto or Aston Villa,1.28,Betsson,2026-07-25T19:21:41Z
26-27-friendly-fc-porto-vs-aston-villa-2026-07-25,2026-07-25T19:00:00Z,Club Friendlies,FC Porto,Aston Villa,double_chance,1X,,FC Porto or Draw,1.36,Betsson,2026-07-25T19:21:41Z
26-27-friendly-fc-porto-vs-aston-villa-2026-07-25,2026-07-25T19:00:00Z,Club Friendlies,FC Porto,Aston Villa,double_chance,X2,,Draw or Aston Villa,1.8,Bet365,2026-07-25T19:11:49Z
26-27-friendly-fc-porto-vs-aston-villa-2026-07-25,2026-07-25T19:00:00Z,Club Friendlies,FC Porto,Aston Villa,draw_no_bet,AWAY,,Aston Villa,2.5,Bet365,2026-07-25T19:21:43Z
26-27-friendly-fc-porto-vs-aston-villa-2026-07-25,2026-07-25T19:00:00Z,Club Friendlies,FC Porto,Aston Villa,draw_no_bet,HOME,,FC Porto,1.52,Novibet,2026-07-25T19:21:43Z
26-27-friendly-fc-porto-vs-aston-villa-2026-07-25,2026-07-25T19:00:00Z,Club Friendlies,FC Porto,Aston Villa,over_under_15,over,1.5,Over 1.50,1.24,Novibet,2026-07-25T18:31:15Z
26-27-friendly-fc-porto-vs-aston-villa-2026-07-25,2026-07-25T19:00:00Z,Club Friendlies,FC Porto,Aston Villa,over_under_15,under,1.5,Under 1.50,4.0,Bet365,2026-07-25T19:11:50Z
26-27-friendly-fc-porto-vs-aston-villa-2026-07-25,2026-07-25T19:00:00Z,Club Friendlies,FC Porto,Aston Villa,over_under_25,over,2.5,Over 2.50,1.75,Novibet,2026-07-25T18:31:14Z
26-27-friendly-fc-porto-vs-aston-villa-2026-07-25,2026-07-25T19:00:00Z,Club Friendlies,FC Porto,Aston Villa,over_under_25,under,2.5,Under 2.50,2.075,Bet365,2026-07-25T19:11:49Z
26-27-friendly-fc-porto-vs-aston-villa-2026-07-25,2026-07-25T19:00:00Z,Club Friendlies,FC Porto,Aston Villa,over_under_35,over,3.5,Over 3.50,2.9,Novibet,2026-07-25T17:21:29Z
26-27-friendly-fc-porto-vs-aston-villa-2026-07-25,2026-07-25T19:00:00Z,Club Friendlies,FC Porto,Aston Villa,over_under_35,under,3.5,Under 3.50,1.4,Interwetten,2026-07-25T16:40:53Z
26-27-friendly-fc-porto-vs-aston-villa-2026-07-25,2026-07-25T19:00:00Z,Club Friendlies,FC Porto,Aston Villa,total_corners,over,10.5,Over 10.50,3.85,Novibet,2026-07-24T20:04:19Z
26-27-friendly-fc-porto-vs-aston-villa-2026-07-25,2026-07-25T19:00:00Z,Club Friendlies,FC Porto,Aston Villa,total_corners,over,6.5,Over 6.50,1.31,Novibet,2026-07-24T20:04:18Z
26-27-friendly-fc-porto-vs-aston-villa-2026-07-25,2026-07-25T19:00:00Z,Club Friendlies,FC Porto,Aston Villa,total_corners,over,7.5,Over 7.50,1.59,Novibet,2026-07-24T20:04:18Z
26-27-friendly-fc-porto-vs-aston-villa-2026-07-25,2026-07-25T19:00:00Z,Club Friendlies,FC Porto,Aston Villa,total_corners,over,8.5,Over 8.50,2.03,Novibet,2026-07-24T20:04:18Z
26-27-friendly-fc-porto-vs-aston-villa-2026-07-25,2026-07-25T19:00:00Z,Club Friendlies,FC Porto,Aston Villa,total_corners,over,9.5,Over 9.50,2.75,Novibet,2026-07-24T20:04:19Z
26-27-friendly-fc-porto-vs-aston-villa-2026-07-25,2026-07-25T19:00:00Z,Club Friendlies,FC Porto,Aston Villa,total_corners,under,10.5,Under 10.50,1.23,Novibet,2026-07-24T20:04:19Z
26-27-friendly-fc-porto-vs-aston-villa-2026-07-25,2026-07-25T19:00:00Z,Club Friendlies,FC Porto,Aston Villa,total_corners,under,6.5,Under 6.50,3.2,Novibet,2026-07-24T20:04:18Z
26-27-friendly-fc-porto-vs-aston-villa-2026-07-25,2026-07-25T19:00:00Z,Club Friendlies,FC Porto,Aston Villa,total_corners,under,7.5,Under 7.50,2.25,Novibet,2026-07-24T20:04:18Z
26-27-friendly-fc-porto-vs-aston-villa-2026-07-25,2026-07-25T19:00:00Z,Club Friendlies,FC Porto,Aston Villa,total_corners,under,8.5,Under 8.50,2.0,Bet365,2026-07-25T19:12:10Z
26-27-friendly-fc-porto-vs-aston-villa-2026-07-25,2026-07-25T19:00:00Z,Club Friendlies,FC Porto,Aston Villa,total_corners,under,9.5,Under 9.50,1.41,Novibet,2026-07-24T20:04:19Z
26-27-friendly-leeds-united-vs-wrexham-2026-07-25,2026-07-25T23:30:00Z,Club Friendlies,Leeds United,Wrexham,1x2,AWAY,,Wrexham,3.8,Novibet,2026-07-25T23:55:51Z
26-27-friendly-leeds-united-vs-wrexham-2026-07-25,2026-07-25T23:30:00Z,Club Friendlies,Leeds United,Wrexham,1x2,DRAW,,Draw,3.75,Bet365,2026-07-25T20:22:53Z
26-27-friendly-leeds-united-vs-wrexham-2026-07-25,2026-07-25T23:30:00Z,Club Friendlies,Leeds United,Wrexham,1x2,HOME,,Leeds United,1.89,Novibet,2026-07-25T23:55:51Z
26-27-friendly-leeds-united-vs-wrexham-2026-07-25,2026-07-25T23:30:00Z,Club Friendlies,Leeds United,Wrexham,btts,no,,No,2.4,Novibet,2026-07-25T23:43:20Z
26-27-friendly-leeds-united-vs-wrexham-2026-07-25,2026-07-25T23:30:00Z,Club Friendlies,Leeds United,Wrexham,btts,yes,,Yes,1.571,Bet365,2026-07-25T20:23:00Z
26-27-friendly-leeds-united-vs-wrexham-2026-07-25,2026-07-25T23:30:00Z,Club Friendlies,Leeds United,Wrexham,double_chance,12,,Leeds United or Wrexham,1.25,Interwetten,2026-07-25T20:22:53Z
26-27-friendly-leeds-united-vs-wrexham-2026-07-25,2026-07-25T23:30:00Z,Club Friendlies,Leeds United,Wrexham,double_chance,1X,,Leeds United or Draw,1.25,Interwetten,2026-07-25T23:05:44Z
26-27-friendly-leeds-united-vs-wrexham-2026-07-25,2026-07-25T23:30:00Z,Club Friendlies,Leeds United,Wrexham,double_chance,X2,,Draw or Wrexham,1.909,Bet365,2026-07-25T20:22:54Z
26-27-friendly-leeds-united-vs-wrexham-2026-07-25,2026-07-25T23:30:00Z,Club Friendlies,Leeds United,Wrexham,draw_no_bet,AWAY,,Wrexham,3.0,Bet365,2026-07-25T20:23:00Z
26-27-friendly-leeds-united-vs-wrexham-2026-07-25,2026-07-25T23:30:00Z,Club Friendlies,Leeds United,Wrexham,draw_no_bet,HOME,,Leeds United,1.41,Novibet,2026-07-25T23:55:55Z
26-27-friendly-leeds-united-vs-wrexham-2026-07-25,2026-07-25T23:30:00Z,Club Friendlies,Leeds United,Wrexham,over_under_15,over,1.5,Over 1.50,1.18,Novibet,2026-07-25T20:22:54Z
26-27-friendly-leeds-united-vs-wrexham-2026-07-25,2026-07-25T23:30:00Z,Club Friendlies,Leeds United,Wrexham,over_under_15,under,1.5,Under 1.50,4.5,Bet365,2026-07-25T20:22:54Z
26-27-friendly-leeds-united-vs-wrexham-2026-07-25,2026-07-25T23:30:00Z,Club Friendlies,Leeds United,Wrexham,over_under_25,over,2.5,Over 2.50,1.59,Novibet,2026-07-25T21:52:39Z
26-27-friendly-leeds-united-vs-wrexham-2026-07-25,2026-07-25T23:30:00Z,Club Friendlies,Leeds United,Wrexham,over_under_25,under,2.5,Under 2.50,2.35,Bet365,2026-07-25T20:22:54Z
26-27-friendly-leeds-united-vs-wrexham-2026-07-25,2026-07-25T23:30:00Z,Club Friendlies,Leeds United,Wrexham,over_under_35,over,3.5,Over 3.50,2.4,Novibet,2026-07-25T20:22:55Z
26-27-friendly-leeds-united-vs-wrexham-2026-07-25,2026-07-25T23:30:00Z,Club Friendlies,Leeds United,Wrexham,over_under_35,under,3.5,Under 3.50,1.533,Bet365,2026-07-25T20:22:55Z
26-27-friendly-leeds-united-vs-wrexham-2026-07-25,2026-07-25T23:30:00Z,Club Friendlies,Leeds United,Wrexham,total_corners,over,10.5,Over 10.50,3.45,Novibet,2026-07-25T20:23:13Z
26-27-friendly-leeds-united-vs-wrexham-2026-07-25,2026-07-25T23:30:00Z,Club Friendlies,Leeds United,Wrexham,total_corners,over,6.5,Over 6.50,1.26,Novibet,2026-07-25T20:23:12Z
26-27-friendly-leeds-united-vs-wrexham-2026-07-25,2026-07-25T23:30:00Z,Club Friendlies,Leeds United,Wrexham,total_corners,over,7.5,Over 7.50,1.5,Novibet,2026-07-25T20:23:13Z
26-27-friendly-leeds-united-vs-wrexham-2026-07-25,2026-07-25T23:30:00Z,Club Friendlies,Leeds United,Wrexham,total_corners,over,8.5,Over 8.50,1.87,Novibet,2026-07-25T20:23:13Z
26-27-friendly-leeds-united-vs-wrexham-2026-07-25,2026-07-25T23:30:00Z,Club Friendlies,Leeds United,Wrexham,total_corners,over,9.5,Over 9.50,2.5,Novibet,2026-07-25T20:23:13Z
26-27-friendly-leeds-united-vs-wrexham-2026-07-25,2026-07-25T23:30:00Z,Club Friendlies,Leeds United,Wrexham,total_corners,under,10.5,Under 10.50,1.28,Novibet,2026-07-25T20:23:13Z
26-27-friendly-leeds-united-vs-wrexham-2026-07-25,2026-07-25T23:30:00Z,Club Friendlies,Leeds United,Wrexham,total_corners,under,6.5,Under 6.50,3.55,Novibet,2026-07-25T20:23:12Z
26-27-friendly-leeds-united-vs-wrexham-2026-07-25,2026-07-25T23:30:00Z,Club Friendlies,Leeds United,Wrexham,total_corners,under,7.5,Under 7.50,2.45,Novibet,2026-07-25T20:23:13Z
26-27-friendly-leeds-united-vs-wrexham-2026-07-25,2026-07-25T23:30:00Z,Club Friendlies,Leeds United,Wrexham,total_corners,under,8.5,Under 8.50,1.85,Novibet,2026-07-25T20:23:13Z
26-27-friendly-leeds-united-vs-wrexham-2026-07-25,2026-07-25T23:30:00Z,Club Friendlies,Leeds United,Wrexham,total_corners,under,9.5,Under 9.50,1.49,Novibet,2026-07-25T20:23:13Z
26-27-friendly-liverpool-vs-sunderland-2026-07-25,2026-07-25T22:00:00Z,Club Friendlies,Liverpool FC,Sunderland,1x2,AWAY,,Sunderland,4.4,Novibet,2026-07-25T22:35:17Z
26-27-friendly-liverpool-vs-sunderland-2026-07-25,2026-07-25T22:00:00Z,Club Friendlies,Liverpool FC,Sunderland,1x2,DRAW,,Draw,4.3,Novibet,2026-07-25T22:35:17Z
26-27-friendly-liverpool-vs-sunderland-2026-07-25,2026-07-25T22:00:00Z,Club Friendlies,Liverpool FC,Sunderland,1x2,HOME,,Liverpool FC,1.75,Betsson,2026-07-25T22:14:24Z
26-27-friendly-liverpool-vs-sunderland-2026-07-25,2026-07-25T22:00:00Z,Club Friendlies,Liverpool FC,Sunderland,btts,no,,No,2.48,Betsson,2026-07-25T22:14:31Z
26-27-friendly-liverpool-vs-sunderland-2026-07-25,2026-07-25T22:00:00Z,Club Friendlies,Liverpool FC,Sunderland,btts,yes,,Yes,1.571,Bet365,2026-07-25T21:33:30Z
26-27-friendly-liverpool-vs-sunderland-2026-07-25,2026-07-25T22:00:00Z,Club Friendlies,Liverpool FC,Sunderland,double_chance,12,,Liverpool FC or Sunderland,1.22,Interwetten,2026-07-25T21:33:25Z
26-27-friendly-liverpool-vs-sunderland-2026-07-25,2026-07-25T22:00:00Z,Club Friendlies,Liverpool FC,Sunderland,double_chance,1X,,Liverpool FC or Draw,1.222,Bet365,2026-07-25T21:33:25Z
26-27-friendly-liverpool-vs-sunderland-2026-07-25,2026-07-25T22:00:00Z,Club Friendlies,Liverpool FC,Sunderland,double_chance,X2,,Draw or Sunderland,2.2,Novibet,2026-07-25T22:35:17Z
26-27-friendly-liverpool-vs-sunderland-2026-07-25,2026-07-25T22:00:00Z,Club Friendlies,Liverpool FC,Sunderland,draw_no_bet,AWAY,,Sunderland,3.25,Bet365,2026-07-25T22:35:22Z
26-27-friendly-liverpool-vs-sunderland-2026-07-25,2026-07-25T22:00:00Z,Club Friendlies,Liverpool FC,Sunderland,draw_no_bet,HOME,,Liverpool FC,1.333,Bet365,2026-07-25T22:35:22Z
26-27-friendly-liverpool-vs-sunderland-2026-07-25,2026-07-25T22:00:00Z,Club Friendlies,Liverpool FC,Sunderland,over_under_15,over,1.5,Over 1.50,1.15,Interwetten,2026-07-25T17:37:48Z
26-27-friendly-liverpool-vs-sunderland-2026-07-25,2026-07-25T22:00:00Z,Club Friendlies,Liverpool FC,Sunderland,over_under_15,under,1.5,Under 1.50,5.0,Novibet,2026-07-25T22:35:18Z
26-27-friendly-liverpool-vs-sunderland-2026-07-25,2026-07-25T22:00:00Z,Club Friendlies,Liverpool FC,Sunderland,over_under_25,over,2.5,Over 2.50,1.5,Interwetten,2026-07-25T16:36:32Z
26-27-friendly-liverpool-vs-sunderland-2026-07-25,2026-07-25T22:00:00Z,Club Friendlies,Liverpool FC,Sunderland,over_under_25,under,2.5,Under 2.50,2.52,Betsson,2026-07-25T22:14:25Z
26-27-friendly-liverpool-vs-sunderland-2026-07-25,2026-07-25T22:00:00Z,Club Friendlies,Liverpool FC,Sunderland,over_under_35,over,3.5,Over 3.50,2.25,Novibet,2026-07-25T05:35:30Z
26-27-friendly-liverpool-vs-sunderland-2026-07-25,2026-07-25T22:00:00Z,Club Friendlies,Liverpool FC,Sunderland,over_under_35,under,3.5,Under 3.50,1.62,Betsson,2026-07-25T22:14:26Z
26-27-friendly-liverpool-vs-sunderland-2026-07-25,2026-07-25T22:00:00Z,Club Friendlies,Liverpool FC,Sunderland,total_corners,over,10.5,Over 10.50,2.75,Novibet,2026-07-25T22:35:31Z
26-27-friendly-liverpool-vs-sunderland-2026-07-25,2026-07-25T22:00:00Z,Club Friendlies,Liverpool FC,Sunderland,total_corners,over,6.5,Over 6.50,1.22,Novibet,2026-07-25T21:33:38Z
26-27-friendly-liverpool-vs-sunderland-2026-07-25,2026-07-25T22:00:00Z,Club Friendlies,Liverpool FC,Sunderland,total_corners,over,7.5,Over 7.50,1.33,Novibet,2026-07-25T22:35:30Z
26-27-friendly-liverpool-vs-sunderland-2026-07-25,2026-07-25T22:00:00Z,Club Friendlies,Liverpool FC,Sunderland,total_corners,over,8.5,Over 8.50,1.727,Bet365,2026-07-24T22:34:12Z
26-27-friendly-liverpool-vs-sunderland-2026-07-25,2026-07-25T22:00:00Z,Club Friendlies,Liverpool FC,Sunderland,total_corners,over,9.5,Over 9.50,2.1,Novibet,2026-07-25T22:35:31Z
26-27-friendly-liverpool-vs-sunderland-2026-07-25,2026-07-25T22:00:00Z,Club Friendlies,Liverpool FC,Sunderland,total_corners,under,10.5,Under 10.50,1.667,Bet365,2026-07-25T22:35:31Z
26-27-friendly-liverpool-vs-sunderland-2026-07-25,2026-07-25T22:00:00Z,Club Friendlies,Liverpool FC,Sunderland,total_corners,under,6.5,Under 6.50,4.0,Novibet,2026-07-25T21:33:38Z
26-27-friendly-liverpool-vs-sunderland-2026-07-25,2026-07-25T22:00:00Z,Club Friendlies,Liverpool FC,Sunderland,total_corners,under,7.5,Under 7.50,2.85,Novibet,2026-07-25T22:35:30Z
26-27-friendly-liverpool-vs-sunderland-2026-07-25,2026-07-25T22:00:00Z,Club Friendlies,Liverpool FC,Sunderland,total_corners,under,8.5,Under 8.50,2.1,Novibet,2026-07-25T22:35:30Z
26-27-friendly-liverpool-vs-sunderland-2026-07-25,2026-07-25T22:00:00Z,Club Friendlies,Liverpool FC,Sunderland,total_corners,under,9.5,Under 9.50,1.727,Bet365,2026-07-25T22:35:31Z
26-27-friendly-manchester-united-vs-wrexham-2026-07-18,2026-07-18T15:00:00Z,Club Friendlies,Manchester United,Wrexham,1x2,AWAY,,Wrexham,4.75,Novibet,2026-07-18T15:29:36Z
26-27-friendly-manchester-united-vs-wrexham-2026-07-18,2026-07-18T15:00:00Z,Club Friendlies,Manchester United,Wrexham,1x2,DRAW,,Draw,4.35,Novibet,2026-07-18T15:29:36Z
26-27-friendly-manchester-united-vs-wrexham-2026-07-18,2026-07-18T15:00:00Z,Club Friendlies,Manchester United,Wrexham,1x2,HOME,,Manchester United,1.6,Interwetten,2026-07-18T14:57:17Z
26-27-friendly-manchester-united-vs-wrexham-2026-07-18,2026-07-18T15:00:00Z,Club Friendlies,Manchester United,Wrexham,btts,no,,No,2.68,Betsson,2026-07-18T15:29:44Z
26-27-friendly-manchester-united-vs-wrexham-2026-07-18,2026-07-18T15:00:00Z,Club Friendlies,Manchester United,Wrexham,btts,yes,,Yes,1.571,Bet365,2026-07-18T13:10:31Z
26-27-friendly-manchester-united-vs-wrexham-2026-07-18,2026-07-18T15:00:00Z,Club Friendlies,Manchester United,Wrexham,double_chance,12,,Manchester United or Wrexham,1.2,Interwetten,2026-07-18T13:10:23Z
26-27-friendly-manchester-united-vs-wrexham-2026-07-18,2026-07-18T15:00:00Z,Club Friendlies,Manchester United,Wrexham,double_chance,1X,,Manchester United or Draw,1.17,Interwetten,2026-07-18T14:28:37Z
26-27-friendly-manchester-united-vs-wrexham-2026-07-18,2026-07-18T15:00:00Z,Club Friendlies,Manchester United,Wrexham,double_chance,X2,,Draw or Wrexham,2.375,Bet365,2026-07-18T13:10:23Z
26-27-friendly-manchester-united-vs-wrexham-2026-07-18,2026-07-18T15:00:00Z,Club Friendlies,Manchester United,Wrexham,draw_no_bet,AWAY,,Wrexham,4.0,Bet365,2026-07-18T13:10:31Z
26-27-friendly-manchester-united-vs-wrexham-2026-07-18,2026-07-18T15:00:00Z,Club Friendlies,Manchester United,Wrexham,draw_no_bet,HOME,,Manchester United,1.26,Novibet,2026-07-18T15:29:44Z
26-27-friendly-manchester-united-vs-wrexham-2026-07-18,2026-07-18T15:00:00Z,Club Friendlies,Manchester United,Wrexham,over_under_15,over,1.5,Over 1.50,1.13,Novibet,2026-07-18T15:29:37Z
26-27-friendly-manchester-united-vs-wrexham-2026-07-18,2026-07-18T15:00:00Z,Club Friendlies,Manchester United,Wrexham,over_under_15,under,1.5,Under 1.50,5.5,Interwetten,2026-07-18T11:25:59Z
26-27-friendly-manchester-united-vs-wrexham-2026-07-18,2026-07-18T15:00:00Z,Club Friendlies,Manchester United,Wrexham,over_under_25,over,2.5,Over 2.50,1.444,Bet365,2026-07-17T14:25:56Z
26-27-friendly-manchester-united-vs-wrexham-2026-07-18,2026-07-18T15:00:00Z,Club Friendlies,Manchester United,Wrexham,over_under_25,under,2.5,Under 2.50,2.85,Betsson,2026-07-18T15:29:37Z
26-27-friendly-manchester-united-vs-wrexham-2026-07-18,2026-07-18T15:00:00Z,Club Friendlies,Manchester United,Wrexham,over_under_35,over,3.5,Over 3.50,2.1,Novibet,2026-07-18T15:29:38Z
26-27-friendly-manchester-united-vs-wrexham-2026-07-18,2026-07-18T15:00:00Z,Club Friendlies,Manchester United,Wrexham,over_under_35,under,3.5,Under 3.50,1.82,Betsson,2026-07-18T14:34:35Z
26-27-friendly-manchester-united-vs-wrexham-2026-07-18,2026-07-18T15:00:00Z,Club Friendlies,Manchester United,Wrexham,total_corners,over,10.5,Over 10.50,3.25,Novibet,2026-07-18T13:08:39Z
26-27-friendly-manchester-united-vs-wrexham-2026-07-18,2026-07-18T15:00:00Z,Club Friendlies,Manchester United,Wrexham,total_corners,over,6.5,Over 6.50,1.24,Novibet,2026-07-18T13:08:38Z
26-27-friendly-manchester-united-vs-wrexham-2026-07-18,2026-07-18T15:00:00Z,Club Friendlies,Manchester United,Wrexham,total_corners,over,7.5,Over 7.50,1.46,Novibet,2026-07-18T13:08:39Z
26-27-friendly-manchester-united-vs-wrexham-2026-07-18,2026-07-18T15:00:00Z,Club Friendlies,Manchester United,Wrexham,total_corners,over,8.5,Over 8.50,1.82,Novibet,2026-07-18T13:08:39Z
26-27-friendly-manchester-united-vs-wrexham-2026-07-18,2026-07-18T15:00:00Z,Club Friendlies,Manchester United,Wrexham,total_corners,over,9.5,Over 9.50,2.4,Novibet,2026-07-18T13:08:39Z
26-27-friendly-manchester-united-vs-wrexham-2026-07-18,2026-07-18T15:00:00Z,Club Friendlies,Manchester United,Wrexham,total_corners,under,10.5,Under 10.50,1.3,Novibet,2026-07-18T13:08:39Z
26-27-friendly-manchester-united-vs-wrexham-2026-07-18,2026-07-18T15:00:00Z,Club Friendlies,Manchester United,Wrexham,total_corners,under,6.5,Under 6.50,3.75,Novibet,2026-07-18T13:08:38Z
26-27-friendly-manchester-united-vs-wrexham-2026-07-18,2026-07-18T15:00:00Z,Club Friendlies,Manchester United,Wrexham,total_corners,under,7.5,Under 7.50,2.55,Novibet,2026-07-18T13:08:39Z
26-27-friendly-manchester-united-vs-wrexham-2026-07-18,2026-07-18T15:00:00Z,Club Friendlies,Manchester United,Wrexham,total_corners,under,8.5,Under 8.50,2.0,Bet365,2026-07-18T15:29:58Z
26-27-friendly-manchester-united-vs-wrexham-2026-07-18,2026-07-18T15:00:00Z,Club Friendlies,Manchester United,Wrexham,total_corners,under,9.5,Under 9.50,1.53,Novibet,2026-07-18T13:08:39Z
26-27-friendly-northampton-town-vs-coventry-city-2026-07-18,2026-07-18T13:00:00Z,Club Friendlies,Northampton Town,Coventry City,1x2,AWAY,,Coventry City,1.33,Novibet,2026-07-18T11:07:15Z
26-27-friendly-northampton-town-vs-coventry-city-2026-07-18,2026-07-18T13:00:00Z,Club Friendlies,Northampton Town,Coventry City,1x2,DRAW,,Draw,5.25,Interwetten,2026-07-18T13:53:06Z
26-27-friendly-northampton-town-vs-coventry-city-2026-07-18,2026-07-18T13:00:00Z,Club Friendlies,Northampton Town,Coventry City,1x2,HOME,,Northampton Town,9.8,Betsson,2026-07-18T13:53:06Z
26-27-friendly-northampton-town-vs-coventry-city-2026-07-18,2026-07-18T13:00:00Z,Club Friendlies,Northampton Town,Coventry City,btts,no,,No,1.9,Interwetten,2026-07-18T13:53:12Z
26-27-friendly-northampton-town-vs-coventry-city-2026-07-18,2026-07-18T13:00:00Z,Club Friendlies,Northampton Town,Coventry City,btts,yes,,Yes,1.833,Bet365,2026-07-18T12:07:50Z
26-27-friendly-northampton-town-vs-coventry-city-2026-07-18,2026-07-18T13:00:00Z,Club Friendlies,Northampton Town,Coventry City,double_chance,12,,Northampton Town or Coventry City,1.17,Novibet,2026-07-18T10:06:36Z
26-27-friendly-northampton-town-vs-coventry-city-2026-07-18,2026-07-18T13:00:00Z,Club Friendlies,Northampton Town,Coventry City,double_chance,1X,,Northampton Town or Draw,3.4,Bet365,2026-07-18T12:07:45Z
26-27-friendly-northampton-town-vs-coventry-city-2026-07-18,2026-07-18T13:00:00Z,Club Friendlies,Northampton Town,Coventry City,double_chance,X2,,Draw or Coventry City,1.08,Novibet,2026-07-18T11:07:15Z
26-27-friendly-northampton-town-vs-coventry-city-2026-07-18,2026-07-18T13:00:00Z,Club Friendlies,Northampton Town,Coventry City,draw_no_bet,AWAY,,Coventry City,1.11,Novibet,2026-07-18T11:07:22Z
26-27-friendly-northampton-town-vs-coventry-city-2026-07-18,2026-07-18T13:00:00Z,Club Friendlies,Northampton Town,Coventry City,draw_no_bet,HOME,,Northampton Town,8.0,Betsson,2026-07-18T13:53:12Z
26-27-friendly-northampton-town-vs-coventry-city-2026-07-18,2026-07-18T13:00:00Z,Club Friendlies,Northampton Town,Coventry City,over_under_15,over,1.5,Over 1.50,1.15,Interwetten,2026-07-18T13:53:10Z
26-27-friendly-northampton-town-vs-coventry-city-2026-07-18,2026-07-18T13:00:00Z,Club Friendlies,Northampton Town,Coventry City,over_under_15,under,1.5,Under 1.50,5.0,Bet365,2026-07-17T20:36:46Z
26-27-friendly-northampton-town-vs-coventry-city-2026-07-18,2026-07-18T13:00:00Z,Club Friendlies,Northampton Town,Coventry City,over_under_25,over,2.5,Over 2.50,1.53,Novibet,2026-07-18T10:06:36Z
26-27-friendly-northampton-town-vs-coventry-city-2026-07-18,2026-07-18T13:00:00Z,Club Friendlies,Northampton Town,Coventry City,over_under_25,under,2.5,Under 2.50,2.55,Interwetten,2026-07-18T13:53:08Z
26-27-friendly-northampton-town-vs-coventry-city-2026-07-18,2026-07-18T13:00:00Z,Club Friendlies,Northampton Town,Coventry City,over_under_35,over,3.5,Over 3.50,2.3,Novibet,2026-07-18T09:52:30Z
26-27-friendly-northampton-town-vs-coventry-city-2026-07-18,2026-07-18T13:00:00Z,Club Friendlies,Northampton Town,Coventry City,over_under_35,under,3.5,Under 3.50,1.667,Bet365,2026-07-18T12:07:46Z
26-27-friendly-nottingham-forest-vs-blackburn-rovers-2026-07-22,2026-07-22T10:00:00Z,Club Friendlies,Nottingham Forest,Blackburn Rovers,1x2,AWAY,,Blackburn Rovers,4.7,Betsson,2026-07-22T10:20:21Z
26-27-friendly-nottingham-forest-vs-blackburn-rovers-2026-07-22,2026-07-22T10:00:00Z,Club Friendlies,Nottingham Forest,Blackburn Rovers,1x2,DRAW,,Draw,4.45,Novibet,2026-07-22T10:20:21Z
26-27-friendly-nottingham-forest-vs-blackburn-rovers-2026-07-22,2026-07-22T10:00:00Z,Club Friendlies,Nottingham Forest,Blackburn Rovers,1x2,HOME,,Nottingham Forest,1.62,Betsson,2026-07-22T10:20:21Z
26-27-friendly-nottingham-forest-vs-blackburn-rovers-2026-07-22,2026-07-22T10:00:00Z,Club Friendlies,Nottingham Forest,Blackburn Rovers,btts,no,,No,2.18,Betsson,2026-07-22T10:10:25Z
26-27-friendly-nottingham-forest-vs-blackburn-rovers-2026-07-22,2026-07-22T10:00:00Z,Club Friendlies,Nottingham Forest,Blackburn Rovers,btts,yes,,Yes,1.667,Bet365,2026-07-22T09:50:30Z
26-27-friendly-nottingham-forest-vs-blackburn-rovers-2026-07-22,2026-07-22T10:00:00Z,Club Friendlies,Nottingham Forest,Blackburn Rovers,double_chance,12,,Nottingham Forest or Blackburn Rovers,1.2,Interwetten,2026-07-22T09:33:23Z
26-27-friendly-nottingham-forest-vs-blackburn-rovers-2026-07-22,2026-07-22T10:00:00Z,Club Friendlies,Nottingham Forest,Blackburn Rovers,double_chance,1X,,Nottingham Forest or Draw,1.2,Interwetten,2026-07-22T10:20:21Z
26-27-friendly-nottingham-forest-vs-blackburn-rovers-2026-07-22,2026-07-22T10:00:00Z,Club Friendlies,Nottingham Forest,Blackburn Rovers,double_chance,X2,,Draw or Blackburn Rovers,2.25,Novibet,2026-07-22T10:20:21Z
26-27-friendly-nottingham-forest-vs-blackburn-rovers-2026-07-22,2026-07-22T10:00:00Z,Club Friendlies,Nottingham Forest,Blackburn Rovers,draw_no_bet,AWAY,,Blackburn Rovers,3.75,Betsson,2026-07-22T10:20:25Z
26-27-friendly-nottingham-forest-vs-blackburn-rovers-2026-07-22,2026-07-22T10:00:00Z,Club Friendlies,Nottingham Forest,Blackburn Rovers,draw_no_bet,HOME,,Nottingham Forest,1.3,Bet365,2026-07-22T10:20:25Z
26-27-friendly-nottingham-forest-vs-blackburn-rovers-2026-07-22,2026-07-22T10:00:00Z,Club Friendlies,Nottingham Forest,Blackburn Rovers,over_under_15,over,1.5,Over 1.50,1.17,Interwetten,2026-07-22T10:20:22Z
26-27-friendly-nottingham-forest-vs-blackburn-rovers-2026-07-22,2026-07-22T10:00:00Z,Club Friendlies,Nottingham Forest,Blackburn Rovers,over_under_15,under,1.5,Under 1.50,4.5,Novibet,2026-07-22T10:20:22Z
26-27-friendly-nottingham-forest-vs-blackburn-rovers-2026-07-22,2026-07-22T10:00:00Z,Club Friendlies,Nottingham Forest,Blackburn Rovers,over_under_25,over,2.5,Over 2.50,1.6,Interwetten,2026-07-22T10:20:21Z
26-27-friendly-nottingham-forest-vs-blackburn-rovers-2026-07-22,2026-07-22T10:00:00Z,Club Friendlies,Nottingham Forest,Blackburn Rovers,over_under_25,under,2.5,Under 2.50,2.35,Bet365,2026-07-22T09:33:23Z
26-27-friendly-nottingham-forest-vs-blackburn-rovers-2026-07-22,2026-07-22T10:00:00Z,Club Friendlies,Nottingham Forest,Blackburn Rovers,over_under_35,over,3.5,Over 3.50,2.48,Betsson,2026-07-22T10:20:22Z
26-27-friendly-nottingham-forest-vs-blackburn-rovers-2026-07-22,2026-07-22T10:00:00Z,Club Friendlies,Nottingham Forest,Blackburn Rovers,over_under_35,under,3.5,Under 3.50,1.533,Bet365,2026-07-22T10:20:22Z
26-27-friendly-nottingham-forest-vs-blackburn-rovers-2026-07-22,2026-07-22T10:00:00Z,Club Friendlies,Nottingham Forest,Blackburn Rovers,total_corners,over,10.5,Over 10.50,2.55,Novibet,2026-07-22T10:20:31Z
26-27-friendly-nottingham-forest-vs-blackburn-rovers-2026-07-22,2026-07-22T10:00:00Z,Club Friendlies,Nottingham Forest,Blackburn Rovers,total_corners,over,11.5,Over 11.50,3.45,Novibet,2026-07-22T10:20:32Z
26-27-friendly-nottingham-forest-vs-blackburn-rovers-2026-07-22,2026-07-22T10:00:00Z,Club Friendlies,Nottingham Forest,Blackburn Rovers,total_corners,over,7.5,Over 7.50,1.28,Novibet,2026-07-22T10:20:31Z
26-27-friendly-nottingham-forest-vs-blackburn-rovers-2026-07-22,2026-07-22T10:00:00Z,Club Friendlies,Nottingham Forest,Blackburn Rovers,total_corners,over,8.5,Over 8.50,1.833,Bet365,2026-07-21T14:06:16Z
26-27-friendly-nottingham-forest-vs-blackburn-rovers-2026-07-22,2026-07-22T10:00:00Z,Club Friendlies,Nottingham Forest,Blackburn Rovers,total_corners,over,9.5,Over 9.50,2.0,Novibet,2026-07-22T10:20:31Z
26-27-friendly-nottingham-forest-vs-blackburn-rovers-2026-07-22,2026-07-22T10:00:00Z,Club Friendlies,Nottingham Forest,Blackburn Rovers,total_corners,under,10.5,Under 10.50,1.4,Novibet,2026-07-22T10:20:31Z
26-27-friendly-nottingham-forest-vs-blackburn-rovers-2026-07-22,2026-07-22T10:00:00Z,Club Friendlies,Nottingham Forest,Blackburn Rovers,total_corners,under,11.5,Under 11.50,1.22,Novibet,2026-07-22T10:20:32Z
26-27-friendly-nottingham-forest-vs-blackburn-rovers-2026-07-22,2026-07-22T10:00:00Z,Club Friendlies,Nottingham Forest,Blackburn Rovers,total_corners,under,7.5,Under 7.50,2.9,Novibet,2026-07-22T10:20:31Z
26-27-friendly-nottingham-forest-vs-blackburn-rovers-2026-07-22,2026-07-22T10:00:00Z,Club Friendlies,Nottingham Forest,Blackburn Rovers,total_corners,under,8.5,Under 8.50,2.25,Novibet,2026-07-22T10:20:31Z
26-27-friendly-nottingham-forest-vs-blackburn-rovers-2026-07-22,2026-07-22T10:00:00Z,Club Friendlies,Nottingham Forest,Blackburn Rovers,total_corners,under,9.5,Under 9.50,1.727,Bet365,2026-07-22T09:33:37Z
26-27-friendly-notts-county-vs-nottingham-forest-2026-07-18,2026-07-18T14:00:00Z,Club Friendlies,Notts County,Nottingham Forest,1x2,AWAY,,Nottingham Forest,1.52,Betsson,2026-07-18T13:33:59Z
26-27-friendly-notts-county-vs-nottingham-forest-2026-07-18,2026-07-18T14:00:00Z,Club Friendlies,Notts County,Nottingham Forest,1x2,DRAW,,Draw,4.35,Novibet,2026-07-18T14:24:29Z
26-27-friendly-notts-county-vs-nottingham-forest-2026-07-18,2026-07-18T14:00:00Z,Club Friendlies,Notts County,Nottingham Forest,1x2,HOME,,Notts County,5.75,Bet365,2026-07-18T14:07:25Z
26-27-friendly-notts-county-vs-nottingham-forest-2026-07-18,2026-07-18T14:00:00Z,Club Friendlies,Notts County,Nottingham Forest,btts,no,,No,2.2,Novibet,2026-07-18T14:24:38Z
26-27-friendly-notts-county-vs-nottingham-forest-2026-07-18,2026-07-18T14:00:00Z,Club Friendlies,Notts County,Nottingham Forest,btts,yes,,Yes,1.727,Bet365,2026-07-18T14:07:33Z
26-27-friendly-notts-county-vs-nottingham-forest-2026-07-18,2026-07-18T14:00:00Z,Club Friendlies,Notts County,Nottingham Forest,double_chance,12,,Notts County or Nottingham Forest,1.2,Interwetten,2026-07-18T08:06:21Z
26-27-friendly-notts-county-vs-nottingham-forest-2026-07-18,2026-07-18T14:00:00Z,Club Friendlies,Notts County,Nottingham Forest,double_chance,1X,,Notts County or Draw,2.6,Bet365,2026-07-18T14:07:25Z
26-27-friendly-notts-county-vs-nottingham-forest-2026-07-18,2026-07-18T14:00:00Z,Club Friendlies,Notts County,Nottingham Forest,double_chance,X2,,Draw or Nottingham Forest,1.12,Interwetten,2026-07-18T14:07:25Z
26-27-friendly-notts-county-vs-nottingham-forest-2026-07-18,2026-07-18T14:00:00Z,Club Friendlies,Notts County,Nottingham Forest,draw_no_bet,AWAY,,Nottingham Forest,1.18,Betsson,2026-07-18T14:07:33Z
26-27-friendly-notts-county-vs-nottingham-forest-2026-07-18,2026-07-18T14:00:00Z,Club Friendlies,Notts County,Nottingham Forest,draw_no_bet,HOME,,Notts County,4.5,Bet365,2026-07-18T14:07:33Z
26-27-friendly-notts-county-vs-nottingham-forest-2026-07-18,2026-07-18T14:00:00Z,Club Friendlies,Notts County,Nottingham Forest,over_under_15,over,1.5,Over 1.50,1.167,Bet365,2026-07-17T20:36:51Z
26-27-friendly-notts-county-vs-nottingham-forest-2026-07-18,2026-07-18T14:00:00Z,Club Friendlies,Notts County,Nottingham Forest,over_under_15,under,1.5,Under 1.50,5.0,Novibet,2026-07-18T14:24:31Z
26-27-friendly-notts-county-vs-nottingham-forest-2026-07-18,2026-07-18T14:00:00Z,Club Friendlies,Notts County,Nottingham Forest,over_under_25,over,2.5,Over 2.50,1.533,Bet365,2026-07-17T20:36:50Z
26-27-friendly-notts-county-vs-nottingham-forest-2026-07-18,2026-07-18T14:00:00Z,Club Friendlies,Notts County,Nottingham Forest,over_under_25,under,2.5,Under 2.50,2.45,Novibet,2026-07-18T14:24:30Z
26-27-friendly-notts-county-vs-nottingham-forest-2026-07-18,2026-07-18T14:00:00Z,Club Friendlies,Notts County,Nottingham Forest,over_under_35,over,3.5,Over 3.50,2.28,Betsson,2026-07-18T13:34:00Z
26-27-friendly-notts-county-vs-nottingham-forest-2026-07-18,2026-07-18T14:00:00Z,Club Friendlies,Notts County,Nottingham Forest,over_under_35,under,3.5,Under 3.50,1.62,Novibet,2026-07-18T14:24:32Z
26-27-friendly-stoke-city-vs-everton-2026-07-28,2026-07-28T18:45:00Z,Club Friendlies,Stoke City,Everton,1x2,AWAY,,Everton,1.71,Novibet,2026-07-27T02:04:19Z
26-27-friendly-stoke-city-vs-everton-2026-07-28,2026-07-28T18:45:00Z,Club Friendlies,Stoke City,Everton,1x2,DRAW,,Draw,4.3,Novibet,2026-07-27T02:04:19Z
26-27-friendly-stoke-city-vs-everton-2026-07-28,2026-07-28T18:45:00Z,Club Friendlies,Stoke City,Everton,1x2,HOME,,Stoke City,3.95,Novibet,2026-07-27T02:04:19Z
26-27-friendly-stoke-city-vs-everton-2026-07-28,2026-07-28T18:45:00Z,Club Friendlies,Stoke City,Everton,btts,no,,No,2.55,Novibet,2026-07-27T02:04:22Z
26-27-friendly-stoke-city-vs-everton-2026-07-28,2026-07-28T18:45:00Z,Club Friendlies,Stoke City,Everton,btts,yes,,Yes,1.46,Novibet,2026-07-27T02:04:22Z
26-27-friendly-stoke-city-vs-everton-2026-07-28,2026-07-28T18:45:00Z,Club Friendlies,Stoke City,Everton,double_chance,12,,Stoke City or Everton,1.2,Novibet,2026-07-25T14:18:25Z
26-27-friendly-stoke-city-vs-everton-2026-07-28,2026-07-28T18:45:00Z,Club Friendlies,Stoke City,Everton,double_chance,1X,,Stoke City or Draw,2.0,Novibet,2026-07-25T14:18:25Z
26-27-friendly-stoke-city-vs-everton-2026-07-28,2026-07-28T18:45:00Z,Club Friendlies,Stoke City,Everton,double_chance,X2,,Draw or Everton,1.22,Novibet,2026-07-25T14:18:25Z
26-27-friendly-stoke-city-vs-everton-2026-07-28,2026-07-28T18:45:00Z,Club Friendlies,Stoke City,Everton,draw_no_bet,AWAY,,Everton,1.35,Novibet,2026-07-27T02:04:22Z
26-27-friendly-stoke-city-vs-everton-2026-07-28,2026-07-28T18:45:00Z,Club Friendlies,Stoke City,Everton,draw_no_bet,HOME,,Stoke City,3.0,Novibet,2026-07-27T02:04:22Z
26-27-friendly-stoke-city-vs-everton-2026-07-28,2026-07-28T18:45:00Z,Club Friendlies,Stoke City,Everton,over_under_15,over,1.5,Over 1.50,1.12,Novibet,2026-07-27T02:04:20Z
26-27-friendly-stoke-city-vs-everton-2026-07-28,2026-07-28T18:45:00Z,Club Friendlies,Stoke City,Everton,over_under_15,under,1.5,Under 1.50,5.45,Novibet,2026-07-27T02:04:20Z
26-27-friendly-stoke-city-vs-everton-2026-07-28,2026-07-28T18:45:00Z,Club Friendlies,Stoke City,Everton,over_under_25,over,2.5,Over 2.50,1.42,Novibet,2026-07-27T02:04:19Z
26-27-friendly-stoke-city-vs-everton-2026-07-28,2026-07-28T18:45:00Z,Club Friendlies,Stoke City,Everton,over_under_25,under,2.5,Under 2.50,2.7,Novibet,2026-07-27T02:04:19Z
26-27-friendly-stoke-city-vs-everton-2026-07-28,2026-07-28T18:45:00Z,Club Friendlies,Stoke City,Everton,over_under_35,over,3.5,Over 3.50,2.0,Novibet,2026-07-27T02:04:20Z
26-27-friendly-stoke-city-vs-everton-2026-07-28,2026-07-28T18:45:00Z,Club Friendlies,Stoke City,Everton,over_under_35,under,3.5,Under 3.50,1.72,Novibet,2026-07-27T02:04:20Z
26-27-friendly-tottenham-hotspur-vs-milton-keynes-dons-2026-07-22,2026-07-22T16:00:00Z,Club Friendlies,Tottenham Hotspur,Milton Keynes Dons,1x2,AWAY,,Milton Keynes Dons,10.0,Interwetten,2026-07-22T15:53:28Z
26-27-friendly-tottenham-hotspur-vs-milton-keynes-dons-2026-07-22,2026-07-22T16:00:00Z,Club Friendlies,Tottenham Hotspur,Milton Keynes Dons,1x2,DRAW,,Draw,7.0,Interwetten,2026-07-22T15:53:28Z
26-27-friendly-tottenham-hotspur-vs-milton-keynes-dons-2026-07-22,2026-07-22T16:00:00Z,Club Friendlies,Tottenham Hotspur,Milton Keynes Dons,1x2,HOME,,Tottenham Hotspur,1.24,Betsson,2026-07-22T15:53:28Z
26-27-friendly-tottenham-hotspur-vs-milton-keynes-dons-2026-07-22,2026-07-22T16:00:00Z,Club Friendlies,Tottenham Hotspur,Milton Keynes Dons,btts,no,,No,2.32,Betsson,2026-07-22T15:53:33Z
26-27-friendly-tottenham-hotspur-vs-milton-keynes-dons-2026-07-22,2026-07-22T16:00:00Z,Club Friendlies,Tottenham Hotspur,Milton Keynes Dons,btts,yes,,Yes,1.727,Bet365,2026-07-22T15:53:33Z
26-27-friendly-tottenham-hotspur-vs-milton-keynes-dons-2026-07-22,2026-07-22T16:00:00Z,Club Friendlies,Tottenham Hotspur,Milton Keynes Dons,double_chance,12,,Tottenham Hotspur or Milton Keynes Dons,1.09,Interwetten,2026-07-22T15:53:28Z
26-27-friendly-tottenham-hotspur-vs-milton-keynes-dons-2026-07-22,2026-07-22T16:00:00Z,Club Friendlies,Tottenham Hotspur,Milton Keynes Dons,double_chance,1X,,Tottenham Hotspur or Draw,1.06,Novibet,2026-07-22T16:03:19Z
26-27-friendly-tottenham-hotspur-vs-milton-keynes-dons-2026-07-22,2026-07-22T16:00:00Z,Club Friendlies,Tottenham Hotspur,Milton Keynes Dons,double_chance,X2,,Draw or Milton Keynes Dons,4.2,Interwetten,2026-07-22T15:53:28Z
26-27-friendly-tottenham-hotspur-vs-milton-keynes-dons-2026-07-22,2026-07-22T16:00:00Z,Club Friendlies,Tottenham Hotspur,Milton Keynes Dons,draw_no_bet,AWAY,,Milton Keynes Dons,7.5,Bet365,2026-07-22T15:53:33Z
26-27-friendly-tottenham-hotspur-vs-milton-keynes-dons-2026-07-22,2026-07-22T16:00:00Z,Club Friendlies,Tottenham Hotspur,Milton Keynes Dons,draw_no_bet,HOME,,Tottenham Hotspur,1.071,Bet365,2026-07-22T15:53:33Z
26-27-friendly-tottenham-hotspur-vs-milton-keynes-dons-2026-07-22,2026-07-22T16:00:00Z,Club Friendlies,Tottenham Hotspur,Milton Keynes Dons,over_under_15,over,1.5,Over 1.50,1.071,Bet365,2026-07-22T15:53:28Z
26-27-friendly-tottenham-hotspur-vs-milton-keynes-dons-2026-07-22,2026-07-22T16:00:00Z,Club Friendlies,Tottenham Hotspur,Milton Keynes Dons,over_under_15,under,1.5,Under 1.50,7.5,Bet365,2026-07-22T15:53:28Z
26-27-friendly-tottenham-hotspur-vs-milton-keynes-dons-2026-07-22,2026-07-22T16:00:00Z,Club Friendlies,Tottenham Hotspur,Milton Keynes Dons,over_under_25,over,2.5,Over 2.50,1.3,Novibet,2026-07-22T16:06:32Z
26-27-friendly-tottenham-hotspur-vs-milton-keynes-dons-2026-07-22,2026-07-22T16:00:00Z,Club Friendlies,Tottenham Hotspur,Milton Keynes Dons,over_under_25,under,2.5,Under 2.50,3.55,Betsson,2026-07-22T16:06:32Z
26-27-friendly-tottenham-hotspur-vs-milton-keynes-dons-2026-07-22,2026-07-22T16:00:00Z,Club Friendlies,Tottenham Hotspur,Milton Keynes Dons,over_under_35,over,3.5,Over 3.50,1.78,Novibet,2026-07-22T16:06:33Z
26-27-friendly-tottenham-hotspur-vs-milton-keynes-dons-2026-07-22,2026-07-22T16:00:00Z,Club Friendlies,Tottenham Hotspur,Milton Keynes Dons,over_under_35,under,3.5,Under 3.50,2.02,Betsson,2026-07-22T16:03:20Z
26-27-friendly-tottenham-hotspur-vs-milton-keynes-dons-2026-07-22,2026-07-22T16:00:00Z,Club Friendlies,Tottenham Hotspur,Milton Keynes Dons,total_corners,over,7.5,Over 7.50,1.46,Novibet,2026-07-21T20:07:19Z
26-27-friendly-tottenham-hotspur-vs-milton-keynes-dons-2026-07-22,2026-07-22T16:00:00Z,Club Friendlies,Tottenham Hotspur,Milton Keynes Dons,total_corners,over,8.5,Over 8.50,1.82,Novibet,2026-07-21T20:07:19Z
26-27-friendly-tottenham-hotspur-vs-milton-keynes-dons-2026-07-22,2026-07-22T16:00:00Z,Club Friendlies,Tottenham Hotspur,Milton Keynes Dons,total_corners,over,9.5,Over 9.50,2.4,Novibet,2026-07-21T20:07:19Z
26-27-friendly-tottenham-hotspur-vs-milton-keynes-dons-2026-07-22,2026-07-22T16:00:00Z,Club Friendlies,Tottenham Hotspur,Milton Keynes Dons,total_corners,under,7.5,Under 7.50,2.45,Novibet,2026-07-21T20:07:19Z
26-27-friendly-tottenham-hotspur-vs-milton-keynes-dons-2026-07-22,2026-07-22T16:00:00Z,Club Friendlies,Tottenham Hotspur,Milton Keynes Dons,total_corners,under,8.5,Under 8.50,2.1,Bet365,2026-07-22T13:32:11Z
26-27-friendly-tottenham-hotspur-vs-milton-keynes-dons-2026-07-22,2026-07-22T16:00:00Z,Club Friendlies,Tottenham Hotspur,Milton Keynes Dons,total_corners,under,9.5,Under 9.50,1.49,Novibet,2026-07-21T20:07:19Z
26-27-friendly-walsall-vs-aston-villa-2026-07-21,2026-07-21T18:30:00Z,Club Friendlies,Walsall,Aston Villa,1x2,AWAY,,Aston Villa,1.7,Interwetten,2026-07-21T18:04:13Z
26-27-friendly-walsall-vs-aston-villa-2026-07-21,2026-07-21T18:30:00Z,Club Friendlies,Walsall,Aston Villa,1x2,DRAW,,Draw,5.0,betcity,2026-07-20T21:50:47Z
26-27-friendly-walsall-vs-aston-villa-2026-07-21,2026-07-21T18:30:00Z,Club Friendlies,Walsall,Aston Villa,1x2,HOME,,Walsall,4.72,tipsport,2026-07-20T21:50:47Z
26-27-friendly-walsall-vs-aston-villa-2026-07-21,2026-07-21T18:30:00Z,Club Friendlies,Walsall,Aston Villa,btts,no,,No,2.23,betcity,2026-07-20T21:51:19Z
26-27-friendly-walsall-vs-aston-villa-2026-07-21,2026-07-21T18:30:00Z,Club Friendlies,Walsall,Aston Villa,btts,yes,,Yes,1.73,Bet365,2026-07-21T18:22:42Z
26-27-friendly-walsall-vs-aston-villa-2026-07-21,2026-07-21T18:30:00Z,Club Friendlies,Walsall,Aston Villa,double_chance,12,,Walsall or Aston Villa,1.22,Interwetten,2026-07-21T18:02:57Z
26-27-friendly-walsall-vs-aston-villa-2026-07-21,2026-07-21T18:30:00Z,Club Friendlies,Walsall,Aston Villa,double_chance,1X,,Walsall or Draw,2.66,betfair,2026-07-20T21:51:08Z
26-27-friendly-walsall-vs-aston-villa-2026-07-21,2026-07-21T18:30:00Z,Club Friendlies,Walsall,Aston Villa,double_chance,X2,,Draw or Aston Villa,1.26,betfair,2026-07-20T21:51:08Z
26-27-friendly-walsall-vs-aston-villa-2026-07-21,2026-07-21T18:30:00Z,Club Friendlies,Walsall,Aston Villa,draw_no_bet,AWAY,,Aston Villa,1.33,Bet365,2026-07-20T21:51:15Z
26-27-friendly-walsall-vs-aston-villa-2026-07-21,2026-07-21T18:30:00Z,Club Friendlies,Walsall,Aston Villa,draw_no_bet,HOME,,Walsall,3.55,betfair,2026-07-20T21:51:15Z
26-27-friendly-walsall-vs-aston-villa-2026-07-21,2026-07-21T18:30:00Z,Club Friendlies,Walsall,Aston Villa,over_under_15,over,1.5,Over 1.50,1.2,betfred,2026-07-20T21:50:56Z
26-27-friendly-walsall-vs-aston-villa-2026-07-21,2026-07-21T18:30:00Z,Club Friendlies,Walsall,Aston Villa,over_under_15,under,1.5,Under 1.50,5.2,paddypower,2026-07-20T21:50:57Z
26-27-friendly-walsall-vs-aston-villa-2026-07-21,2026-07-21T18:30:00Z,Club Friendlies,Walsall,Aston Villa,over_under_25,over,2.5,Over 2.50,1.615,Bet365,2026-07-21T18:02:58Z
26-27-friendly-walsall-vs-aston-villa-2026-07-21,2026-07-21T18:30:00Z,Club Friendlies,Walsall,Aston Villa,over_under_25,under,2.5,Under 2.50,2.4,paddypower,2026-07-20T21:50:52Z
26-27-friendly-walsall-vs-aston-villa-2026-07-21,2026-07-21T18:30:00Z,Club Friendlies,Walsall,Aston Villa,over_under_35,over,3.5,Over 3.50,2.5,Bet365,2026-07-21T18:12:24Z
26-27-friendly-walsall-vs-aston-villa-2026-07-21,2026-07-21T18:30:00Z,Club Friendlies,Walsall,Aston Villa,over_under_35,under,3.5,Under 3.50,1.55,boylesports,2026-07-20T21:50:54Z
26-27-friendly-walsall-vs-aston-villa-2026-07-21,2026-07-21T18:30:00Z,Club Friendlies,Walsall,Aston Villa,total_corners,over,7.5,Over 7.50,1.45,Novibet,2026-07-21T18:53:24Z
26-27-friendly-walsall-vs-aston-villa-2026-07-21,2026-07-21T18:30:00Z,Club Friendlies,Walsall,Aston Villa,total_corners,over,8.5,Over 8.50,1.833,Bet365,2026-07-21T08:04:59Z
26-27-friendly-walsall-vs-aston-villa-2026-07-21,2026-07-21T18:30:00Z,Club Friendlies,Walsall,Aston Villa,total_corners,over,9.5,Over 9.50,2.41,1xBet,2026-07-20T21:51:20Z
26-27-friendly-walsall-vs-aston-villa-2026-07-21,2026-07-21T18:30:00Z,Club Friendlies,Walsall,Aston Villa,total_corners,under,7.5,Under 7.50,2.45,Novibet,2026-07-21T18:53:24Z
26-27-friendly-walsall-vs-aston-villa-2026-07-21,2026-07-21T18:30:00Z,Club Friendlies,Walsall,Aston Villa,total_corners,under,8.5,Under 8.50,1.91,Novibet,2026-07-21T18:53:24Z
26-27-friendly-walsall-vs-aston-villa-2026-07-21,2026-07-21T18:30:00Z,Club Friendlies,Walsall,Aston Villa,total_corners,under,9.5,Under 9.50,1.5,granmadrid,2026-07-20T21:51:20Z
26-27-friendly-york-city-vs-sunderland-2026-07-18,2026-07-18T14:00:00Z,Club Friendlies,York City,Sunderland,1x2,AWAY,,Sunderland,1.32,Novibet,2026-07-18T10:08:22Z
26-27-friendly-york-city-vs-sunderland-2026-07-18,2026-07-18T14:00:00Z,Club Friendlies,York City,Sunderland,1x2,DRAW,,Draw,5.0,Bet365,2026-07-18T14:05:27Z
26-27-friendly-york-city-vs-sunderland-2026-07-18,2026-07-18T14:00:00Z,Club Friendlies,York City,Sunderland,1x2,HOME,,York City,8.8,Betsson,2026-07-18T14:05:27Z
26-27-friendly-york-city-vs-sunderland-2026-07-18,2026-07-18T14:00:00Z,Club Friendlies,York City,Sunderland,btts,no,,No,2.02,Betsson,2026-07-18T14:05:34Z
26-27-friendly-york-city-vs-sunderland-2026-07-18,2026-07-18T14:00:00Z,Club Friendlies,York City,Sunderland,btts,yes,,Yes,1.75,Novibet,2026-07-18T13:09:33Z
26-27-friendly-york-city-vs-sunderland-2026-07-18,2026-07-18T14:00:00Z,Club Friendlies,York City,Sunderland,double_chance,12,,York City or Sunderland,1.15,Betsson,2026-07-18T14:05:27Z
26-27-friendly-york-city-vs-sunderland-2026-07-18,2026-07-18T14:00:00Z,Club Friendlies,York City,Sunderland,double_chance,1X,,York City or Draw,3.2,Bet365,2026-07-18T14:05:27Z
26-27-friendly-york-city-vs-sunderland-2026-07-18,2026-07-18T14:00:00Z,Club Friendlies,York City,Sunderland,double_chance,X2,,Draw or Sunderland,1.08,Novibet,2026-07-18T10:08:22Z
26-27-friendly-york-city-vs-sunderland-2026-07-18,2026-07-18T14:00:00Z,Club Friendlies,York City,Sunderland,draw_no_bet,AWAY,,Sunderland,1.111,Bet365,2026-07-18T14:05:35Z
26-27-friendly-york-city-vs-sunderland-2026-07-18,2026-07-18T14:00:00Z,Club Friendlies,York City,Sunderland,draw_no_bet,HOME,,York City,7.0,Betsson,2026-07-18T14:05:35Z
26-27-friendly-york-city-vs-sunderland-2026-07-18,2026-07-18T14:00:00Z,Club Friendlies,York City,Sunderland,over_under_15,over,1.5,Over 1.50,1.15,Novibet,2026-07-18T13:09:27Z
26-27-friendly-york-city-vs-sunderland-2026-07-18,2026-07-18T14:00:00Z,Club Friendlies,York City,Sunderland,over_under_15,under,1.5,Under 1.50,5.5,Bet365,2026-07-18T02:10:59Z
26-27-friendly-york-city-vs-sunderland-2026-07-18,2026-07-18T14:00:00Z,Club Friendlies,York City,Sunderland,over_under_25,over,2.5,Over 2.50,1.49,Novibet,2026-07-18T13:09:27Z
26-27-friendly-york-city-vs-sunderland-2026-07-18,2026-07-18T14:00:00Z,Club Friendlies,York City,Sunderland,over_under_25,under,2.5,Under 2.50,2.625,Bet365,2026-07-18T02:10:58Z
26-27-friendly-york-city-vs-sunderland-2026-07-18,2026-07-18T14:00:00Z,Club Friendlies,York City,Sunderland,over_under_35,over,3.5,Over 3.50,2.25,Novibet,2026-07-18T13:09:27Z
26-27-friendly-york-city-vs-sunderland-2026-07-18,2026-07-18T14:00:00Z,Club Friendlies,York City,Sunderland,over_under_35,under,3.5,Under 3.50,1.727,Bet365,2026-07-18T02:10:59Z
26-27-friendly-york-city-vs-sunderland-2026-07-18,2026-07-18T14:00:00Z,Club Friendlies,York City,Sunderland,total_corners,over,7.5,Over 7.50,1.48,Novibet,2026-07-18T07:37:42Z
26-27-friendly-york-city-vs-sunderland-2026-07-18,2026-07-18T14:00:00Z,Club Friendlies,York City,Sunderland,total_corners,over,8.5,Over 8.50,1.85,Novibet,2026-07-18T07:37:43Z
26-27-friendly-york-city-vs-sunderland-2026-07-18,2026-07-18T14:00:00Z,Club Friendlies,York City,Sunderland,total_corners,over,9.5,Over 9.50,2.45,Novibet,2026-07-18T07:37:43Z
26-27-friendly-york-city-vs-sunderland-2026-07-18,2026-07-18T14:00:00Z,Club Friendlies,York City,Sunderland,total_corners,under,7.5,Under 7.50,2.4,Novibet,2026-07-18T07:37:42Z
26-27-friendly-york-city-vs-sunderland-2026-07-18,2026-07-18T14:00:00Z,Club Friendlies,York City,Sunderland,total_corners,under,8.5,Under 8.50,1.833,Bet365,2026-07-18T02:11:27Z
26-27-friendly-york-city-vs-sunderland-2026-07-18,2026-07-18T14:00:00Z,Club Friendlies,York City,Sunderland,total_corners,under,9.5,Under 9.50,1.46,Novibet,2026-07-18T07:37:43Z
