player_id,gameweek,position,team_code,points_roll3,points_roll5,xg_roll3,xg_roll5,xa_roll3,xa_roll5,bps_roll3,bps_roll5,ict_roll3,ict_roll5,minutes_roll3,minutes_roll5,defcon_roll3,defcon_roll5,points_std5,team_xg_for_roll5,team_xg_against_roll5,team_elo,opp_xg_against_roll5,opp_elo,has_double_gw,ppm_roll5,start_rate_roll5,gkp_saves_roll3,def_clean_sheet_roll5,def_attacking_return_rate,mid_creativity_roll3,mid_threat_roll3,mid_shots_on_target_roll3,mid_touches_box_roll3,fwd_xg_roll3,fwd_shots_on_target_roll3,fwd_touches_box_roll3,is_penalty_taker,is_corner_freekick_taker,is_direct_freekick_taker
1,1,GKP,3,,,,,,,,,,,,,,,,,,1993.36,,1799.46,False,,,,,,,,,,,,,0,0,0
2,1,GKP,3,,,,,,,,,,,,,,,,,,1993.36,,1799.46,False,,,,,,,,,,,,,0,0,0
3,1,GKP,3,,,,,,,,,,,,,,,,,,1993.36,,1799.46,False,,,,,,,,,,,,,0,0,0
4,1,GKP,3,,,,,,,,,,,,,,,,,,1993.36,,1799.46,False,,,,,,,,,,,,,0,0,0
5,1,DEF,3,,,,,,,,,,,,,,,,,,1993.36,,1799.46,False,,,,,,,,,,,,,0,0,0
6,1,DEF,3,,,,,,,,,,,,,,,,,,1993.36,,1799.46,False,,,,,,,,,,,,,0,0,0
7,1,DEF,3,,,,,,,,,,,,,,,,,,1993.36,,1799.46,False,,,,,,,,,,,,,0,0,0
8,1,DEF,3,,,,,,,,,,,,,,,,,,1993.36,,1799.46,False,,,,,,,,,,,,,0,0,0
9,1,DEF,3,,,,,,,,,,,,,,,,,,1993.36,,1799.46,False,,,,,,,,,,,,,0,0,0
10,1,DEF,3,,,,,,,,,,,,,,,,,,1993.36,,1799.46,False,,,,,,,,,,,,,0,0,0
11,1,DEF,3,,,,,,,,,,,,,,,,,,1993.36,,1799.46,False,,,,,,,,,,,,,0,0,0
12,1,DEF,3,,,,,,,,,,,,,,,,,,1993.36,,1799.46,False,,,,,,,,,,,,,0,0,0
13,1,DEF,3,,,,,,,,,,,,,,,,,,1993.36,,1799.46,False,,,,,,,,,,,,,0,0,0
14,1,DEF,3,,,,,,,,,,,,,,,,,,1993.36,,1799.46,False,,,,,,,,,,,,,0,0,0
15,1,DEF,3,,,,,,,,,,,,,,,,,,1993.36,,1799.46,False,,,,,,,,,,,,,0,0,0
16,1,MID,3,,,,,,,,,,,,,,,,,,1993.36,,1799.46,False,,,,,,,,,,,,,0,0,0
17,1,MID,3,,,,,,,,,,,,,,,,,,1993.36,,1799.46,False,,,,,,,,,,,,,0,0,0
18,1,MID,3,,,,,,,,,,,,,,,,,,1993.36,,1799.46,False,,,,,,,,,,,,,0,0,0
19,1,MID,3,,,,,,,,,,,,,,,,,,1993.36,,1799.46,False,,,,,,,,,,,,,0,0,0
20,1,MID,3,,,,,,,,,,,,,,,,,,1993.36,,1799.46,False,,,,,,,,,,,,,0,0,0
21,1,MID,3,,,,,,,,,,,,,,,,,,1993.36,,1799.46,False,,,,,,,,,,,,,0,0,0
22,1,MID,3,,,,,,,,,,,,,,,,,,1993.36,,1799.46,False,,,,,,,,,,,,,0,0,0
23,1,MID,3,,,,,,,,,,,,,,,,,,1993.36,,1799.46,False,,,,,,,,,,,,,0,0,0
24,1,MID,3,,,,,,,,,,,,,,,,,,1993.36,,1799.46,False,,,,,,,,,,,,,0,0,0
25,1,MID,3,,,,,,,,,,,,,,,,,,1993.36,,1799.46,False,,,,,,,,,,,,,0,0,0
26,1,MID,3,,,,,,,,,,,,,,,,,,1993.36,,1799.46,False,,,,,,,,,,,,,0,0,0
27,1,MID,3,,,,,,,,,,,,,,,,,,1993.36,,1799.46,False,,,,,,,,,,,,,0,0,0
28,1,MID,3,,,,,,,,,,,,,,,,,,1993.36,,1799.46,False,,,,,,,,,,,,,0,0,0
29,1,MID,3,,,,,,,,,,,,,,,,,,1993.36,,1799.46,False,,,,,,,,,,,,,0,0,0
30,1,FWD,3,,,,,,,,,,,,,,,,,,1993.36,,1799.46,False,,,,,,,,,,,,,0,0,0
31,1,FWD,3,,,,,,,,,,,,,,,,,,1993.36,,1799.46,False,,,,,,,,,,,,,0,0,0
32,1,GKP,7,,,,,,,,,,,,,,,,,,1872.85,,1868.57,False,,,,,,,,,,,,,0,0,0
33,1,GKP,7,,,,,,,,,,,,,,,,,,1872.85,,1868.57,False,,,,,,,,,,,,,0,0,0
34,1,GKP,7,,,,,,,,,,,,,,,,,,1872.85,,1868.57,False,,,,,,,,,,,,,0,0,0
35,1,GKP,7,,,,,,,,,,,,,,,,,,1872.85,,1868.57,False,,,,,,,,,,,,,0,0,0
36,1,DEF,7,,,,,,,,,,,,,,,,,,1872.85,,1868.57,False,,,,,,,,,,,,,0,0,0
37,1,DEF,7,,,,,,,,,,,,,,,,,,1872.85,,1868.57,False,,,,,,,,,,,,,0,0,0
38,1,DEF,7,,,,,,,,,,,,,,,,,,1872.85,,1868.57,False,,,,,,,,,,,,,0,0,0
39,1,DEF,7,,,,,,,,,,,,,,,,,,1872.85,,1868.57,False,,,,,,,,,,,,,0,0,0
40,1,DEF,7,,,,,,,,,,,,,,,,,,1872.85,,1868.57,False,,,,,,,,,,,,,0,0,0
41,1,DEF,7,,,,,,,,,,,,,,,,,,1872.85,,1868.57,False,,,,,,,,,,,,,0,0,0
42,1,DEF,7,,,,,,,,,,,,,,,,,,1872.85,,1868.57,False,,,,,,,,,,,,,0,0,0
43,1,DEF,7,,,,,,,,,,,,,,,,,,1872.85,,1868.57,False,,,,,,,,,,,,,0,0,0
44,1,DEF,7,,,,,,,,,,,,,,,,,,1872.85,,1868.57,False,,,,,,,,,,,,,0,0,0
45,1,DEF,7,,,,,,,,,,,,,,,,,,1872.85,,1868.57,False,,,,,,,,,,,,,0,0,0
46,1,DEF,7,,,,,,,,,,,,,,,,,,1872.85,,1868.57,False,,,,,,,,,,,,,0,0,0
47,1,MID,7,,,,,,,,,,,,,,,,,,1872.85,,1868.57,False,,,,,,,,,,,,,0,0,0
48,1,MID,7,,,,,,,,,,,,,,,,,,1872.85,,1868.57,False,,,,,,,,,,,,,0,0,0
49,1,MID,7,,,,,,,,,,,,,,,,,,1872.85,,1868.57,False,,,,,,,,,,,,,0,0,0
50,1,MID,7,,,,,,,,,,,,,,,,,,1872.85,,1868.57,False,,,,,,,,,,,,,0,0,0
51,1,MID,7,,,,,,,,,,,,,,,,,,1872.85,,1868.57,False,,,,,,,,,,,,,0,0,0
52,1,MID,7,,,,,,,,,,,,,,,,,,1872.85,,1868.57,False,,,,,,,,,,,,,0,0,0
53,1,MID,7,,,,,,,,,,,,,,,,,,1872.85,,1868.57,False,,,,,,,,,,,,,0,0,0
54,1,MID,7,,,,,,,,,,,,,,,,,,1872.85,,1868.57,False,,,,,,,,,,,,,0,0,0
55,1,MID,7,,,,,,,,,,,,,,,,,,1872.85,,1868.57,False,,,,,,,,,,,,,0,0,0
56,1,MID,7,,,,,,,,,,,,,,,,,,1872.85,,1868.57,False,,,,,,,,,,,,,0,0,0
57,1,MID,7,,,,,,,,,,,,,,,,,,1872.85,,1868.57,False,,,,,,,,,,,,,0,0,0
58,1,MID,7,,,,,,,,,,,,,,,,,,1872.85,,1868.57,False,,,,,,,,,,,,,0,0,0
59,1,MID,7,,,,,,,,,,,,,,,,,,1872.85,,1868.57,False,,,,,,,,,,,,,0,0,0
60,1,MID,7,,,,,,,,,,,,,,,,,,1872.85,,1868.57,False,,,,,,,,,,,,,0,0,0
61,1,MID,7,,,,,,,,,,,,,,,,,,1872.85,,1868.57,False,,,,,,,,,,,,,0,0,0
62,1,MID,7,,,,,,,,,,,,,,,,,,1872.85,,1868.57,False,,,,,,,,,,,,,0,0,0
63,1,MID,7,,,,,,,,,,,,,,,,,,1872.85,,1868.57,False,,,,,,,,,,,,,0,0,0
64,1,FWD,7,,,,,,,,,,,,,,,,,,1872.85,,1868.57,False,,,,,,,,,,,,,0,0,0
65,1,FWD,7,,,,,,,,,,,,,,,,,,1872.85,,1868.57,False,,,,,,,,,,,,,0,0,0
66,1,GKP,91,,,,,,,,,,,,,,,,,,1808.1,,1993.42,False,,,,,,,,,,,,,0,0,0
67,1,GKP,91,,,,,,,,,,,,,,,,,,1808.1,,1993.42,False,,,,,,,,,,,,,0,0,0
68,1,GKP,91,,,,,,,,,,,,,,,,,,1808.1,,1993.42,False,,,,,,,,,,,,,0,0,0
69,1,GKP,91,,,,,,,,,,,,,,,,,,1808.1,,1993.42,False,,,,,,,,,,,,,0,0,0
70,1,GKP,91,,,,,,,,,,,,,,,,,,1808.1,,1993.42,False,,,,,,,,,,,,,0,0,0
71,1,DEF,91,,,,,,,,,,,,,,,,,,1808.1,,1993.42,False,,,,,,,,,,,,,0,0,0
72,1,DEF,91,,,,,,,,,,,,,,,,,,1808.1,,1993.42,False,,,,,,,,,,,,,0,0,0
73,1,DEF,91,,,,,,,,,,,,,,,,,,1808.1,,1993.42,False,,,,,,,,,,,,,0,0,0
74,1,DEF,91,,,,,,,,,,,,,,,,,,1808.1,,1993.42,False,,,,,,,,,,,,,0,0,0
75,1,DEF,91,,,,,,,,,,,,,,,,,,1808.1,,1993.42,False,,,,,,,,,,,,,0,0,0
76,1,DEF,91,,,,,,,,,,,,,,,,,,1808.1,,1993.42,False,,,,,,,,,,,,,0,0,0
77,1,DEF,91,,,,,,,,,,,,,,,,,,1808.1,,1993.42,False,,,,,,,,,,,,,0,0,0
78,1,DEF,91,,,,,,,,,,,,,,,,,,1808.1,,1993.42,False,,,,,,,,,,,,,0,0,0
79,1,DEF,91,,,,,,,,,,,,,,,,,,1808.1,,1993.42,False,,,,,,,,,,,,,0,0,0
80,1,DEF,91,,,,,,,,,,,,,,,,,,1808.1,,1993.42,False,,,,,,,,,,,,,0,0,0
81,1,MID,91,,,,,,,,,,,,,,,,,,1808.1,,1993.42,False,,,,,,,,,,,,,0,0,0
82,1,MID,91,,,,,,,,,,,,,,,,,,1808.1,,1993.42,False,,,,,,,,,,,,,0,0,0
83,1,MID,91,,,,,,,,,,,,,,,,,,1808.1,,1993.42,False,,,,,,,,,,,,,0,0,0
84,1,MID,91,,,,,,,,,,,,,,,,,,1808.1,,1993.42,False,,,,,,,,,,,,,0,0,0
85,1,MID,91,,,,,,,,,,,,,,,,,,1808.1,,1993.42,False,,,,,,,,,,,,,0,0,0
86,1,MID,91,,,,,,,,,,,,,,,,,,1808.1,,1993.42,False,,,,,,,,,,,,,0,0,0
87,1,MID,91,,,,,,,,,,,,,,,,,,1808.1,,1993.42,False,,,,,,,,,,,,,0,0,0
88,1,MID,91,,,,,,,,,,,,,,,,,,1808.1,,1993.42,False,,,,,,,,,,,,,0,0,0
89,1,MID,91,,,,,,,,,,,,,,,,,,1808.1,,1993.42,False,,,,,,,,,,,,,0,0,0
90,1,MID,91,,,,,,,,,,,,,,,,,,1808.1,,1993.42,False,,,,,,,,,,,,,0,0,0
91,1,MID,91,,,,,,,,,,,,,,,,,,1808.1,,1993.42,False,,,,,,,,,,,,,0,0,0
92,1,MID,91,,,,,,,,,,,,,,,,,,1808.1,,1993.42,False,,,,,,,,,,,,,0,0,0
93,1,MID,91,,,,,,,,,,,,,,,,,,1808.1,,1993.42,False,,,,,,,,,,,,,0,0,0
94,1,MID,91,,,,,,,,,,,,,,,,,,1808.1,,1993.42,False,,,,,,,,,,,,,0,0,0
95,1,MID,91,,,,,,,,,,,,,,,,,,1808.1,,1993.42,False,,,,,,,,,,,,,0,0,0
96,1,MID,91,,,,,,,,,,,,,,,,,,1808.1,,1993.42,False,,,,,,,,,,,,,0,0,0
97,1,FWD,91,,,,,,,,,,,,,,,,,,1808.1,,1993.42,False,,,,,,,,,,,,,0,0,0
98,1,FWD,91,,,,,,,,,,,,,,,,,,1808.1,,1993.42,False,,,,,,,,,,,,,0,0,0
99,1,FWD,91,,,,,,,,,,,,,,,,,,1808.1,,1993.42,False,,,,,,,,,,,,,0,0,0
100,1,FWD,91,,,,,,,,,,,,,,,,,,1808.1,,1993.42,False,,,,,,,,,,,,,0,0,0
101,1,GKP,94,,,,,,,,,,,,,,,,,,1811.3,,1802.85,False,,,,,,,,,,,,,0,0,0
102,1,GKP,94,,,,,,,,,,,,,,,,,,1811.3,,1802.85,False,,,,,,,,,,,,,0,0,0
103,1,GKP,94,,,,,,,,,,,,,,,,,,1811.3,,1802.85,False,,,,,,,,,,,,,0,0,0
104,1,GKP,94,,,,,,,,,,,,,,,,,,1811.3,,1802.85,False,,,,,,,,,,,,,0,0,0
105,1,GKP,94,,,,,,,,,,,,,,,,,,1811.3,,1802.85,False,,,,,,,,,,,,,0,0,0
106,1,DEF,94,,,,,,,,,,,,,,,,,,1811.3,,1802.85,False,,,,,,,,,,,,,0,0,0
107,1,DEF,94,,,,,,,,,,,,,,,,,,1811.3,,1802.85,False,,,,,,,,,,,,,0,0,0
108,1,DEF,94,,,,,,,,,,,,,,,,,,1811.3,,1802.85,False,,,,,,,,,,,,,0,0,0
109,1,DEF,94,,,,,,,,,,,,,,,,,,1811.3,,1802.85,False,,,,,,,,,,,,,0,0,0
110,1,DEF,94,,,,,,,,,,,,,,,,,,1811.3,,1802.85,False,,,,,,,,,,,,,0,0,0
111,1,DEF,94,,,,,,,,,,,,,,,,,,1811.3,,1802.85,False,,,,,,,,,,,,,0,0,0
112,1,DEF,94,,,,,,,,,,,,,,,,,,1811.3,,1802.85,False,,,,,,,,,,,,,0,0,0
113,1,DEF,94,,,,,,,,,,,,,,,,,,1811.3,,1802.85,False,,,,,,,,,,,,,0,0,0
114,1,DEF,94,,,,,,,,,,,,,,,,,,1811.3,,1802.85,False,,,,,,,,,,,,,0,0,0
115,1,DEF,94,,,,,,,,,,,,,,,,,,1811.3,,1802.85,False,,,,,,,,,,,,,0,0,0
116,1,DEF,94,,,,,,,,,,,,,,,,,,1811.3,,1802.85,False,,,,,,,,,,,,,0,0,0
117,1,DEF,94,,,,,,,,,,,,,,,,,,1811.3,,1802.85,False,,,,,,,,,,,,,0,0,0
118,1,DEF,94,,,,,,,,,,,,,,,,,,1811.3,,1802.85,False,,,,,,,,,,,,,0,0,0
119,1,MID,1,,,,,,,,,,,,,,,,,,1799.46,,1993.36,False,,,,,,,,,,,,,0,0,0
120,1,MID,94,,,,,,,,,,,,,,,,,,1811.3,,1802.85,False,,,,,,,,,,,,,0,0,0
121,1,MID,94,,,,,,,,,,,,,,,,,,1811.3,,1802.85,False,,,,,,,,,,,,,0,0,0
122,1,MID,94,,,,,,,,,,,,,,,,,,1811.3,,1802.85,False,,,,,,,,,,,,,0,0,0
123,1,MID,94,,,,,,,,,,,,,,,,,,1811.3,,1802.85,False,,,,,,,,,,,,,0,0,0
124,1,MID,94,,,,,,,,,,,,,,,,,,1811.3,,1802.85,False,,,,,,,,,,,,,0,0,0
125,1,MID,94,,,,,,,,,,,,,,,,,,1811.3,,1802.85,False,,,,,,,,,,,,,0,0,0
126,1,MID,94,,,,,,,,,,,,,,,,,,1811.3,,1802.85,False,,,,,,,,,,,,,0,0,0
127,1,MID,94,,,,,,,,,,,,,,,,,,1811.3,,1802.85,False,,,,,,,,,,,,,0,0,0
128,1,MID,94,,,,,,,,,,,,,,,,,,1811.3,,1802.85,False,,,,,,,,,,,,,0,0,0
129,1,MID,94,,,,,,,,,,,,,,,,,,1811.3,,1802.85,False,,,,,,,,,,,,,0,0,0
130,1,MID,94,,,,,,,,,,,,,,,,,,1811.3,,1802.85,False,,,,,,,,,,,,,0,0,0
131,1,MID,94,,,,,,,,,,,,,,,,,,1811.3,,1802.85,False,,,,,,,,,,,,,0,0,0
132,1,MID,94,,,,,,,,,,,,,,,,,,1811.3,,1802.85,False,,,,,,,,,,,,,0,0,0
133,1,MID,94,,,,,,,,,,,,,,,,,,1811.3,,1802.85,False,,,,,,,,,,,,,0,0,0
134,1,MID,94,,,,,,,,,,,,,,,,,,1811.3,,1802.85,False,,,,,,,,,,,,,0,0,0
135,1,FWD,94,,,,,,,,,,,,,,,,,,1811.3,,1802.85,False,,,,,,,,,,,,,0,0,0
136,1,FWD,94,,,,,,,,,,,,,,,,,,1811.3,,1802.85,False,,,,,,,,,,,,,0,0,0
137,1,FWD,94,,,,,,,,,,,,,,,,,,1811.3,,1802.85,False,,,,,,,,,,,,,0,0,0
138,1,GKP,36,,,,,,,,,,,,,,,,,,1827.14,,1781.73,False,,,,,,,,,,,,,0,0,0
139,1,GKP,36,,,,,,,,,,,,,,,,,,1827.14,,1781.73,False,,,,,,,,,,,,,0,0,0
140,1,GKP,36,,,,,,,,,,,,,,,,,,1827.14,,1781.73,False,,,,,,,,,,,,,0,0,0
141,1,GKP,36,,,,,,,,,,,,,,,,,,1827.14,,1781.73,False,,,,,,,,,,,,,0,0,0
142,1,GKP,36,,,,,,,,,,,,,,,,,,1827.14,,1781.73,False,,,,,,,,,,,,,0,0,0
143,1,DEF,36,,,,,,,,,,,,,,,,,,1827.14,,1781.73,False,,,,,,,,,,,,,0,0,0
144,1,DEF,36,,,,,,,,,,,,,,,,,,1827.14,,1781.73,False,,,,,,,,,,,,,0,0,0
145,1,DEF,36,,,,,,,,,,,,,,,,,,1827.14,,1781.73,False,,,,,,,,,,,,,0,0,0
146,1,DEF,36,,,,,,,,,,,,,,,,,,1827.14,,1781.73,False,,,,,,,,,,,,,0,0,0
147,1,DEF,36,,,,,,,,,,,,,,,,,,1827.14,,1781.73,False,,,,,,,,,,,,,0,0,0
148,1,DEF,36,,,,,,,,,,,,,,,,,,1827.14,,1781.73,False,,,,,,,,,,,,,0,0,0
149,1,DEF,36,,,,,,,,,,,,,,,,,,1827.14,,1781.73,False,,,,,,,,,,,,,0,0,0
150,1,DEF,36,,,,,,,,,,,,,,,,,,1827.14,,1781.73,False,,,,,,,,,,,,,0,0,0
151,1,DEF,36,,,,,,,,,,,,,,,,,,1827.14,,1781.73,False,,,,,,,,,,,,,0,0,0
152,1,DEF,36,,,,,,,,,,,,,,,,,,1827.14,,1781.73,False,,,,,,,,,,,,,0,0,0
153,1,DEF,36,,,,,,,,,,,,,,,,,,1827.14,,1781.73,False,,,,,,,,,,,,,0,0,0
154,1,DEF,36,,,,,,,,,,,,,,,,,,1827.14,,1781.73,False,,,,,,,,,,,,,0,0,0
155,1,DEF,36,,,,,,,,,,,,,,,,,,1827.14,,1781.73,False,,,,,,,,,,,,,0,0,0
156,1,DEF,36,,,,,,,,,,,,,,,,,,1827.14,,1781.73,False,,,,,,,,,,,,,0,0,0
157,1,MID,36,,,,,,,,,,,,,,,,,,1827.14,,1781.73,False,,,,,,,,,,,,,0,0,0
158,1,MID,36,,,,,,,,,,,,,,,,,,1827.14,,1781.73,False,,,,,,,,,,,,,0,0,0
159,1,MID,36,,,,,,,,,,,,,,,,,,1827.14,,1781.73,False,,,,,,,,,,,,,0,0,0
160,1,MID,36,,,,,,,,,,,,,,,,,,1827.14,,1781.73,False,,,,,,,,,,,,,0,0,0
161,1,MID,36,,,,,,,,,,,,,,,,,,1827.14,,1781.73,False,,,,,,,,,,,,,0,0,0
162,1,MID,36,,,,,,,,,,,,,,,,,,1827.14,,1781.73,False,,,,,,,,,,,,,0,0,0
163,1,MID,36,,,,,,,,,,,,,,,,,,1827.14,,1781.73,False,,,,,,,,,,,,,0,0,0
164,1,MID,36,,,,,,,,,,,,,,,,,,1827.14,,1781.73,False,,,,,,,,,,,,,0,0,0
165,1,MID,36,,,,,,,,,,,,,,,,,,1827.14,,1781.73,False,,,,,,,,,,,,,0,0,0
166,1,MID,36,,,,,,,,,,,,,,,,,,1827.14,,1781.73,False,,,,,,,,,,,,,0,0,0
167,1,MID,36,,,,,,,,,,,,,,,,,,1827.14,,1781.73,False,,,,,,,,,,,,,0,0,0
168,1,MID,36,,,,,,,,,,,,,,,,,,1827.14,,1781.73,False,,,,,,,,,,,,,0,0,0
169,1,MID,36,,,,,,,,,,,,,,,,,,1827.14,,1781.73,False,,,,,,,,,,,,,0,0,0
170,1,MID,36,,,,,,,,,,,,,,,,,,1827.14,,1781.73,False,,,,,,,,,,,,,0,0,0
171,1,MID,36,,,,,,,,,,,,,,,,,,1827.14,,1781.73,False,,,,,,,,,,,,,0,0,0
172,1,MID,36,,,,,,,,,,,,,,,,,,1827.14,,1781.73,False,,,,,,,,,,,,,0,0,0
173,1,MID,36,,,,,,,,,,,,,,,,,,1827.14,,1781.73,False,,,,,,,,,,,,,0,0,0
174,1,MID,36,,,,,,,,,,,,,,,,,,1827.14,,1781.73,False,,,,,,,,,,,,,0,0,0
175,1,MID,36,,,,,,,,,,,,,,,,,,1827.14,,1781.73,False,,,,,,,,,,,,,0,0,0
176,1,MID,36,,,,,,,,,,,,,,,,,,1827.14,,1781.73,False,,,,,,,,,,,,,0,0,0
177,1,MID,36,,,,,,,,,,,,,,,,,,1827.14,,1781.73,False,,,,,,,,,,,,,0,0,0
178,1,FWD,36,,,,,,,,,,,,,,,,,,1827.14,,1781.73,False,,,,,,,,,,,,,0,0,0
179,1,FWD,36,,,,,,,,,,,,,,,,,,1827.14,,1781.73,False,,,,,,,,,,,,,0,0,0
180,1,FWD,36,,,,,,,,,,,,,,,,,,1827.14,,1781.73,False,,,,,,,,,,,,,0,0,0
181,1,FWD,36,,,,,,,,,,,,,,,,,,1827.14,,1781.73,False,,,,,,,,,,,,,0,0,0
182,1,GKP,43,,,,,,,,,,,,,,,,,,1959.96,,1735.78,False,,,,,,,,,,,,,0,0,0
183,1,GKP,90,,,,,,,,,,,,,,,,,,1729.6,,1774.01,False,,,,,,,,,,,,,0,0,0
184,1,GKP,90,,,,,,,,,,,,,,,,,,1729.6,,1774.01,False,,,,,,,,,,,,,0,0,0
185,1,GKP,90,,,,,,,,,,,,,,,,,,1729.6,,1774.01,False,,,,,,,,,,,,,0,0,0
186,1,DEF,90,,,,,,,,,,,,,,,,,,1729.6,,1774.01,False,,,,,,,,,,,,,0,0,0
187,1,DEF,90,,,,,,,,,,,,,,,,,,1729.6,,1774.01,False,,,,,,,,,,,,,0,0,0
188,1,DEF,90,,,,,,,,,,,,,,,,,,1729.6,,1774.01,False,,,,,,,,,,,,,0,0,0
189,1,DEF,90,,,,,,,,,,,,,,,,,,1729.6,,1774.01,False,,,,,,,,,,,,,0,0,0
190,1,DEF,90,,,,,,,,,,,,,,,,,,1729.6,,1774.01,False,,,,,,,,,,,,,0,0,0
191,1,DEF,90,,,,,,,,,,,,,,,,,,1729.6,,1774.01,False,,,,,,,,,,,,,0,0,0
192,1,DEF,90,,,,,,,,,,,,,,,,,,1729.6,,1774.01,False,,,,,,,,,,,,,0,0,0
193,1,DEF,90,,,,,,,,,,,,,,,,,,1729.6,,1774.01,False,,,,,,,,,,,,,0,0,0
194,1,DEF,90,,,,,,,,,,,,,,,,,,1729.6,,1774.01,False,,,,,,,,,,,,,0,0,0
195,1,DEF,90,,,,,,,,,,,,,,,,,,1729.6,,1774.01,False,,,,,,,,,,,,,0,0,0
196,1,DEF,90,,,,,,,,,,,,,,,,,,1729.6,,1774.01,False,,,,,,,,,,,,,0,0,0
197,1,DEF,90,,,,,,,,,,,,,,,,,,1729.6,,1774.01,False,,,,,,,,,,,,,0,0,0
198,1,DEF,90,,,,,,,,,,,,,,,,,,1729.6,,1774.01,False,,,,,,,,,,,,,0,0,0
199,1,DEF,90,,,,,,,,,,,,,,,,,,1729.6,,1774.01,False,,,,,,,,,,,,,0,0,0
200,1,MID,90,,,,,,,,,,,,,,,,,,1729.6,,1774.01,False,,,,,,,,,,,,,0,0,0
201,1,MID,90,,,,,,,,,,,,,,,,,,1729.6,,1774.01,False,,,,,,,,,,,,,0,0,0
202,1,MID,90,,,,,,,,,,,,,,,,,,1729.6,,1774.01,False,,,,,,,,,,,,,0,0,0
203,1,MID,90,,,,,,,,,,,,,,,,,,1729.6,,1774.01,False,,,,,,,,,,,,,0,0,0
204,1,MID,90,,,,,,,,,,,,,,,,,,1729.6,,1774.01,False,,,,,,,,,,,,,0,0,0
205,1,MID,90,,,,,,,,,,,,,,,,,,1729.6,,1774.01,False,,,,,,,,,,,,,0,0,0
206,1,MID,90,,,,,,,,,,,,,,,,,,1729.6,,1774.01,False,,,,,,,,,,,,,0,0,0
207,1,MID,90,,,,,,,,,,,,,,,,,,1729.6,,1774.01,False,,,,,,,,,,,,,0,0,0
208,1,MID,90,,,,,,,,,,,,,,,,,,1729.6,,1774.01,False,,,,,,,,,,,,,0,0,0
209,1,MID,90,,,,,,,,,,,,,,,,,,1729.6,,1774.01,False,,,,,,,,,,,,,0,0,0
210,1,MID,90,,,,,,,,,,,,,,,,,,1729.6,,1774.01,False,,,,,,,,,,,,,0,0,0
211,1,MID,90,,,,,,,,,,,,,,,,,,1729.6,,1774.01,False,,,,,,,,,,,,,0,0,0
212,1,MID,90,,,,,,,,,,,,,,,,,,1729.6,,1774.01,False,,,,,,,,,,,,,0,0,0
213,1,MID,90,,,,,,,,,,,,,,,,,,1729.6,,1774.01,False,,,,,,,,,,,,,0,0,0
214,1,MID,90,,,,,,,,,,,,,,,,,,1729.6,,1774.01,False,,,,,,,,,,,,,0,0,0
215,1,FWD,90,,,,,,,,,,,,,,,,,,1729.6,,1774.01,False,,,,,,,,,,,,,0,0,0
216,1,FWD,90,,,,,,,,,,,,,,,,,,1729.6,,1774.01,False,,,,,,,,,,,,,0,0,0
217,1,FWD,90,,,,,,,,,,,,,,,,,,1729.6,,1774.01,False,,,,,,,,,,,,,0,0,0
218,1,FWD,90,,,,,,,,,,,,,,,,,,1729.6,,1774.01,False,,,,,,,,,,,,,0,0,0
219,1,FWD,90,,,,,,,,,,,,,,,,,,1729.6,,1774.01,False,,,,,,,,,,,,,0,0,0
220,1,GKP,8,,,,,,,,,,,,,,,,,,1902.82,,1835.05,False,,,,,,,,,,,,,0,0,0
221,1,GKP,8,,,,,,,,,,,,,,,,,,1902.82,,1835.05,False,,,,,,,,,,,,,0,0,0
222,1,GKP,8,,,,,,,,,,,,,,,,,,1902.82,,1835.05,False,,,,,,,,,,,,,0,0,0
223,1,GKP,8,,,,,,,,,,,,,,,,,,1902.82,,1835.05,False,,,,,,,,,,,,,0,0,0
224,1,DEF,8,,,,,,,,,,,,,,,,,,1902.82,,1835.05,False,,,,,,,,,,,,,0,0,0
225,1,DEF,8,,,,,,,,,,,,,,,,,,1902.82,,1835.05,False,,,,,,,,,,,,,0,0,0
226,1,DEF,8,,,,,,,,,,,,,,,,,,1902.82,,1835.05,False,,,,,,,,,,,,,0,0,0
227,1,DEF,8,,,,,,,,,,,,,,,,,,1902.82,,1835.05,False,,,,,,,,,,,,,0,0,0
228,1,DEF,8,,,,,,,,,,,,,,,,,,1902.82,,1835.05,False,,,,,,,,,,,,,0,0,0
229,1,DEF,8,,,,,,,,,,,,,,,,,,1902.82,,1835.05,False,,,,,,,,,,,,,0,0,0
230,1,DEF,8,,,,,,,,,,,,,,,,,,1902.82,,1835.05,False,,,,,,,,,,,,,0,0,0
231,1,DEF,8,,,,,,,,,,,,,,,,,,1902.82,,1835.05,False,,,,,,,,,,,,,0,0,0
232,1,DEF,8,,,,,,,,,,,,,,,,,,1902.82,,1835.05,False,,,,,,,,,,,,,0,0,0
233,1,DEF,8,,,,,,,,,,,,,,,,,,1902.82,,1835.05,False,,,,,,,,,,,,,0,0,0
234,1,DEF,8,,,,,,,,,,,,,,,,,,1902.82,,1835.05,False,,,,,,,,,,,,,0,0,0
235,1,MID,8,,,,,,,,,,,,,,,,,,1902.82,,1835.05,False,,,,,,,,,,,,,0,0,0
236,1,MID,8,,,,,,,,,,,,,,,,,,1902.82,,1835.05,False,,,,,,,,,,,,,0,0,0
237,1,MID,8,,,,,,,,,,,,,,,,,,1902.82,,1835.05,False,,,,,,,,,,,,,0,0,0
238,1,MID,8,,,,,,,,,,,,,,,,,,1902.82,,1835.05,False,,,,,,,,,,,,,0,0,0
239,1,MID,8,,,,,,,,,,,,,,,,,,1902.82,,1835.05,False,,,,,,,,,,,,,0,0,0
240,1,MID,8,,,,,,,,,,,,,,,,,,1902.82,,1835.05,False,,,,,,,,,,,,,0,0,0
241,1,MID,8,,,,,,,,,,,,,,,,,,1902.82,,1835.05,False,,,,,,,,,,,,,0,0,0
242,1,MID,11,,,,,,,,,,,,,,,,,,1794,,1722.37,False,,,,,,,,,,,,,0,0,0
243,1,MID,8,,,,,,,,,,,,,,,,,,1902.82,,1835.05,False,,,,,,,,,,,,,0,0,0
244,1,MID,8,,,,,,,,,,,,,,,,,,1902.82,,1835.05,False,,,,,,,,,,,,,0,0,0
245,1,MID,8,,,,,,,,,,,,,,,,,,1902.82,,1835.05,False,,,,,,,,,,,,,0,0,0
246,1,MID,8,,,,,,,,,,,,,,,,,,1902.82,,1835.05,False,,,,,,,,,,,,,0,0,0
247,1,MID,8,,,,,,,,,,,,,,,,,,1902.82,,1835.05,False,,,,,,,,,,,,,0,0,0
248,1,MID,8,,,,,,,,,,,,,,,,,,1902.82,,1835.05,False,,,,,,,,,,,,,0,0,0
249,1,FWD,8,,,,,,,,,,,,,,,,,,1902.82,,1835.05,False,,,,,,,,,,,,,0,0,0
250,1,FWD,8,,,,,,,,,,,,,,,,,,1902.82,,1835.05,False,,,,,,,,,,,,,0,0,0
251,1,FWD,8,,,,,,,,,,,,,,,,,,1902.82,,1835.05,False,,,,,,,,,,,,,0,0,0
252,1,FWD,56,,,,,,,,,,,,,,,,,,1547.12,,1750.14,False,,,,,,,,,,,,,0,0,0
253,1,GKP,31,,,,,,,,,,,,,,,,,,1835.05,,1902.82,False,,,,,,,,,,,,,0,0,0
254,1,GKP,31,,,,,,,,,,,,,,,,,,1835.05,,1902.82,False,,,,,,,,,,,,,0,0,0
255,1,GKP,31,,,,,,,,,,,,,,,,,,1835.05,,1902.82,False,,,,,,,,,,,,,0,0,0
256,1,DEF,31,,,,,,,,,,,,,,,,,,1835.05,,1902.82,False,,,,,,,,,,,,,0,0,0
257,1,DEF,31,,,,,,,,,,,,,,,,,,1835.05,,1902.82,False,,,,,,,,,,,,,0,0,0
258,1,DEF,31,,,,,,,,,,,,,,,,,,1835.05,,1902.82,False,,,,,,,,,,,,,0,0,0
259,1,DEF,31,,,,,,,,,,,,,,,,,,1835.05,,1902.82,False,,,,,,,,,,,,,0,0,0
260,1,DEF,31,,,,,,,,,,,,,,,,,,1835.05,,1902.82,False,,,,,,,,,,,,,0,0,0
261,1,DEF,31,,,,,,,,,,,,,,,,,,1835.05,,1902.82,False,,,,,,,,,,,,,0,0,0
262,1,DEF,31,,,,,,,,,,,,,,,,,,1835.05,,1902.82,False,,,,,,,,,,,,,0,0,0
263,1,DEF,31,,,,,,,,,,,,,,,,,,1835.05,,1902.82,False,,,,,,,,,,,,,0,0,0
264,1,DEF,31,,,,,,,,,,,,,,,,,,1835.05,,1902.82,False,,,,,,,,,,,,,0,0,0
265,1,DEF,31,,,,,,,,,,,,,,,,,,1835.05,,1902.82,False,,,,,,,,,,,,,0,0,0
266,1,MID,31,,,,,,,,,,,,,,,,,,1835.05,,1902.82,False,,,,,,,,,,,,,0,0,0
267,1,MID,31,,,,,,,,,,,,,,,,,,1835.05,,1902.82,False,,,,,,,,,,,,,0,0,0
268,1,MID,31,,,,,,,,,,,,,,,,,,1835.05,,1902.82,False,,,,,,,,,,,,,0,0,0
269,1,MID,31,,,,,,,,,,,,,,,,,,1835.05,,1902.82,False,,,,,,,,,,,,,0,0,0
270,1,MID,31,,,,,,,,,,,,,,,,,,1835.05,,1902.82,False,,,,,,,,,,,,,0,0,0
271,1,MID,31,,,,,,,,,,,,,,,,,,1835.05,,1902.82,False,,,,,,,,,,,,,0,0,0
272,1,MID,31,,,,,,,,,,,,,,,,,,1835.05,,1902.82,False,,,,,,,,,,,,,0,0,0
273,1,MID,31,,,,,,,,,,,,,,,,,,1835.05,,1902.82,False,,,,,,,,,,,,,0,0,0
274,1,MID,31,,,,,,,,,,,,,,,,,,1835.05,,1902.82,False,,,,,,,,,,,,,0,0,0
275,1,MID,31,,,,,,,,,,,,,,,,,,1835.05,,1902.82,False,,,,,,,,,,,,,0,0,0
276,1,MID,31,,,,,,,,,,,,,,,,,,1835.05,,1902.82,False,,,,,,,,,,,,,0,0,0
277,1,MID,31,,,,,,,,,,,,,,,,,,1835.05,,1902.82,False,,,,,,,,,,,,,0,0,0
278,1,MID,31,,,,,,,,,,,,,,,,,,1835.05,,1902.82,False,,,,,,,,,,,,,0,0,0
279,1,MID,31,,,,,,,,,,,,,,,,,,1835.05,,1902.82,False,,,,,,,,,,,,,0,0,0
280,1,MID,31,,,,,,,,,,,,,,,,,,1835.05,,1902.82,False,,,,,,,,,,,,,0,0,0
281,1,MID,31,,,,,,,,,,,,,,,,,,1835.05,,1902.82,False,,,,,,,,,,,,,0,0,0
282,1,MID,31,,,,,,,,,,,,,,,,,,1835.05,,1902.82,False,,,,,,,,,,,,,0,0,0
283,1,FWD,31,,,,,,,,,,,,,,,,,,1835.05,,1902.82,False,,,,,,,,,,,,,0,0,0
284,1,FWD,31,,,,,,,,,,,,,,,,,,1835.05,,1902.82,False,,,,,,,,,,,,,0,0,0
285,1,FWD,31,,,,,,,,,,,,,,,,,,1835.05,,1902.82,False,,,,,,,,,,,,,0,0,0
286,1,FWD,31,,,,,,,,,,,,,,,,,,1835.05,,1902.82,False,,,,,,,,,,,,,0,0,0
287,1,GKP,11,,,,,,,,,,,,,,,,,,1794,,1722.37,False,,,,,,,,,,,,,0,0,0
288,1,GKP,11,,,,,,,,,,,,,,,,,,1794,,1722.37,False,,,,,,,,,,,,,0,0,0
289,1,GKP,11,,,,,,,,,,,,,,,,,,1794,,1722.37,False,,,,,,,,,,,,,0,0,0
290,1,DEF,11,,,,,,,,,,,,,,,,,,1794,,1722.37,False,,,,,,,,,,,,,0,0,0
291,1,DEF,11,,,,,,,,,,,,,,,,,,1794,,1722.37,False,,,,,,,,,,,,,0,0,0
292,1,DEF,11,,,,,,,,,,,,,,,,,,1794,,1722.37,False,,,,,,,,,,,,,0,0,0
293,1,DEF,11,,,,,,,,,,,,,,,,,,1794,,1722.37,False,,,,,,,,,,,,,0,0,0
294,1,DEF,11,,,,,,,,,,,,,,,,,,1794,,1722.37,False,,,,,,,,,,,,,0,0,0
295,1,DEF,11,,,,,,,,,,,,,,,,,,1794,,1722.37,False,,,,,,,,,,,,,0,0,0
296,1,DEF,11,,,,,,,,,,,,,,,,,,1794,,1722.37,False,,,,,,,,,,,,,0,0,0
297,1,DEF,11,,,,,,,,,,,,,,,,,,1794,,1722.37,False,,,,,,,,,,,,,0,0,0
298,1,DEF,11,,,,,,,,,,,,,,,,,,1794,,1722.37,False,,,,,,,,,,,,,0,0,0
299,1,MID,11,,,,,,,,,,,,,,,,,,1794,,1722.37,False,,,,,,,,,,,,,0,0,0
300,1,MID,11,,,,,,,,,,,,,,,,,,1794,,1722.37,False,,,,,,,,,,,,,0,0,0
301,1,MID,11,,,,,,,,,,,,,,,,,,1794,,1722.37,False,,,,,,,,,,,,,0,0,0
302,1,MID,11,,,,,,,,,,,,,,,,,,1794,,1722.37,False,,,,,,,,,,,,,0,0,0
303,1,MID,11,,,,,,,,,,,,,,,,,,1794,,1722.37,False,,,,,,,,,,,,,0,0,0
304,1,MID,11,,,,,,,,,,,,,,,,,,1794,,1722.37,False,,,,,,,,,,,,,0,0,0
305,1,MID,11,,,,,,,,,,,,,,,,,,1794,,1722.37,False,,,,,,,,,,,,,0,0,0
306,1,MID,11,,,,,,,,,,,,,,,,,,1794,,1722.37,False,,,,,,,,,,,,,0,0,0
307,1,MID,11,,,,,,,,,,,,,,,,,,1794,,1722.37,False,,,,,,,,,,,,,0,0,0
308,1,MID,11,,,,,,,,,,,,,,,,,,1794,,1722.37,False,,,,,,,,,,,,,0,0,0
309,1,MID,11,,,,,,,,,,,,,,,,,,1794,,1722.37,False,,,,,,,,,,,,,0,0,0
310,1,FWD,11,,,,,,,,,,,,,,,,,,1794,,1722.37,False,,,,,,,,,,,,,0,0,0
311,1,FWD,11,,,,,,,,,,,,,,,,,,1794,,1722.37,False,,,,,,,,,,,,,0,0,0
312,1,FWD,11,,,,,,,,,,,,,,,,,,1794,,1722.37,False,,,,,,,,,,,,,0,0,0
313,1,FWD,11,,,,,,,,,,,,,,,,,,1794,,1722.37,False,,,,,,,,,,,,,0,0,0
314,1,GKP,54,,,,,,,,,,,,,,,,,,1781.73,,1827.14,False,,,,,,,,,,,,,0,0,0
315,1,GKP,54,,,,,,,,,,,,,,,,,,1781.73,,1827.14,False,,,,,,,,,,,,,0,0,0
316,1,DEF,54,,,,,,,,,,,,,,,,,,1781.73,,1827.14,False,,,,,,,,,,,,,0,0,0
317,1,DEF,54,,,,,,,,,,,,,,,,,,1781.73,,1827.14,False,,,,,,,,,,,,,0,0,0
318,1,DEF,54,,,,,,,,,,,,,,,,,,1781.73,,1827.14,False,,,,,,,,,,,,,0,0,0
319,1,DEF,54,,,,,,,,,,,,,,,,,,1781.73,,1827.14,False,,,,,,,,,,,,,0,0,0
320,1,DEF,54,,,,,,,,,,,,,,,,,,1781.73,,1827.14,False,,,,,,,,,,,,,0,0,0
321,1,DEF,54,,,,,,,,,,,,,,,,,,1781.73,,1827.14,False,,,,,,,,,,,,,0,0,0
322,1,DEF,54,,,,,,,,,,,,,,,,,,1781.73,,1827.14,False,,,,,,,,,,,,,0,0,0
323,1,DEF,54,,,,,,,,,,,,,,,,,,1781.73,,1827.14,False,,,,,,,,,,,,,0,0,0
324,1,MID,54,,,,,,,,,,,,,,,,,,1781.73,,1827.14,False,,,,,,,,,,,,,0,0,0
325,1,MID,54,,,,,,,,,,,,,,,,,,1781.73,,1827.14,False,,,,,,,,,,,,,0,0,0
326,1,MID,54,,,,,,,,,,,,,,,,,,1781.73,,1827.14,False,,,,,,,,,,,,,0,0,0
327,1,MID,54,,,,,,,,,,,,,,,,,,1781.73,,1827.14,False,,,,,,,,,,,,,0,0,0
328,1,MID,54,,,,,,,,,,,,,,,,,,1781.73,,1827.14,False,,,,,,,,,,,,,0,0,0
329,1,MID,54,,,,,,,,,,,,,,,,,,1781.73,,1827.14,False,,,,,,,,,,,,,0,0,0
330,1,MID,54,,,,,,,,,,,,,,,,,,1781.73,,1827.14,False,,,,,,,,,,,,,0,0,0
331,1,MID,54,,,,,,,,,,,,,,,,,,1781.73,,1827.14,False,,,,,,,,,,,,,0,0,0
332,1,MID,54,,,,,,,,,,,,,,,,,,1781.73,,1827.14,False,,,,,,,,,,,,,0,0,0
333,1,MID,54,,,,,,,,,,,,,,,,,,1781.73,,1827.14,False,,,,,,,,,,,,,0,0,0
334,1,MID,54,,,,,,,,,,,,,,,,,,1781.73,,1827.14,False,,,,,,,,,,,,,0,0,0
335,1,MID,54,,,,,,,,,,,,,,,,,,1781.73,,1827.14,False,,,,,,,,,,,,,0,0,0
336,1,MID,54,,,,,,,,,,,,,,,,,,1781.73,,1827.14,False,,,,,,,,,,,,,0,0,0
337,1,FWD,54,,,,,,,,,,,,,,,,,,1781.73,,1827.14,False,,,,,,,,,,,,,0,0,0
338,1,FWD,54,,,,,,,,,,,,,,,,,,1781.73,,1827.14,False,,,,,,,,,,,,,0,0,0
339,1,GKP,2,,,,,,,,,,,,,,,,,,1722.37,,1794,False,,,,,,,,,,,,,0,0,0
340,1,GKP,2,,,,,,,,,,,,,,,,,,1722.37,,1794,False,,,,,,,,,,,,,0,0,0
341,1,GKP,2,,,,,,,,,,,,,,,,,,1722.37,,1794,False,,,,,,,,,,,,,0,0,0
342,1,DEF,2,,,,,,,,,,,,,,,,,,1722.37,,1794,False,,,,,,,,,,,,,0,0,0
343,1,DEF,2,,,,,,,,,,,,,,,,,,1722.37,,1794,False,,,,,,,,,,,,,0,0,0
344,1,DEF,2,,,,,,,,,,,,,,,,,,1722.37,,1794,False,,,,,,,,,,,,,0,0,0
345,1,DEF,2,,,,,,,,,,,,,,,,,,1722.37,,1794,False,,,,,,,,,,,,,0,0,0
346,1,DEF,2,,,,,,,,,,,,,,,,,,1722.37,,1794,False,,,,,,,,,,,,,0,0,0
347,1,DEF,2,,,,,,,,,,,,,,,,,,1722.37,,1794,False,,,,,,,,,,,,,0,0,0
348,1,DEF,2,,,,,,,,,,,,,,,,,,1722.37,,1794,False,,,,,,,,,,,,,0,0,0
349,1,DEF,2,,,,,,,,,,,,,,,,,,1722.37,,1794,False,,,,,,,,,,,,,0,0,0
350,1,MID,2,,,,,,,,,,,,,,,,,,1722.37,,1794,False,,,,,,,,,,,,,0,0,0
351,1,MID,2,,,,,,,,,,,,,,,,,,1722.37,,1794,False,,,,,,,,,,,,,0,0,0
352,1,MID,2,,,,,,,,,,,,,,,,,,1722.37,,1794,False,,,,,,,,,,,,,0,0,0
353,1,MID,2,,,,,,,,,,,,,,,,,,1722.37,,1794,False,,,,,,,,,,,,,0,0,0
354,1,MID,2,,,,,,,,,,,,,,,,,,1722.37,,1794,False,,,,,,,,,,,,,0,0,0
355,1,MID,2,,,,,,,,,,,,,,,,,,1722.37,,1794,False,,,,,,,,,,,,,0,0,0
356,1,MID,2,,,,,,,,,,,,,,,,,,1722.37,,1794,False,,,,,,,,,,,,,0,0,0
357,1,MID,2,,,,,,,,,,,,,,,,,,1722.37,,1794,False,,,,,,,,,,,,,0,0,0
358,1,MID,2,,,,,,,,,,,,,,,,,,1722.37,,1794,False,,,,,,,,,,,,,0,0,0
359,1,MID,2,,,,,,,,,,,,,,,,,,1722.37,,1794,False,,,,,,,,,,,,,0,0,0
360,1,MID,2,,,,,,,,,,,,,,,,,,1722.37,,1794,False,,,,,,,,,,,,,0,0,0
361,1,MID,2,,,,,,,,,,,,,,,,,,1722.37,,1794,False,,,,,,,,,,,,,0,0,0
362,1,FWD,2,,,,,,,,,,,,,,,,,,1722.37,,1794,False,,,,,,,,,,,,,0,0,0
363,1,FWD,2,,,,,,,,,,,,,,,,,,1722.37,,1794,False,,,,,,,,,,,,,0,0,0
364,1,FWD,2,,,,,,,,,,,,,,,,,,1722.37,,1794,False,,,,,,,,,,,,,0,0,0
365,1,FWD,2,,,,,,,,,,,,,,,,,,1722.37,,1794,False,,,,,,,,,,,,,0,0,0
366,1,GKP,14,,,,,,,,,,,,,,,,,,1993.42,,1808.1,False,,,,,,,,,,,,,0,0,0
367,1,GKP,14,,,,,,,,,,,,,,,,,,1993.42,,1808.1,False,,,,,,,,,,,,,0,0,0
368,1,GKP,14,,,,,,,,,,,,,,,,,,1993.42,,1808.1,False,,,,,,,,,,,,,0,0,0
369,1,GKP,14,,,,,,,,,,,,,,,,,,1993.42,,1808.1,False,,,,,,,,,,,,,0,0,0
370,1,DEF,14,,,,,,,,,,,,,,,,,,1993.42,,1808.1,False,,,,,,,,,,,,,0,0,0
371,1,DEF,14,,,,,,,,,,,,,,,,,,1993.42,,1808.1,False,,,,,,,,,,,,,0,0,0
372,1,DEF,14,,,,,,,,,,,,,,,,,,1993.42,,1808.1,False,,,,,,,,,,,,,0,0,0
373,1,DEF,14,,,,,,,,,,,,,,,,,,1993.42,,1808.1,False,,,,,,,,,,,,,0,0,0
374,1,DEF,14,,,,,,,,,,,,,,,,,,1993.42,,1808.1,False,,,,,,,,,,,,,0,0,0
375,1,DEF,14,,,,,,,,,,,,,,,,,,1993.42,,1808.1,False,,,,,,,,,,,,,0,0,0
376,1,DEF,14,,,,,,,,,,,,,,,,,,1993.42,,1808.1,False,,,,,,,,,,,,,0,0,0
377,1,DEF,14,,,,,,,,,,,,,,,,,,1993.42,,1808.1,False,,,,,,,,,,,,,0,0,0
378,1,DEF,14,,,,,,,,,,,,,,,,,,1993.42,,1808.1,False,,,,,,,,,,,,,0,0,0
379,1,DEF,14,,,,,,,,,,,,,,,,,,1993.42,,1808.1,False,,,,,,,,,,,,,0,0,0
380,1,DEF,14,,,,,,,,,,,,,,,,,,1993.42,,1808.1,False,,,,,,,,,,,,,0,0,0
381,1,MID,14,,,,,,,,,,,,,,,,,,1993.42,,1808.1,False,,,,,,,,,,,,,0,0,0
382,1,MID,14,,,,,,,,,,,,,,,,,,1993.42,,1808.1,False,,,,,,,,,,,,,0,0,0
383,1,MID,14,,,,,,,,,,,,,,,,,,1993.42,,1808.1,False,,,,,,,,,,,,,0,0,0
384,1,MID,14,,,,,,,,,,,,,,,,,,1993.42,,1808.1,False,,,,,,,,,,,,,0,0,0
385,1,MID,14,,,,,,,,,,,,,,,,,,1993.42,,1808.1,False,,,,,,,,,,,,,0,0,0
386,1,MID,14,,,,,,,,,,,,,,,,,,1993.42,,1808.1,False,,,,,,,,,,,,,0,0,0
387,1,MID,14,,,,,,,,,,,,,,,,,,1993.42,,1808.1,False,,,,,,,,,,,,,0,0,0
388,1,MID,14,,,,,,,,,,,,,,,,,,1993.42,,1808.1,False,,,,,,,,,,,,,0,0,0
389,1,MID,14,,,,,,,,,,,,,,,,,,1993.42,,1808.1,False,,,,,,,,,,,,,0,0,0
390,1,MID,14,,,,,,,,,,,,,,,,,,1993.42,,1808.1,False,,,,,,,,,,,,,0,0,0
391,1,MID,14,,,,,,,,,,,,,,,,,,1993.42,,1808.1,False,,,,,,,,,,,,,0,0,0
392,1,MID,14,,,,,,,,,,,,,,,,,,1993.42,,1808.1,False,,,,,,,,,,,,,0,0,0
393,1,MID,14,,,,,,,,,,,,,,,,,,1993.42,,1808.1,False,,,,,,,,,,,,,0,0,0
394,1,MID,14,,,,,,,,,,,,,,,,,,1993.42,,1808.1,False,,,,,,,,,,,,,0,0,0
395,1,MID,14,,,,,,,,,,,,,,,,,,1993.42,,1808.1,False,,,,,,,,,,,,,0,0,0
396,1,MID,14,,,,,,,,,,,,,,,,,,1993.42,,1808.1,False,,,,,,,,,,,,,0,0,0
397,1,FWD,14,,,,,,,,,,,,,,,,,,1993.42,,1808.1,False,,,,,,,,,,,,,0,0,0
398,1,FWD,14,,,,,,,,,,,,,,,,,,1993.42,,1808.1,False,,,,,,,,,,,,,0,0,0
399,1,GKP,43,,,,,,,,,,,,,,,,,,1959.96,,1735.78,False,,,,,,,,,,,,,0,0,0
400,1,GKP,43,,,,,,,,,,,,,,,,,,1959.96,,1735.78,False,,,,,,,,,,,,,0,0,0
401,1,GKP,43,,,,,,,,,,,,,,,,,,1959.96,,1735.78,False,,,,,,,,,,,,,0,0,0
402,1,DEF,43,,,,,,,,,,,,,,,,,,1959.96,,1735.78,False,,,,,,,,,,,,,0,0,0
403,1,DEF,43,,,,,,,,,,,,,,,,,,1959.96,,1735.78,False,,,,,,,,,,,,,0,0,0
404,1,DEF,43,,,,,,,,,,,,,,,,,,1959.96,,1735.78,False,,,,,,,,,,,,,0,0,0
405,1,DEF,43,,,,,,,,,,,,,,,,,,1959.96,,1735.78,False,,,,,,,,,,,,,0,0,0
406,1,DEF,43,,,,,,,,,,,,,,,,,,1959.96,,1735.78,False,,,,,,,,,,,,,0,0,0
407,1,DEF,43,,,,,,,,,,,,,,,,,,1959.96,,1735.78,False,,,,,,,,,,,,,0,0,0
408,1,DEF,43,,,,,,,,,,,,,,,,,,1959.96,,1735.78,False,,,,,,,,,,,,,0,0,0
409,1,DEF,43,,,,,,,,,,,,,,,,,,1959.96,,1735.78,False,,,,,,,,,,,,,0,0,0
410,1,DEF,43,,,,,,,,,,,,,,,,,,1959.96,,1735.78,False,,,,,,,,,,,,,0,0,0
411,1,DEF,43,,,,,,,,,,,,,,,,,,1959.96,,1735.78,False,,,,,,,,,,,,,0,0,0
412,1,DEF,43,,,,,,,,,,,,,,,,,,1959.96,,1735.78,False,,,,,,,,,,,,,0,0,0
413,1,MID,43,,,,,,,,,,,,,,,,,,1959.96,,1735.78,False,,,,,,,,,,,,,0,0,0
414,1,MID,43,,,,,,,,,,,,,,,,,,1959.96,,1735.78,False,,,,,,,,,,,,,0,0,0
415,1,MID,43,,,,,,,,,,,,,,,,,,1959.96,,1735.78,False,,,,,,,,,,,,,0,0,0
416,1,MID,43,,,,,,,,,,,,,,,,,,1959.96,,1735.78,False,,,,,,,,,,,,,0,0,0
417,1,MID,43,,,,,,,,,,,,,,,,,,1959.96,,1735.78,False,,,,,,,,,,,,,0,0,0
418,1,MID,43,,,,,,,,,,,,,,,,,,1959.96,,1735.78,False,,,,,,,,,,,,,0,0,0
419,1,MID,11,,,,,,,,,,,,,,,,,,1794,,1722.37,False,,,,,,,,,,,,,0,0,0
420,1,MID,43,,,,,,,,,,,,,,,,,,1959.96,,1735.78,False,,,,,,,,,,,,,0,0,0
421,1,MID,43,,,,,,,,,,,,,,,,,,1959.96,,1735.78,False,,,,,,,,,,,,,0,0,0
422,1,MID,43,,,,,,,,,,,,,,,,,,1959.96,,1735.78,False,,,,,,,,,,,,,0,0,0
423,1,MID,43,,,,,,,,,,,,,,,,,,1959.96,,1735.78,False,,,,,,,,,,,,,0,0,0
424,1,MID,43,,,,,,,,,,,,,,,,,,1959.96,,1735.78,False,,,,,,,,,,,,,0,0,0
425,1,MID,43,,,,,,,,,,,,,,,,,,1959.96,,1735.78,False,,,,,,,,,,,,,0,0,0
426,1,MID,43,,,,,,,,,,,,,,,,,,1959.96,,1735.78,False,,,,,,,,,,,,,0,0,0
427,1,MID,43,,,,,,,,,,,,,,,,,,1959.96,,1735.78,False,,,,,,,,,,,,,0,0,0
428,1,MID,43,,,,,,,,,,,,,,,,,,1959.96,,1735.78,False,,,,,,,,,,,,,0,0,0
429,1,MID,43,,,,,,,,,,,,,,,,,,1959.96,,1735.78,False,,,,,,,,,,,,,0,0,0
430,1,FWD,43,,,,,,,,,,,,,,,,,,1959.96,,1735.78,False,,,,,,,,,,,,,0,0,0
431,1,GKP,1,,,,,,,,,,,,,,,,,,1799.46,,1993.36,False,,,,,,,,,,,,,0,0,0
432,1,GKP,1,,,,,,,,,,,,,,,,,,1799.46,,1993.36,False,,,,,,,,,,,,,0,0,0
433,1,GKP,1,,,,,,,,,,,,,,,,,,1799.46,,1993.36,False,,,,,,,,,,,,,0,0,0
434,1,GKP,1,,,,,,,,,,,,,,,,,,1799.46,,1993.36,False,,,,,,,,,,,,,0,0,0
435,1,GKP,1,,,,,,,,,,,,,,,,,,1799.46,,1993.36,False,,,,,,,,,,,,,0,0,0
436,1,DEF,1,,,,,,,,,,,,,,,,,,1799.46,,1993.36,False,,,,,,,,,,,,,0,0,0
437,1,DEF,1,,,,,,,,,,,,,,,,,,1799.46,,1993.36,False,,,,,,,,,,,,,0,0,0
438,1,DEF,1,,,,,,,,,,,,,,,,,,1799.46,,1993.36,False,,,,,,,,,,,,,0,0,0
439,1,DEF,1,,,,,,,,,,,,,,,,,,1799.46,,1993.36,False,,,,,,,,,,,,,0,0,0
440,1,DEF,1,,,,,,,,,,,,,,,,,,1799.46,,1993.36,False,,,,,,,,,,,,,0,0,0
441,1,DEF,1,,,,,,,,,,,,,,,,,,1799.46,,1993.36,False,,,,,,,,,,,,,0,0,0
442,1,DEF,1,,,,,,,,,,,,,,,,,,1799.46,,1993.36,False,,,,,,,,,,,,,0,0,0
443,1,DEF,1,,,,,,,,,,,,,,,,,,1799.46,,1993.36,False,,,,,,,,,,,,,0,0,0
444,1,DEF,1,,,,,,,,,,,,,,,,,,1799.46,,1993.36,False,,,,,,,,,,,,,0,0,0
445,1,DEF,1,,,,,,,,,,,,,,,,,,1799.46,,1993.36,False,,,,,,,,,,,,,0,0,0
446,1,DEF,1,,,,,,,,,,,,,,,,,,1799.46,,1993.36,False,,,,,,,,,,,,,0,0,0
447,1,DEF,1,,,,,,,,,,,,,,,,,,1799.46,,1993.36,False,,,,,,,,,,,,,0,0,0
448,1,DEF,1,,,,,,,,,,,,,,,,,,1799.46,,1993.36,False,,,,,,,,,,,,,0,0,0
449,1,MID,1,,,,,,,,,,,,,,,,,,1799.46,,1993.36,False,,,,,,,,,,,,,0,0,0
450,1,MID,1,,,,,,,,,,,,,,,,,,1799.46,,1993.36,False,,,,,,,,,,,,,0,0,0
451,1,MID,1,,,,,,,,,,,,,,,,,,1799.46,,1993.36,False,,,,,,,,,,,,,0,0,0
452,1,MID,1,,,,,,,,,,,,,,,,,,1799.46,,1993.36,False,,,,,,,,,,,,,0,0,0
453,1,MID,1,,,,,,,,,,,,,,,,,,1799.46,,1993.36,False,,,,,,,,,,,,,0,0,0
454,1,MID,1,,,,,,,,,,,,,,,,,,1799.46,,1993.36,False,,,,,,,,,,,,,0,0,0
455,1,MID,1,,,,,,,,,,,,,,,,,,1799.46,,1993.36,False,,,,,,,,,,,,,0,0,0
456,1,MID,1,,,,,,,,,,,,,,,,,,1799.46,,1993.36,False,,,,,,,,,,,,,0,0,0
457,1,MID,1,,,,,,,,,,,,,,,,,,1799.46,,1993.36,False,,,,,,,,,,,,,0,0,0
458,1,MID,1,,,,,,,,,,,,,,,,,,1799.46,,1993.36,False,,,,,,,,,,,,,0,0,0
459,1,MID,1,,,,,,,,,,,,,,,,,,1799.46,,1993.36,False,,,,,,,,,,,,,0,0,0
460,1,MID,1,,,,,,,,,,,,,,,,,,1799.46,,1993.36,False,,,,,,,,,,,,,0,0,0
461,1,MID,1,,,,,,,,,,,,,,,,,,1799.46,,1993.36,False,,,,,,,,,,,,,0,0,0
462,1,MID,1,,,,,,,,,,,,,,,,,,1799.46,,1993.36,False,,,,,,,,,,,,,0,0,0
463,1,MID,1,,,,,,,,,,,,,,,,,,1799.46,,1993.36,False,,,,,,,,,,,,,0,0,0
464,1,MID,1,,,,,,,,,,,,,,,,,,1799.46,,1993.36,False,,,,,,,,,,,,,0,0,0
465,1,FWD,1,,,,,,,,,,,,,,,,,,1799.46,,1993.36,False,,,,,,,,,,,,,0,0,0
466,1,FWD,1,,,,,,,,,,,,,,,,,,1799.46,,1993.36,False,,,,,,,,,,,,,0,0,0
467,1,FWD,1,,,,,,,,,,,,,,,,,,1799.46,,1993.36,False,,,,,,,,,,,,,0,0,0
468,1,FWD,1,,,,,,,,,,,,,,,,,,1799.46,,1993.36,False,,,,,,,,,,,,,0,0,0
469,1,GKP,4,,,,,,,,,,,,,,,,,,1868.57,,1872.85,False,,,,,,,,,,,,,0,0,0
470,1,GKP,90,,,,,,,,,,,,,,,,,,1729.6,,1774.01,False,,,,,,,,,,,,,0,0,0
471,1,GKP,4,,,,,,,,,,,,,,,,,,1868.57,,1872.85,False,,,,,,,,,,,,,0,0,0
472,1,GKP,4,,,,,,,,,,,,,,,,,,1868.57,,1872.85,False,,,,,,,,,,,,,0,0,0
473,1,DEF,4,,,,,,,,,,,,,,,,,,1868.57,,1872.85,False,,,,,,,,,,,,,0,0,0
474,1,DEF,4,,,,,,,,,,,,,,,,,,1868.57,,1872.85,False,,,,,,,,,,,,,0,0,0
475,1,DEF,4,,,,,,,,,,,,,,,,,,1868.57,,1872.85,False,,,,,,,,,,,,,0,0,0
476,1,DEF,4,,,,,,,,,,,,,,,,,,1868.57,,1872.85,False,,,,,,,,,,,,,0,0,0
477,1,DEF,4,,,,,,,,,,,,,,,,,,1868.57,,1872.85,False,,,,,,,,,,,,,0,0,0
478,1,DEF,4,,,,,,,,,,,,,,,,,,1868.57,,1872.85,False,,,,,,,,,,,,,0,0,0
479,1,DEF,4,,,,,,,,,,,,,,,,,,1868.57,,1872.85,False,,,,,,,,,,,,,0,0,0
480,1,DEF,4,,,,,,,,,,,,,,,,,,1868.57,,1872.85,False,,,,,,,,,,,,,0,0,0
481,1,DEF,4,,,,,,,,,,,,,,,,,,1868.57,,1872.85,False,,,,,,,,,,,,,0,0,0
482,1,DEF,4,,,,,,,,,,,,,,,,,,1868.57,,1872.85,False,,,,,,,,,,,,,0,0,0
483,1,DEF,4,,,,,,,,,,,,,,,,,,1868.57,,1872.85,False,,,,,,,,,,,,,0,0,0
484,1,DEF,4,,,,,,,,,,,,,,,,,,1868.57,,1872.85,False,,,,,,,,,,,,,0,0,0
485,1,MID,4,,,,,,,,,,,,,,,,,,1868.57,,1872.85,False,,,,,,,,,,,,,0,0,0
486,1,MID,4,,,,,,,,,,,,,,,,,,1868.57,,1872.85,False,,,,,,,,,,,,,0,0,0
487,1,MID,4,,,,,,,,,,,,,,,,,,1868.57,,1872.85,False,,,,,,,,,,,,,0,0,0
488,1,MID,4,,,,,,,,,,,,,,,,,,1868.57,,1872.85,False,,,,,,,,,,,,,0,0,0
489,1,MID,4,,,,,,,,,,,,,,,,,,1868.57,,1872.85,False,,,,,,,,,,,,,0,0,0
490,1,MID,4,,,,,,,,,,,,,,,,,,1868.57,,1872.85,False,,,,,,,,,,,,,0,0,0
491,1,MID,4,,,,,,,,,,,,,,,,,,1868.57,,1872.85,False,,,,,,,,,,,,,0,0,0
492,1,MID,4,,,,,,,,,,,,,,,,,,1868.57,,1872.85,False,,,,,,,,,,,,,0,0,0
493,1,MID,2,,,,,,,,,,,,,,,,,,1722.37,,1794,False,,,,,,,,,,,,,0,0,0
494,1,MID,4,,,,,,,,,,,,,,,,,,1868.57,,1872.85,False,,,,,,,,,,,,,0,0,0
495,1,MID,4,,,,,,,,,,,,,,,,,,1868.57,,1872.85,False,,,,,,,,,,,,,0,0,0
496,1,MID,4,,,,,,,,,,,,,,,,,,1868.57,,1872.85,False,,,,,,,,,,,,,0,0,0
497,1,MID,4,,,,,,,,,,,,,,,,,,1868.57,,1872.85,False,,,,,,,,,,,,,0,0,0
498,1,MID,4,,,,,,,,,,,,,,,,,,1868.57,,1872.85,False,,,,,,,,,,,,,0,0,0
499,1,FWD,4,,,,,,,,,,,,,,,,,,1868.57,,1872.85,False,,,,,,,,,,,,,0,0,0
500,1,FWD,4,,,,,,,,,,,,,,,,,,1868.57,,1872.85,False,,,,,,,,,,,,,0,0,0
501,1,FWD,4,,,,,,,,,,,,,,,,,,1868.57,,1872.85,False,,,,,,,,,,,,,0,0,0
502,1,GKP,17,,,,,,,,,,,,,,,,,,1802.85,,1811.3,False,,,,,,,,,,,,,0,0,0
503,1,GKP,17,,,,,,,,,,,,,,,,,,1802.85,,1811.3,False,,,,,,,,,,,,,0,0,0
504,1,GKP,17,,,,,,,,,,,,,,,,,,1802.85,,1811.3,False,,,,,,,,,,,,,0,0,0
505,1,DEF,17,,,,,,,,,,,,,,,,,,1802.85,,1811.3,False,,,,,,,,,,,,,0,0,0
506,1,DEF,17,,,,,,,,,,,,,,,,,,1802.85,,1811.3,False,,,,,,,,,,,,,0,0,0
507,1,DEF,17,,,,,,,,,,,,,,,,,,1802.85,,1811.3,False,,,,,,,,,,,,,0,0,0
508,1,DEF,17,,,,,,,,,,,,,,,,,,1802.85,,1811.3,False,,,,,,,,,,,,,0,0,0
509,1,DEF,17,,,,,,,,,,,,,,,,,,1802.85,,1811.3,False,,,,,,,,,,,,,0,0,0
510,1,DEF,17,,,,,,,,,,,,,,,,,,1802.85,,1811.3,False,,,,,,,,,,,,,0,0,0
511,1,DEF,17,,,,,,,,,,,,,,,,,,1802.85,,1811.3,False,,,,,,,,,,,,,0,0,0
512,1,DEF,17,,,,,,,,,,,,,,,,,,1802.85,,1811.3,False,,,,,,,,,,,,,0,0,0
513,1,DEF,17,,,,,,,,,,,,,,,,,,1802.85,,1811.3,False,,,,,,,,,,,,,0,0,0
514,1,DEF,17,,,,,,,,,,,,,,,,,,1802.85,,1811.3,False,,,,,,,,,,,,,0,0,0
515,1,MID,17,,,,,,,,,,,,,,,,,,1802.85,,1811.3,False,,,,,,,,,,,,,0,0,0
516,1,MID,17,,,,,,,,,,,,,,,,,,1802.85,,1811.3,False,,,,,,,,,,,,,0,0,0
517,1,MID,17,,,,,,,,,,,,,,,,,,1802.85,,1811.3,False,,,,,,,,,,,,,0,0,0
518,1,MID,17,,,,,,,,,,,,,,,,,,1802.85,,1811.3,False,,,,,,,,,,,,,0,0,0
519,1,MID,17,,,,,,,,,,,,,,,,,,1802.85,,1811.3,False,,,,,,,,,,,,,0,0,0
520,1,MID,17,,,,,,,,,,,,,,,,,,1802.85,,1811.3,False,,,,,,,,,,,,,0,0,0
521,1,MID,17,,,,,,,,,,,,,,,,,,1802.85,,1811.3,False,,,,,,,,,,,,,0,0,0
522,1,MID,17,,,,,,,,,,,,,,,,,,1802.85,,1811.3,False,,,,,,,,,,,,,0,0,0
523,1,MID,17,,,,,,,,,,,,,,,,,,1802.85,,1811.3,False,,,,,,,,,,,,,0,0,0
524,1,MID,17,,,,,,,,,,,,,,,,,,1802.85,,1811.3,False,,,,,,,,,,,,,0,0,0
525,1,FWD,17,,,,,,,,,,,,,,,,,,1802.85,,1811.3,False,,,,,,,,,,,,,0,0,0
526,1,FWD,17,,,,,,,,,,,,,,,,,,1802.85,,1811.3,False,,,,,,,,,,,,,0,0,0
527,1,FWD,17,,,,,,,,,,,,,,,,,,1802.85,,1811.3,False,,,,,,,,,,,,,0,0,0
528,1,GKP,56,,,,,,,,,,,,,,,,,,1547.12,,1750.14,False,,,,,,,,,,,,,0,0,0
529,1,GKP,56,,,,,,,,,,,,,,,,,,1547.12,,1750.14,False,,,,,,,,,,,,,0,0,0
530,1,GKP,56,,,,,,,,,,,,,,,,,,1547.12,,1750.14,False,,,,,,,,,,,,,0,0,0
531,1,DEF,56,,,,,,,,,,,,,,,,,,1547.12,,1750.14,False,,,,,,,,,,,,,0,0,0
532,1,DEF,56,,,,,,,,,,,,,,,,,,1547.12,,1750.14,False,,,,,,,,,,,,,0,0,0
533,1,DEF,56,,,,,,,,,,,,,,,,,,1547.12,,1750.14,False,,,,,,,,,,,,,0,0,0
534,1,DEF,56,,,,,,,,,,,,,,,,,,1547.12,,1750.14,False,,,,,,,,,,,,,0,0,0
535,1,DEF,56,,,,,,,,,,,,,,,,,,1547.12,,1750.14,False,,,,,,,,,,,,,0,0,0
536,1,DEF,56,,,,,,,,,,,,,,,,,,1547.12,,1750.14,False,,,,,,,,,,,,,0,0,0
537,1,DEF,56,,,,,,,,,,,,,,,,,,1547.12,,1750.14,False,,,,,,,,,,,,,0,0,0
538,1,DEF,56,,,,,,,,,,,,,,,,,,1547.12,,1750.14,False,,,,,,,,,,,,,0,0,0
539,1,DEF,56,,,,,,,,,,,,,,,,,,1547.12,,1750.14,False,,,,,,,,,,,,,0,0,0
540,1,DEF,56,,,,,,,,,,,,,,,,,,1547.12,,1750.14,False,,,,,,,,,,,,,0,0,0
541,1,DEF,56,,,,,,,,,,,,,,,,,,1547.12,,1750.14,False,,,,,,,,,,,,,0,0,0
542,1,DEF,56,,,,,,,,,,,,,,,,,,1547.12,,1750.14,False,,,,,,,,,,,,,0,0,0
543,1,MID,56,,,,,,,,,,,,,,,,,,1547.12,,1750.14,False,,,,,,,,,,,,,0,0,0
544,1,MID,56,,,,,,,,,,,,,,,,,,1547.12,,1750.14,False,,,,,,,,,,,,,0,0,0
545,1,MID,56,,,,,,,,,,,,,,,,,,1547.12,,1750.14,False,,,,,,,,,,,,,0,0,0
546,1,MID,56,,,,,,,,,,,,,,,,,,1547.12,,1750.14,False,,,,,,,,,,,,,0,0,0
547,1,MID,56,,,,,,,,,,,,,,,,,,1547.12,,1750.14,False,,,,,,,,,,,,,0,0,0
548,1,MID,56,,,,,,,,,,,,,,,,,,1547.12,,1750.14,False,,,,,,,,,,,,,0,0,0
549,1,MID,56,,,,,,,,,,,,,,,,,,1547.12,,1750.14,False,,,,,,,,,,,,,0,0,0
550,1,MID,56,,,,,,,,,,,,,,,,,,1547.12,,1750.14,False,,,,,,,,,,,,,0,0,0
551,1,MID,56,,,,,,,,,,,,,,,,,,1547.12,,1750.14,False,,,,,,,,,,,,,0,0,0
552,1,MID,56,,,,,,,,,,,,,,,,,,1547.12,,1750.14,False,,,,,,,,,,,,,0,0,0
553,1,MID,56,,,,,,,,,,,,,,,,,,1547.12,,1750.14,False,,,,,,,,,,,,,0,0,0
554,1,MID,56,,,,,,,,,,,,,,,,,,1547.12,,1750.14,False,,,,,,,,,,,,,0,0,0
555,1,MID,56,,,,,,,,,,,,,,,,,,1547.12,,1750.14,False,,,,,,,,,,,,,0,0,0
556,1,MID,56,,,,,,,,,,,,,,,,,,1547.12,,1750.14,False,,,,,,,,,,,,,0,0,0
557,1,MID,56,,,,,,,,,,,,,,,,,,1547.12,,1750.14,False,,,,,,,,,,,,,0,0,0
558,1,MID,56,,,,,,,,,,,,,,,,,,1547.12,,1750.14,False,,,,,,,,,,,,,0,0,0
559,1,MID,56,,,,,,,,,,,,,,,,,,1547.12,,1750.14,False,,,,,,,,,,,,,0,0,0
560,1,FWD,56,,,,,,,,,,,,,,,,,,1547.12,,1750.14,False,,,,,,,,,,,,,0,0,0
561,1,FWD,56,,,,,,,,,,,,,,,,,,1547.12,,1750.14,False,,,,,,,,,,,,,0,0,0
562,1,FWD,56,,,,,,,,,,,,,,,,,,1547.12,,1750.14,False,,,,,,,,,,,,,0,0,0
563,1,FWD,56,,,,,,,,,,,,,,,,,,1547.12,,1750.14,False,,,,,,,,,,,,,0,0,0
564,1,FWD,56,,,,,,,,,,,,,,,,,,1547.12,,1750.14,False,,,,,,,,,,,,,0,0,0
565,1,GKP,6,,,,,,,,,,,,,,,,,,1774.01,,1729.6,False,,,,,,,,,,,,,0,0,0
566,1,GKP,6,,,,,,,,,,,,,,,,,,1774.01,,1729.6,False,,,,,,,,,,,,,0,0,0
567,1,GKP,6,,,,,,,,,,,,,,,,,,1774.01,,1729.6,False,,,,,,,,,,,,,0,0,0
568,1,DEF,6,,,,,,,,,,,,,,,,,,1774.01,,1729.6,False,,,,,,,,,,,,,0,0,0
569,1,DEF,6,,,,,,,,,,,,,,,,,,1774.01,,1729.6,False,,,,,,,,,,,,,0,0,0
570,1,DEF,6,,,,,,,,,,,,,,,,,,1774.01,,1729.6,False,,,,,,,,,,,,,0,0,0
571,1,DEF,6,,,,,,,,,,,,,,,,,,1774.01,,1729.6,False,,,,,,,,,,,,,0,0,0
572,1,DEF,6,,,,,,,,,,,,,,,,,,1774.01,,1729.6,False,,,,,,,,,,,,,0,0,0
573,1,DEF,6,,,,,,,,,,,,,,,,,,1774.01,,1729.6,False,,,,,,,,,,,,,0,0,0
574,1,DEF,6,,,,,,,,,,,,,,,,,,1774.01,,1729.6,False,,,,,,,,,,,,,0,0,0
575,1,DEF,6,,,,,,,,,,,,,,,,,,1774.01,,1729.6,False,,,,,,,,,,,,,0,0,0
576,1,DEF,6,,,,,,,,,,,,,,,,,,1774.01,,1729.6,False,,,,,,,,,,,,,0,0,0
577,1,DEF,6,,,,,,,,,,,,,,,,,,1774.01,,1729.6,False,,,,,,,,,,,,,0,0,0
578,1,DEF,6,,,,,,,,,,,,,,,,,,1774.01,,1729.6,False,,,,,,,,,,,,,0,0,0
579,1,MID,6,,,,,,,,,,,,,,,,,,1774.01,,1729.6,False,,,,,,,,,,,,,0,0,0
580,1,MID,6,,,,,,,,,,,,,,,,,,1774.01,,1729.6,False,,,,,,,,,,,,,0,0,0
581,1,MID,6,,,,,,,,,,,,,,,,,,1774.01,,1729.6,False,,,,,,,,,,,,,0,0,0
582,1,MID,6,,,,,,,,,,,,,,,,,,1774.01,,1729.6,False,,,,,,,,,,,,,0,0,0
583,1,MID,6,,,,,,,,,,,,,,,,,,1774.01,,1729.6,False,,,,,,,,,,,,,0,0,0
584,1,MID,6,,,,,,,,,,,,,,,,,,1774.01,,1729.6,False,,,,,,,,,,,,,0,0,0
585,1,MID,6,,,,,,,,,,,,,,,,,,1774.01,,1729.6,False,,,,,,,,,,,,,0,0,0
586,1,MID,6,,,,,,,,,,,,,,,,,,1774.01,,1729.6,False,,,,,,,,,,,,,0,0,0
587,1,MID,6,,,,,,,,,,,,,,,,,,1774.01,,1729.6,False,,,,,,,,,,,,,0,0,0
588,1,MID,6,,,,,,,,,,,,,,,,,,1774.01,,1729.6,False,,,,,,,,,,,,,0,0,0
589,1,MID,6,,,,,,,,,,,,,,,,,,1774.01,,1729.6,False,,,,,,,,,,,,,0,0,0
590,1,MID,6,,,,,,,,,,,,,,,,,,1774.01,,1729.6,False,,,,,,,,,,,,,0,0,0
591,1,MID,6,,,,,,,,,,,,,,,,,,1774.01,,1729.6,False,,,,,,,,,,,,,0,0,0
592,1,MID,6,,,,,,,,,,,,,,,,,,1774.01,,1729.6,False,,,,,,,,,,,,,0,0,0
593,1,MID,6,,,,,,,,,,,,,,,,,,1774.01,,1729.6,False,,,,,,,,,,,,,0,0,0
594,1,MID,6,,,,,,,,,,,,,,,,,,1774.01,,1729.6,False,,,,,,,,,,,,,0,0,0
595,1,MID,6,,,,,,,,,,,,,,,,,,1774.01,,1729.6,False,,,,,,,,,,,,,0,0,0
596,1,FWD,6,,,,,,,,,,,,,,,,,,1774.01,,1729.6,False,,,,,,,,,,,,,0,0,0
597,1,FWD,6,,,,,,,,,,,,,,,,,,1774.01,,1729.6,False,,,,,,,,,,,,,0,0,0
598,1,FWD,6,,,,,,,,,,,,,,,,,,1774.01,,1729.6,False,,,,,,,,,,,,,0,0,0
599,1,FWD,6,,,,,,,,,,,,,,,,,,1774.01,,1729.6,False,,,,,,,,,,,,,0,0,0
600,1,GKP,21,,,,,,,,,,,,,,,,,,1750.14,,1547.12,False,,,,,,,,,,,,,0,0,0
601,1,GKP,21,,,,,,,,,,,,,,,,,,1750.14,,1547.12,False,,,,,,,,,,,,,0,0,0
602,1,GKP,21,,,,,,,,,,,,,,,,,,1750.14,,1547.12,False,,,,,,,,,,,,,0,0,0
603,1,DEF,21,,,,,,,,,,,,,,,,,,1750.14,,1547.12,False,,,,,,,,,,,,,0,0,0
604,1,DEF,21,,,,,,,,,,,,,,,,,,1750.14,,1547.12,False,,,,,,,,,,,,,0,0,0
605,1,DEF,21,,,,,,,,,,,,,,,,,,1750.14,,1547.12,False,,,,,,,,,,,,,0,0,0
606,1,DEF,21,,,,,,,,,,,,,,,,,,1750.14,,1547.12,False,,,,,,,,,,,,,0,0,0
607,1,DEF,21,,,,,,,,,,,,,,,,,,1750.14,,1547.12,False,,,,,,,,,,,,,0,0,0
608,1,DEF,21,,,,,,,,,,,,,,,,,,1750.14,,1547.12,False,,,,,,,,,,,,,0,0,0
609,1,DEF,21,,,,,,,,,,,,,,,,,,1750.14,,1547.12,False,,,,,,,,,,,,,0,0,0
610,1,DEF,21,,,,,,,,,,,,,,,,,,1750.14,,1547.12,False,,,,,,,,,,,,,0,0,0
611,1,DEF,21,,,,,,,,,,,,,,,,,,1750.14,,1547.12,False,,,,,,,,,,,,,0,0,0
612,1,MID,21,,,,,,,,,,,,,,,,,,1750.14,,1547.12,False,,,,,,,,,,,,,0,0,0
613,1,MID,21,,,,,,,,,,,,,,,,,,1750.14,,1547.12,False,,,,,,,,,,,,,0,0,0
614,1,MID,21,,,,,,,,,,,,,,,,,,1750.14,,1547.12,False,,,,,,,,,,,,,0,0,0
615,1,MID,21,,,,,,,,,,,,,,,,,,1750.14,,1547.12,False,,,,,,,,,,,,,0,0,0
616,1,MID,21,,,,,,,,,,,,,,,,,,1750.14,,1547.12,False,,,,,,,,,,,,,0,0,0
617,1,MID,21,,,,,,,,,,,,,,,,,,1750.14,,1547.12,False,,,,,,,,,,,,,0,0,0
618,1,MID,21,,,,,,,,,,,,,,,,,,1750.14,,1547.12,False,,,,,,,,,,,,,0,0,0
619,1,MID,21,,,,,,,,,,,,,,,,,,1750.14,,1547.12,False,,,,,,,,,,,,,0,0,0
620,1,MID,21,,,,,,,,,,,,,,,,,,1750.14,,1547.12,False,,,,,,,,,,,,,0,0,0
621,1,MID,21,,,,,,,,,,,,,,,,,,1750.14,,1547.12,False,,,,,,,,,,,,,0,0,0
622,1,MID,21,,,,,,,,,,,,,,,,,,1750.14,,1547.12,False,,,,,,,,,,,,,0,0,0
623,1,MID,21,,,,,,,,,,,,,,,,,,1750.14,,1547.12,False,,,,,,,,,,,,,0,0,0
624,1,FWD,21,,,,,,,,,,,,,,,,,,1750.14,,1547.12,False,,,,,,,,,,,,,0,0,0
625,1,FWD,21,,,,,,,,,,,,,,,,,,1750.14,,1547.12,False,,,,,,,,,,,,,0,0,0
626,1,FWD,21,,,,,,,,,,,,,,,,,,1750.14,,1547.12,False,,,,,,,,,,,,,0,0,0
627,1,GKP,39,,,,,,,,,,,,,,,,,,1735.78,,1959.96,False,,,,,,,,,,,,,0,0,0
628,1,GKP,39,,,,,,,,,,,,,,,,,,1735.78,,1959.96,False,,,,,,,,,,,,,0,0,0
629,1,GKP,39,,,,,,,,,,,,,,,,,,1735.78,,1959.96,False,,,,,,,,,,,,,0,0,0
630,1,GKP,39,,,,,,,,,,,,,,,,,,1735.78,,1959.96,False,,,,,,,,,,,,,0,0,0
631,1,DEF,39,,,,,,,,,,,,,,,,,,1735.78,,1959.96,False,,,,,,,,,,,,,0,0,0
632,1,DEF,39,,,,,,,,,,,,,,,,,,1735.78,,1959.96,False,,,,,,,,,,,,,0,0,0
633,1,DEF,39,,,,,,,,,,,,,,,,,,1735.78,,1959.96,False,,,,,,,,,,,,,0,0,0
634,1,DEF,39,,,,,,,,,,,,,,,,,,1735.78,,1959.96,False,,,,,,,,,,,,,0,0,0
635,1,DEF,39,,,,,,,,,,,,,,,,,,1735.78,,1959.96,False,,,,,,,,,,,,,0,0,0
636,1,DEF,39,,,,,,,,,,,,,,,,,,1735.78,,1959.96,False,,,,,,,,,,,,,0,0,0
637,1,DEF,39,,,,,,,,,,,,,,,,,,1735.78,,1959.96,False,,,,,,,,,,,,,0,0,0
638,1,DEF,39,,,,,,,,,,,,,,,,,,1735.78,,1959.96,False,,,,,,,,,,,,,0,0,0
639,1,DEF,39,,,,,,,,,,,,,,,,,,1735.78,,1959.96,False,,,,,,,,,,,,,0,0,0
640,1,DEF,39,,,,,,,,,,,,,,,,,,1735.78,,1959.96,False,,,,,,,,,,,,,0,0,0
641,1,DEF,39,,,,,,,,,,,,,,,,,,1735.78,,1959.96,False,,,,,,,,,,,,,0,0,0
642,1,MID,39,,,,,,,,,,,,,,,,,,1735.78,,1959.96,False,,,,,,,,,,,,,0,0,0
643,1,MID,39,,,,,,,,,,,,,,,,,,1735.78,,1959.96,False,,,,,,,,,,,,,0,0,0
644,1,MID,39,,,,,,,,,,,,,,,,,,1735.78,,1959.96,False,,,,,,,,,,,,,0,0,0
645,1,MID,39,,,,,,,,,,,,,,,,,,1735.78,,1959.96,False,,,,,,,,,,,,,0,0,0
646,1,MID,39,,,,,,,,,,,,,,,,,,1735.78,,1959.96,False,,,,,,,,,,,,,0,0,0
647,1,MID,39,,,,,,,,,,,,,,,,,,1735.78,,1959.96,False,,,,,,,,,,,,,0,0,0
648,1,MID,39,,,,,,,,,,,,,,,,,,1735.78,,1959.96,False,,,,,,,,,,,,,0,0,0
649,1,MID,39,,,,,,,,,,,,,,,,,,1735.78,,1959.96,False,,,,,,,,,,,,,0,0,0
650,1,MID,39,,,,,,,,,,,,,,,,,,1735.78,,1959.96,False,,,,,,,,,,,,,0,0,0
651,1,MID,39,,,,,,,,,,,,,,,,,,1735.78,,1959.96,False,,,,,,,,,,,,,0,0,0
652,1,MID,39,,,,,,,,,,,,,,,,,,1735.78,,1959.96,False,,,,,,,,,,,,,0,0,0
653,1,MID,39,,,,,,,,,,,,,,,,,,1735.78,,1959.96,False,,,,,,,,,,,,,0,0,0
654,1,FWD,39,,,,,,,,,,,,,,,,,,1735.78,,1959.96,False,,,,,,,,,,,,,0,0,0
655,1,FWD,39,,,,,,,,,,,,,,,,,,1735.78,,1959.96,False,,,,,,,,,,,,,0,0,0
656,1,FWD,39,,,,,,,,,,,,,,,,,,1735.78,,1959.96,False,,,,,,,,,,,,,0,0,0
657,1,FWD,39,,,,,,,,,,,,,,,,,,1735.78,,1959.96,False,,,,,,,,,,,,,0,0,0
658,1,FWD,39,,,,,,,,,,,,,,,,,,1735.78,,1959.96,False,,,,,,,,,,,,,0,0,0
659,1,DEF,21,,,,,,,,,,,,,,,,,,1750.14,,1547.12,False,,,,,,,,,,,,,0,0,0
660,1,MID,2,,,,,,,,,,,,,,,,,,1722.37,,1794,False,,,,,,,,,,,,,0,0,0
661,1,FWD,14,,,,,,,,,,,,,,,,,,1993.42,,1808.1,False,,,,,,,,,,,,,0,0,0
662,1,DEF,3,,,,,,,,,,,,,,,,,,1993.36,,1799.46,False,,,,,,,,,,,,,0,0,0
663,1,MID,39,,,,,,,,,,,,,,,,,,1735.78,,1959.96,False,,,,,,,,,,,,,0,0,0
664,1,GKP,54,,,,,,,,,,,,,,,,,,1781.73,,1827.14,False,,,,,,,,,,,,,0,0,0
665,1,GKP,2,,,,,,,,,,,,,,,,,,1722.37,,1794,False,,,,,,,,,,,,,0,0,0
666,1,FWD,3,,,,,,,,,,,,,,,,,,1993.36,,1799.46,False,,,,,,,,,,,,,0,0,0
667,1,DEF,11,,,,,,,,,,,,,,,,,,1794,,1722.37,False,,,,,,,,,,,,,0,0,0
668,1,MID,56,,,,,,,,,,,,,,,,,,1547.12,,1750.14,False,,,,,,,,,,,,,0,0,0
669,1,MID,17,,,,,,,,,,,,,,,,,,1802.85,,1811.3,False,,,,,,,,,,,,,0,0,0
670,1,GKP,56,,,,,,,,,,,,,,,,,,1547.12,,1750.14,False,,,,,,,,,,,,,0,0,0
671,1,FWD,21,,,,,,,,,,,,,,,,,,1750.14,,1547.12,False,,,,,,,,,,,,,0,0,0
672,1,DEF,8,,,,,,,,,,,,,,,,,,1902.82,,1835.05,False,,,,,,,,,,,,,0,0,0
673,1,MID,6,,,,,,,,,,,,,,,,,,1774.01,,1729.6,False,,,,,,,,,,,,,0,0,0
674,1,GKP,4,,,,,,,,,,,,,,,,,,1868.57,,1872.85,False,,,,,,,,,,,,,0,0,0
675,1,GKP,17,,,,,,,,,,,,,,,,,,1802.85,,1811.3,False,,,,,,,,,,,,,0,0,0
676,1,MID,90,,,,,,,,,,,,,,,,,,1729.6,,1774.01,False,,,,,,,,,,,,,0,0,0
677,1,MID,7,,,,,,,,,,,,,,,,,,1872.85,,1868.57,False,,,,,,,,,,,,,0,0,0
678,1,DEF,56,,,,,,,,,,,,,,,,,,1547.12,,1750.14,False,,,,,,,,,,,,,0,0,0
679,1,GKP,21,,,,,,,,,,,,,,,,,,1750.14,,1547.12,False,,,,,,,,,,,,,0,0,0
680,1,FWD,90,,,,,,,,,,,,,,,,,,1729.6,,1774.01,False,,,,,,,,,,,,,0,0,0
681,1,FWD,1,,,,,,,,,,,,,,,,,,1799.46,,1993.36,False,,,,,,,,,,,,,0,0,0
682,1,DEF,39,,,,,,,,,,,,,,,,,,1735.78,,1959.96,False,,,,,,,,,,,,,0,0,0
683,1,DEF,56,,,,,,,,,,,,,,,,,,1547.12,,1750.14,False,,,,,,,,,,,,,0,0,0
684,1,DEF,4,,,,,,,,,,,,,,,,,,1868.57,,1872.85,False,,,,,,,,,,,,,0,0,0
685,1,DEF,91,,,,,,,,,,,,,,,,,,1808.1,,1993.42,False,,,,,,,,,,,,,0,0,0
686,1,MID,14,,,,,,,,,,,,,,,,,,1993.42,,1808.1,False,,,,,,,,,,,,,0,0,0
687,1,MID,91,,,,,,,,,,,,,,,,,,1808.1,,1993.42,False,,,,,,,,,,,,,0,0,0
688,1,GKP,7,,,,,,,,,,,,,,,,,,1872.85,,1868.57,False,,,,,,,,,,,,,0,0,0
689,1,MID,4,,,,,,,,,,,,,,,,,,1868.57,,1872.85,False,,,,,,,,,,,,,0,0,0
690,1,MID,31,,,,,,,,,,,,,,,,,,1835.05,,1902.82,False,,,,,,,,,,,,,0,0,0
691,1,FWD,2,,,,,,,,,,,,,,,,,,1722.37,,1794,False,,,,,,,,,,,,,0,0,0
692,1,DEF,14,,,,,,,,,,,,,,,,,,1993.42,,1808.1,False,,,,,,,,,,,,,0,0,0
693,1,MID,17,,,,,,,,,,,,,,,,,,1802.85,,1811.3,False,,,,,,,,,,,,,0,0,0
694,1,DEF,56,,,,,,,,,,,,,,,,,,1547.12,,1750.14,False,,,,,,,,,,,,,0,0,0
695,1,DEF,39,,,,,,,,,,,,,,,,,,1735.78,,1959.96,False,,,,,,,,,,,,,0,0,0
696,1,FWD,17,,,,,,,,,,,,,,,,,,1802.85,,1811.3,False,,,,,,,,,,,,,0,0,0
697,1,MID,91,,,,,,,,,,,,,,,,,,1808.1,,1993.42,False,,,,,,,,,,,,,0,0,0
698,1,MID,2,,,,,,,,,,,,,,,,,,1722.37,,1794,False,,,,,,,,,,,,,0,0,0
699,1,MID,17,,,,,,,,,,,,,,,,,,1802.85,,1811.3,False,,,,,,,,,,,,,0,0,0
700,1,MID,3,,,,,,,,,,,,,,,,,,1993.36,,1799.46,False,,,,,,,,,,,,,0,0,0
701,1,DEF,7,,,,,,,,,,,,,,,,,,1872.85,,1868.57,False,,,,,,,,,,,,,0,0,0
702,1,MID,7,,,,,,,,,,,,,,,,,,1872.85,,1868.57,False,,,,,,,,,,,,,0,0,0
703,1,GKP,7,,,,,,,,,,,,,,,,,,1872.85,,1868.57,False,,,,,,,,,,,,,0,0,0
704,1,MID,11,,,,,,,,,,,,,,,,,,1794,,1722.37,False,,,,,,,,,,,,,0,0,0
705,1,DEF,11,,,,,,,,,,,,,,,,,,1794,,1722.37,False,,,,,,,,,,,,,0,0,0
706,1,DEF,2,,,,,,,,,,,,,,,,,,1722.37,,1794,False,,,,,,,,,,,,,0,0,0
707,1,MID,11,,,,,,,,,,,,,,,,,,1794,,1722.37,False,,,,,,,,,,,,,0,0,0
708,1,MID,21,,,,,,,,,,,,,,,,,,1750.14,,1547.12,False,,,,,,,,,,,,,0,0,0
709,1,DEF,39,,,,,,,,,,,,,,,,,,1735.78,,1959.96,False,,,,,,,,,,,,,0,0,0
710,1,DEF,7,,,,,,,,,,,,,,,,,,1872.85,,1868.57,False,,,,,,,,,,,,,0,0,0
711,1,MID,3,,,,,,,,,,,,,,,,,,1993.36,,1799.46,False,,,,,,,,,,,,,0,0,0
712,1,MID,31,,,,,,,,,,,,,,,,,,1835.05,,1902.82,False,,,,,,,,,,,,,0,0,0
713,1,DEF,91,,,,,,,,,,,,,,,,,,1808.1,,1993.42,False,,,,,,,,,,,,,0,0,0
714,1,FWD,4,,,,,,,,,,,,,,,,,,1868.57,,1872.85,False,,,,,,,,,,,,,0,0,0
715,1,GKP,17,,,,,,,,,,,,,,,,,,1802.85,,1811.3,False,,,,,,,,,,,,,0,0,0
716,1,DEF,17,,,,,,,,,,,,,,,,,,1802.85,,1811.3,False,,,,,,,,,,,,,0,0,0
717,1,MID,6,,,,,,,,,,,,,,,,,,1774.01,,1729.6,False,,,,,,,,,,,,,0,0,0
718,1,MID,21,,,,,,,,,,,,,,,,,,1750.14,,1547.12,False,,,,,,,,,,,,,0,0,0
719,1,DEF,7,,,,,,,,,,,,,,,,,,1872.85,,1868.57,False,,,,,,,,,,,,,0,0,0
720,1,FWD,39,,,,,,,,,,,,,,,,,,1735.78,,1959.96,False,,,,,,,,,,,,,0,0,0
721,1,DEF,91,,,,,,,,,,,,,,,,,,1808.1,,1993.42,False,,,,,,,,,,,,,0,0,0
722,1,MID,90,,,,,,,,,,,,,,,,,,1729.6,,1774.01,False,,,,,,,,,,,,,0,0,0
723,1,DEF,31,,,,,,,,,,,,,,,,,,1835.05,,1902.82,False,,,,,,,,,,,,,0,0,0
724,1,DEF,56,,,,,,,,,,,,,,,,,,1547.12,,1750.14,False,,,,,,,,,,,,,0,0,0
725,1,DEF,3,,,,,,,,,,,,,,,,,,1993.36,,1799.46,False,,,,,,,,,,,,,0,0,0
726,1,FWD,6,,,,,,,,,,,,,,,,,,1774.01,,1729.6,False,,,,,,,,,,,,,0,0,0
727,1,MID,54,,,,,,,,,,,,,,,,,,1781.73,,1827.14,False,,,,,,,,,,,,,0,0,0
728,1,MID,11,,,,,,,,,,,,,,,,,,1794,,1722.37,False,,,,,,,,,,,,,0,0,0
729,1,DEF,17,,,,,,,,,,,,,,,,,,1802.85,,1811.3,False,,,,,,,,,,,,,0,0,0
730,1,FWD,56,,,,,,,,,,,,,,,,,,1547.12,,1750.14,False,,,,,,,,,,,,,0,0,0
731,1,MID,54,,,,,,,,,,,,,,,,,,1781.73,,1827.14,False,,,,,,,,,,,,,0,0,0
732,1,FWD,31,,,,,,,,,,,,,,,,,,1835.05,,1902.82,False,,,,,,,,,,,,,0,0,0
733,1,GKP,1,,,,,,,,,,,,,,,,,,1799.46,,1993.36,False,,,,,,,,,,,,,0,0,0
734,1,MID,17,,,,,,,,,,,,,,,,,,1802.85,,1811.3,False,,,,,,,,,,,,,0,0,0
735,1,MID,56,,,,,,,,,,,,,,,,,,1547.12,,1750.14,False,,,,,,,,,,,,,0,0,0
736,1,GKP,43,,,,,,,,,,,,,,,,,,1959.96,,1735.78,False,,,,,,,,,,,,,0,0,0
737,1,FWD,54,,,,,,,,,,,,,,,,,,1781.73,,1827.14,False,,,,,,,,,,,,,0,0,0
738,1,GKP,21,,,,,,,,,,,,,,,,,,1750.14,,1547.12,False,,,,,,,,,,,,,0,0,0
739,1,MID,43,,,,,,,,,,,,,,,,,,1959.96,,1735.78,False,,,,,,,,,,,,,0,0,0
740,1,DEF,43,,,,,,,,,,,,,,,,,,1959.96,,1735.78,False,,,,,,,,,,,,,0,0,0
741,1,FWD,2,,,,,,,,,,,,,,,,,,1722.37,,1794,False,,,,,,,,,,,,,0,0,0
742,1,MID,43,,,,,,,,,,,,,,,,,,1959.96,,1735.78,False,,,,,,,,,,,,,0,0,0
743,1,MID,8,,,,,,,,,,,,,,,,,,1902.82,,1835.05,False,,,,,,,,,,,,,0,0,0
744,1,MID,36,,,,,,,,,,,,,,,,,,1827.14,,1781.73,False,,,,,,,,,,,,,0,0,0
745,1,DEF,6,,,,,,,,,,,,,,,,,,1774.01,,1729.6,False,,,,,,,,,,,,,0,0,0
746,1,MID,14,,,,,,,,,,,,,,,,,,1993.42,,1808.1,False,,,,,,,,,,,,,0,0,0
747,1,DEF,21,,,,,,,,,,,,,,,,,,1750.14,,1547.12,False,,,,,,,,,,,,,0,0,0
748,1,MID,94,,,,,,,,,,,,,,,,,,1811.3,,1802.85,False,,,,,,,,,,,,,0,0,0
749,1,FWD,39,,,,,,,,,,,,,,,,,,1735.78,,1959.96,False,,,,,,,,,,,,,0,0,0
750,1,DEF,6,,,,,,,,,,,,,,,,,,1774.01,,1729.6,False,,,,,,,,,,,,,0,0,0
751,1,MID,6,,,,,,,,,,,,,,,,,,1774.01,,1729.6,False,,,,,,,,,,,,,0,0,0
752,1,DEF,21,,,,,,,,,,,,,,,,,,1750.14,,1547.12,False,,,,,,,,,,,,,0,0,0
753,1,GKP,4,,,,,,,,,,,,,,,,,,1868.57,,1872.85,False,,,,,,,,,,,,,0,0,0
754,1,MID,7,,,,,,,,,,,,,,,,,,1872.85,,1868.57,False,,,,,,,,,,,,,0,0,0
755,1,MID,1,,,,,,,,,,,,,,,,,,1799.46,,1993.36,False,,,,,,,,,,,,,0,0,0
756,1,MID,91,,,,,,,,,,,,,,,,,,1808.1,,1993.42,False,,,,,,,,,,,,,0,0,0
757,1,GKP,7,,,,,,,,,,,,,,,,,,1872.85,,1868.57,False,,,,,,,,,,,,,0,0,0
758,1,MID,21,,,,,,,,,,,,,,,,,,1750.14,,1547.12,False,,,,,,,,,,,,,0,0,0
759,1,DEF,3,,,,,,,,,,,,,,,,,,1993.36,,1799.46,False,,,,,,,,,,,,,0,0,0
