player_id,match_id,minutes_played,goals,assists,total_shots,xg,xa,shots_on_target,successful_dribbles,big_chances_missed,touches_opposition_box,touches,accurate_passes,accurate_passes_percent,chances_created,final_third_passes,accurate_crosses,accurate_crosses_percent,accurate_long_balls,accurate_long_balls_percent,tackles_won,interceptions,recoveries,blocks,clearances,headed_clearances,dribbled_past,duels_won,duels_lost,ground_duels_won,ground_duels_won_percent,aerial_duels_won,aerial_duels_won_percent,was_fouled,fouls_committed,saves,goals_conceded,xgot_faced,goals_prevented,sweeper_actions,gk_accurate_passes,gk_accurate_long_balls,dispossessed,high_claim,corners,saves_inside_box,offsides,successful_dribbles_percent,tackles_won_percent,xgot,tackles,start_min,finish_min,team_goals_conceded,penalties_scored,penalties_missed,top_speed,distance_covered,walking_distance,running_distance,sprinting_distance,number_of_sprints,defensive_contributions
101,25-26-prem-liverpool-vs-brentford,90,0,0,0,0.0,0.0,0,0,0,0,52,0,0.0,0.0,2,0,0.0,0,0.0,0,0,10,0,3,0,0,1,0,0,0.0,1,100.0,0,0,7,1,2.68,1.68,0,19,5,0.0,1,0,6,0,0.0,0.0,0.0,0,0,95,1,0,0,0.0,0.0,0.0,0.0,0.0,0.0,0.0
186,25-26-prem-burnley-vs-wolverhampton-wanderers,0,0,0,0,0.0,0.0,0,0,0,0,0,0,0.0,0.0,0,0,0.0,0,0.0,0,0,0,0,0,0,0,0,0,0,0.0,0,0.0,0,0,0,0,0.0,0.0,0,0,0,0.0,0,0,0,0,0.0,0.0,0.0,0,0,94,1,0,0,0.0,0.0,0.0,0.0,0.0,0.0,0.0
119,25-26-prem-brighton-hove-albion-vs-manchester-united,74,1,0,1,0.92,0.01,1,0,0,4,19,10,77.0,1.0,1,0,0.0,0,0.0,0,0,3,0,0,0,0,1,4,1,33.0,0,0.0,0,0,0,0,0.0,0.0,0,0,0,1.0,0,0,0,0,0.0,0.0,1.0,0,0,74,0,0,0,0.0,0.0,0.0,0.0,0.0,0.0,0.0
348,25-26-prem-west-ham-united-vs-leeds-united,90,0,0,0,0.0,0.0,0,0,0,0,50,29,85.0,1.0,5,0,0.0,1,50.0,2,1,5,0,5,4,0,3,3,3,60.0,0,0.0,1,1,0,0,0.0,0.0,0,0,0,1.0,0,0,0,0,0.0,0.0,0.0,0,0,94,3,0,0,0.0,0.0,0.0,0.0,0.0,0.0,0.0
209,25-26-prem-burnley-vs-wolverhampton-wanderers,0,0,0,0,0.0,0.0,0,0,0,0,0,0,0.0,0.0,0,0,0.0,0,0.0,0,0,0,0,0,0,0,0,0,0,0.0,0,0.0,0,0,0,0,0.0,0.0,0,0,0,0.0,0,0,0,0,0.0,0.0,0.0,0,0,94,1,0,0,0.0,0.0,0.0,0.0,0.0,0.0,0.0
44,25-26-prem-manchester-city-vs-aston-villa,73,0,0,0,0.0,0.0,0,0,0,0,30,20,91.0,0.0,0,0,0.0,1,50.0,0,1,4,0,2,0,0,2,1,2,67.0,0,0.0,2,0,0,0,0.0,0.0,0,0,0,1.0,0,0,0,0,0.0,0.0,0.0,0,0,73,1,0,0,0.0,0.0,0.0,0.0,0.0,0.0,0.0
294,25-26-prem-tottenham-hotspur-vs-everton,6,0,0,0,0.0,0.16,0,0,0,0,9,6,100.0,1.0,1,2,100.0,0,0.0,0,0,0,0,0,0,0,0,0,0,0.0,0,0.0,0,0,0,0,0.0,0.0,0,0,0,0.0,0,0,0,0,0.0,0.0,0.0,0,84,97,0,0,0,0.0,0.0,0.0,0.0,0.0,0.0,0.0
291,25-26-prem-tottenham-hotspur-vs-everton,90,0,0,1,0.06,0.0,0,0,0,3,52,33,85.0,0.0,2,0,0.0,1,50.0,1,2,2,2,5,5,0,5,5,1,25.0,4,67.0,0,2,0,0,0.0,0.0,0,0,0,0.0,0,0,0,0,0.0,0.0,0.0,0,0,97,1,0,0,0.0,0.0,0.0,0.0,0.0,0.0,0.0
295,25-26-prem-tottenham-hotspur-vs-everton,90,0,0,3,0.09,0.25,0,0,0,7,60,37,86.0,0.0,3,0,0.0,1,25.0,2,0,2,0,9,5,1,7,4,2,40.0,5,83.0,0,0,0,0,0.0,0.0,0,0,0,2.0,0,0,0,0,0.0,0.0,0.0,0,0,97,1,0,0,0.0,0.0,0.0,0.0,0.0,0.0,0.0
287,25-26-prem-tottenham-hotspur-vs-everton,90,0,0,0,0.0,0.03,0,0,0,0,51,0,0.0,0.0,14,0,0.0,0,0.0,0,0,7,0,3,0,0,0,0,0,0.0,0,0.0,0,0,1,1,0.77,-0.23,1,30,8,0.0,0,0,1,0,0.0,0.0,0.0,0,0,97,1,0,0,0.0,0.0,0.0,0.0,0.0,0.0,0.0
581,25-26-prem-tottenham-hotspur-vs-everton,8,0,0,0,0.0,0.0,0,0,0,0,4,1,50.0,0.0,0,0,0.0,0,0.0,1,0,1,0,0,0,0,1,1,1,50.0,0,0.0,0,1,0,0,0.0,0.0,0,0,0,0.0,0,0,0,0,0.0,0.0,0.0,0,82,97,0,0,0,0.0,0.0,0.0,0.0,0.0,0.0,0.0
288,25-26-prem-tottenham-hotspur-vs-everton,0,0,0,0,0.0,0.0,0,0,0,0,0,0,0.0,0.0,0,0,0.0,0,0.0,0,0,0,0,0,0,0,0,0,0,0.0,0,0.0,0,0,0,0,0.0,0.0,0,0,0,0.0,0,0,0,0,0.0,0.0,0.0,0,0,97,1,0,0,0.0,0.0,0.0,0.0,0.0,0.0,0.0
570,25-26-prem-tottenham-hotspur-vs-everton,90,0,0,4,0.2,0.01,0,0,0,4,66,43,91.0,0.0,4,0,0.0,2,40.0,0,1,0,0,10,9,0,6,5,1,100.0,5,50.0,1,0,0,0,0.0,0.0,0,0,0,0.0,0,0,0,0,0.0,0.0,0.0,0,0,97,0,0,0,0.0,0.0,0.0,0.0,0.0,0.0,0.0
726,25-26-prem-tottenham-hotspur-vs-everton,17,0,0,1,0.02,0.0,0,0,0,0,12,5,71.0,0.0,1,0,0.0,1,100.0,1,0,0,0,0,0,0,4,2,1,50.0,3,75.0,0,0,0,0,0.0,0.0,0,0,0,1.0,0,0,0,0,0.0,0.0,0.0,0,73,97,0,0,0,0.0,0.0,0.0,0.0,0.0,0.0,0.0
292,25-26-prem-tottenham-hotspur-vs-everton,90,0,0,0,0.0,0.01,0,0,0,0,61,33,85.0,1.0,6,0,0.0,3,50.0,3,0,2,0,3,3,2,5,6,4,50.0,1,33.0,1,1,0,0,0.0,0.0,0,0,0,0.0,0,0,0,0,0.0,0.0,0.0,0,0,97,1,0,0,0.0,0.0,0.0,0.0,0.0,0.0,0.0
242,25-26-prem-tottenham-hotspur-vs-everton,84,0,0,1,0.02,0.04,0,0,0,0,44,17,71.0,0.0,4,1,25.0,0,0.0,1,0,4,1,0,0,2,4,7,3,38.0,1,33.0,2,1,0,0,0.0,0.0,0,0,0,1.0,0,0,0,0,0.0,0.0,0.0,0,0,84,1,0,0,0.0,0.0,0.0,0.0,0.0,0.0,0.0
573,25-26-prem-tottenham-hotspur-vs-everton,90,0,0,1,0.02,0.01,1,0,0,4,45,16,67.0,0.0,1,0,0.0,1,50.0,2,1,5,0,0,0,0,7,7,5,50.0,2,50.0,2,3,0,0,0.0,0.0,0,0,0,2.0,0,0,0,0,0.0,0.0,0.05,0,0,97,0,0,0,0.0,0.0,0.0,0.0,0.0,0.0,0.0
568,25-26-prem-tottenham-hotspur-vs-everton,90,0,0,2,0.06,0.11,0,0,0,0,73,26,79.0,3.0,7,6,50.0,2,29.0,5,2,3,0,4,1,0,7,5,7,64.0,0,0.0,1,2,0,0,0.0,0.0,0,0,0,1.0,0,0,0,0,0.0,0.0,0.0,0,0,97,0,0,0,0.0,0.0,0.0,0.0,0.0,0.0,0.0
303,25-26-prem-tottenham-hotspur-vs-everton,90,0,0,1,0.05,0.26,0,0,0,1,80,51,94.0,4.0,10,3,38.0,2,40.0,4,1,7,1,0,0,1,9,3,8,73.0,1,100.0,3,0,0,0,0.0,0.0,0,0,0,1.0,0,0,0,0,0.0,0.0,0.0,0,0,97,1,0,0,0.0,0.0,0.0,0.0,0.0,0.0,0.0
299,25-26-prem-tottenham-hotspur-vs-everton,90,0,0,1,0.05,0.02,0,0,0,1,40,17,77.0,1.0,2,0,0.0,0,0.0,3,0,3,0,0,0,0,8,5,8,62.0,0,0.0,1,1,0,0,0.0,0.0,0,0,0,3.0,0,0,0,0,0.0,0.0,0.0,0,0,97,1,0,0,0.0,0.0,0.0,0.0,0.0,0.0,0.0
796,25-26-prem-tottenham-hotspur-vs-everton,82,0,0,1,0.18,0.02,0,0,0,4,51,31,91.0,1.0,1,0,0.0,0,0.0,2,0,5,0,1,1,1,5,7,5,45.0,0,0.0,2,1,0,0,0.0,0.0,0,0,0,2.0,0,0,0,0,0.0,0.0,0.0,0,0,82,0,0,0,0.0,0.0,0.0,0.0,0.0,0.0,0.0
574,25-26-prem-tottenham-hotspur-vs-everton,89,0,0,1,0.02,0.02,0,0,0,2,51,31,91.0,0.0,3,0,0.0,0,0.0,2,0,3,1,0,0,1,5,2,5,83.0,0,0.0,2,0,0,0,0.0,0.0,0,0,0,0.0,0,0,0,0,0.0,0.0,0.0,0,0,90,0,0,0,0.0,0.0,0.0,0.0,0.0,0.0,0.0
311,25-26-prem-tottenham-hotspur-vs-everton,6,0,0,0,0.0,0.0,0,0,0,0,1,1,100.0,0.0,0,0,0.0,0,0.0,0,0,0,0,0,0,0,0,2,0,0.0,0,0.0,0,0,0,0,0.0,0.0,0,0,0,0.0,0,0,0,0,0.0,0.0,0.0,0,84,97,0,0,0,0.0,0.0,0.0,0.0,0.0,0.0,0.0
293,25-26-prem-tottenham-hotspur-vs-everton,62,0,0,0,0.0,0.02,0,0,0,0,32,15,71.0,1.0,3,0,0.0,1,33.0,1,0,1,0,3,1,1,7,6,3,50.0,4,57.0,2,2,0,0,0.0,0.0,0,0,0,0.0,0,0,0,0,0.0,0.0,0.0,0,0,62,1,0,0,0.0,0.0,0.0,0.0,0.0,0.0,0.0
593,25-26-prem-tottenham-hotspur-vs-everton,17,0,0,0,0.0,0.0,0,0,0,0,10,4,80.0,1.0,1,0,0.0,0,0.0,0,1,0,0,1,0,1,1,2,1,33.0,0,0.0,0,1,0,0,0.0,0.0,0,0,0,0.0,0,0,0,0,0.0,0.0,0.0,0,73,97,0,0,0,0.0,0.0,0.0,0.0,0.0,0.0,0.0
304,25-26-prem-tottenham-hotspur-vs-everton,84,0,0,0,0.0,0.01,0,0,0,0,44,22,88.0,0.0,6,0,0.0,0,0.0,3,1,5,3,1,0,1,5,10,4,31.0,1,50.0,0,3,0,0,0.0,0.0,0,0,0,2.0,0,0,0,0,0.0,0.0,0.0,0,0,84,1,0,0,0.0,0.0,0.0,0.0,0.0,0.0,0.0
572,25-26-prem-tottenham-hotspur-vs-everton,1,0,0,0,0.0,0.0,0,0,0,0,4,0,0.0,0.0,1,0,0.0,0,0.0,0,0,0,0,3,2,0,2,0,0,0.0,2,100.0,0,0,0,0,0.0,0.0,0,0,0,0.0,0,0,0,0,0.0,0.0,0.0,0,90,97,0,0,0,0.0,0.0,0.0,0.0,0.0,0.0,0.0
728,25-26-prem-tottenham-hotspur-vs-everton,62,0,0,0,0.0,0.0,0,0,0,0,18,7,70.0,0.0,0,0,0.0,0,0.0,2,0,1,0,1,1,0,4,5,3,50.0,1,33.0,1,2,0,0,0.0,0.0,0,0,0,1.0,0,0,0,0,0.0,0.0,0.0,0,0,62,1,0,0,0.0,0.0,0.0,0.0,0.0,0.0,0.0
584,25-26-prem-tottenham-hotspur-vs-everton,73,0,0,2,0.06,0.26,0,0,0,6,51,24,89.0,4.0,4,3,60.0,1,100.0,1,1,4,0,0,0,0,5,6,4,50.0,1,33.0,2,1,0,0,0.0,0.0,0,0,0,2.0,0,0,0,0,0.0,0.0,0.0,0,0,73,0,0,0,0.0,0.0,0.0,0.0,0.0,0.0,0.0
668,25-26-prem-sunderland-vs-chelsea,90,0,0,0,0.0,0.27,0,0,0,1,65,45,87.0,0.0,9,0,0.0,5,71.0,0,0,7,0,3,3,0,1,2,0,0.0,1,50.0,0,1,0,0,0.0,0.0,0,0,0,0.0,0,0,0,0,0.0,0.0,0.0,0,0,101,1,0,0,0.0,0.0,0.0,0.0,0.0,0.0,0.0
735,25-26-prem-sunderland-vs-chelsea,0,0,0,0,0.0,0.0,0,0,0,0,0,0,0.0,0.0,0,0,0.0,0,0.0,0,0,0,0,0,0,0,0,0,0,0.0,0,0.0,0,0,0,0,0.0,0.0,0,0,0,0.0,0,0,0,0,0.0,0.0,0.0,0,0,101,1,0,0,0.0,0.0,0.0,0.0,0.0,0.0,0.0
683,25-26-prem-sunderland-vs-chelsea,0,0,0,0,0.0,0.0,0,0,0,0,0,0,0.0,0.0,0,0,0.0,0,0.0,0,0,0,0,0,0,0,0,0,0,0.0,0,0.0,0,0,0,0,0.0,0.0,0,0,0,0.0,0,0,0,0,0.0,0.0,0.0,0,0,101,1,0,0,0.0,0.0,0.0,0.0,0.0,0.0,0.0
220,25-26-prem-sunderland-vs-chelsea,90,0,0,0,0.0,0.0,0,0,0,0,54,0,0.0,0.0,7,0,0.0,0,0.0,0,0,14,0,0,0,0,2,0,1,100.0,1,100.0,1,0,5,2,1.27,0.27,1,24,9,0.0,3,0,4,0,0.0,0.0,0.0,0,0,101,2,0,0,0.0,0.0,0.0,0.0,0.0,0.0,0.0
236,25-26-prem-sunderland-vs-chelsea,65,0,1,0,0.0,0.11,0,0,0,1,29,20,95.0,3.0,3,1,33.0,1,100.0,0,0,2,0,0,0,1,3,3,3,50.0,0,0.0,2,0,0,0,0.0,0.0,0,0,0,0.0,0,0,0,0,0.0,0.0,0.0,0,0,65,2,0,0,0.0,0.0,0.0,0.0,0.0,0.0,0.0
224,25-26-prem-sunderland-vs-chelsea,90,0,0,0,0.0,0.01,0,0,0,0,39,20,80.0,0.0,1,0,0.0,1,33.0,2,0,4,0,0,0,0,2,2,2,50.0,0,0.0,0,1,0,0,0.0,0.0,0,0,0,1.0,0,0,0,0,0.0,0.0,0.0,0,0,101,2,0,0,0.0,0.0,0.0,0.0,0.0,0.0,0.0
724,25-26-prem-sunderland-vs-chelsea,90,0,0,0,0.0,0.03,0,0,0,0,42,28,97.0,0.0,3,0,0.0,1,100.0,1,0,2,0,1,0,0,2,4,2,67.0,0,0.0,1,0,0,0,0.0,0.0,0,0,0,0.0,0,0,0,0,0.0,0.0,0.0,0,0,101,1,0,0,0.0,0.0,0.0,0.0,0.0,0.0,0.0
560,25-26-prem-sunderland-vs-chelsea,29,0,0,2,0.09,0.01,0,0,0,2,13,4,80.0,0.0,1,0,0.0,0,0.0,1,0,0,0,0,0,0,2,4,2,100.0,0,0.0,1,0,0,0,0.0,0.0,0,0,0,0.0,0,0,0,0,0.0,0.0,0.0,0,61,101,0,0,0,0.0,0.0,0.0,0.0,0.0,0.0,0.0
230,25-26-prem-sunderland-vs-chelsea,62,0,0,0,0.0,0.0,0,0,0,0,34,22,88.0,0.0,1,0,0.0,0,0.0,0,1,3,0,6,0,0,1,3,1,25.0,0,0.0,1,3,0,0,0.0,0.0,0,0,0,0.0,0,0,0,0,0.0,0.0,0.0,0,0,101,2,0,0,0.0,0.0,0.0,0.0,0.0,0.0,0.0
730,25-26-prem-sunderland-vs-chelsea,61,0,0,4,0.91,0.01,1,0,0,8,23,8,89.0,0.0,1,0,0.0,0,0.0,0,0,1,0,1,1,0,4,1,3,75.0,1,100.0,3,1,0,0,0.0,0.0,0,0,0,1.0,0,0,0,0,0.0,0.0,0.25,0,0,61,1,0,0,0.0,0.0,0.0,0.0,0.0,0.0,0.0
532,25-26-prem-sunderland-vs-chelsea,90,1,0,2,0.18,0.19,1,0,0,2,35,19,83.0,6.0,5,0,0.0,1,100.0,3,0,2,0,0,0,0,3,1,3,75.0,0,0.0,0,0,0,0,0.0,0.0,0,0,0,1.0,0,0,0,0,0.0,0.0,0.74,0,0,101,1,0,0,0.0,0.0,0.0,0.0,0.0,0.0,0.0
235,25-26-prem-sunderland-vs-chelsea,90,1,0,3,0.21,0.02,2,0,0,2,50,30,91.0,0.0,1,0,0.0,0,0.0,0,0,1,0,0,0,0,2,3,2,40.0,0,0.0,2,0,0,0,0.0,0.0,0,0,0,0.0,0,0,0,0,0.0,0.0,0.29,0,0,101,2,0,0,0.0,0.0,0.0,0.0,0.0,0.0,0.0
250,25-26-prem-sunderland-vs-chelsea,5,0,0,0,0.0,0.0,0,0,0,1,3,1,50.0,0.0,0,0,0.0,0,0.0,0,0,1,0,0,0,0,0,1,0,0.0,0,0.0,0,0,0,0,0.0,0.0,0,0,0,1.0,0,0,0,0,0.0,0.0,0.0,0,85,101,0,0,0,0.0,0.0,0.0,0.0,0.0,0.0,0.0
535,25-26-prem-sunderland-vs-chelsea,0,0,0,0,0.0,0.0,0,0,0,0,0,0,0.0,0.0,0,0,0.0,0,0.0,0,0,0,0,0,0,0,0,0,0,0.0,0,0.0,0,0,0,0,0.0,0.0,0,0,0,0.0,0,0,0,0,0.0,0.0,0.0,0,0,101,1,0,0,0.0,0.0,0.0,0.0,0.0,0.0,0.0
670,25-26-prem-sunderland-vs-chelsea,90,0,0,0,0.0,0.0,0,0,0,0,33,0,0.0,1.0,9,0,0.0,0,0.0,0,0,6,0,0,0,0,1,0,1,100.0,0,0.0,1,0,2,1,0.41,-0.59,0,17,6,0.0,0,0,1,0,0.0,0.0,0.0,0,0,101,1,0,0,0.0,0.0,0.0,0.0,0.0,0.0,0.0
241,25-26-prem-sunderland-vs-chelsea,85,0,0,1,0.04,0.05,0,0,0,2,66,50,88.0,1.0,9,0,0.0,3,50.0,0,2,3,1,0,0,0,2,4,2,40.0,0,0.0,2,2,0,0,0.0,0.0,0,0,0,0.0,0,0,0,0,0.0,0.0,0.0,0,0,85,2,0,0,0.0,0.0,0.0,0.0,0.0,0.0,0.0
552,25-26-prem-sunderland-vs-chelsea,90,0,0,0,0.0,0.02,0,0,0,0,46,31,84.0,2.0,4,0,0.0,0,0.0,0,0,4,0,2,1,0,2,1,2,67.0,0,0.0,2,1,0,0,0.0,0.0,0,0,0,0.0,0,0,0,0,0.0,0.0,0.0,0,0,101,1,0,0,0.0,0.0,0.0,0.0,0.0,0.0,0.0
246,25-26-prem-sunderland-vs-chelsea,0,0,0,0,0.0,0.0,0,0,0,0,0,0,0.0,0.0,0,0,0.0,0,0.0,0,0,0,0,0,0,0,0,0,0,0.0,0,0.0,0,0,0,0,0.0,0.0,0,0,0,0.0,0,0,0,0,0.0,0.0,0.0,0,0,101,2,0,0,0.0,0.0,0.0,0.0,0.0,0.0,0.0
672,25-26-prem-sunderland-vs-chelsea,52,0,0,0,0.0,0.06,0,0,0,1,39,26,87.0,0.0,0,0,0.0,0,0.0,0,1,0,1,2,1,0,1,0,0,0.0,1,100.0,0,0,0,0,0.0,0.0,0,0,0,0.0,0,0,0,0,0.0,0.0,0.0,0,0,53,2,0,0,0.0,0.0,0.0,0.0,0.0,0.0,0.0
341,25-26-prem-west-ham-united-vs-leeds-united,90,0,0,0,0.0,0.0,0,0,0,0,49,0,0.0,0.0,11,0,0.0,0,0.0,0,0,10,0,0,0,0,0,0,0,0.0,0,0.0,0,0,5,3,3.27,0.27,0,23,5,0.0,0,0,4,0,0.0,0.0,0.0,0,0,94,3,0,0,0.0,0.0,0.0,0.0,0.0,0.0,0.0
671,25-26-prem-west-ham-united-vs-leeds-united,45,1,0,3,0.45,0.05,2,0,0,2,24,3,75.0,1.0,0,0,0.0,0,0.0,0,0,1,0,1,0,0,1,5,1,17.0,0,0.0,0,0,0,0,0.0,0.0,0,0,0,4.0,0,0,0,0,0.0,0.0,0.77,0,46,94,0,0,0,0.0,0.0,0.0,0.0,0.0,0.0,0.0
624,25-26-prem-west-ham-united-vs-leeds-united,90,1,1,2,0.23,0.17,1,0,0,4,36,9,69.0,2.0,3,1,20.0,0,0.0,1,0,4,0,1,1,1,5,8,4,40.0,1,33.0,2,0,0,0,0.0,0.0,0,0,0,2.0,0,0,0,0,0.0,0.0,0.34,0,0,94,0,0,0,0.0,0.0,0.0,0.0,0.0,0.0,0.0
691,25-26-prem-west-ham-united-vs-leeds-united,69,0,0,2,0.48,0.01,1,0,0,3,23,13,87.0,2.0,0,0,0.0,0,0.0,0,1,2,0,0,0,0,2,6,1,33.0,1,20.0,1,1,0,0,0.0,0.0,0,0,0,1.0,0,0,0,0,0.0,0.0,0.33,0,0,69,1,0,0,0.0,0.0,0.0,0.0,0.0,0.0,0.0
665,25-26-prem-west-ham-united-vs-leeds-united,0,0,0,0,0.0,0.0,0,0,0,0,0,0,0.0,0.0,0,0,0.0,0,0.0,0,0,0,0,0,0,0,0,0,0,0.0,0,0.0,0,0,0,0,0.0,0.0,0,0,0,0.0,0,0,0,0,0.0,0.0,0.0,0,0,94,3,0,0,0.0,0.0,0.0,0.0,0.0,0.0,0.0
706,25-26-prem-west-ham-united-vs-leeds-united,90,0,0,1,0.12,0.01,0,0,0,2,71,37,77.0,1.0,6,0,0.0,3,75.0,3,0,4,0,5,4,1,7,3,5,62.0,2,100.0,2,2,0,0,0.0,0.0,0,0,0,0.0,0,0,0,0,0.0,0.0,0.0,0,0,94,3,0,0,0.0,0.0,0.0,0.0,0.0,0.0,0.0
659,25-26-prem-west-ham-united-vs-leeds-united,90,0,0,0,0.0,0.0,0,0,0,0,35,17,81.0,0.0,2,0,0.0,1,50.0,0,0,4,0,1,1,1,1,2,1,33.0,0,0.0,1,1,0,0,0.0,0.0,0,0,0,1.0,0,0,0,0,0.0,0.0,0.0,0,0,94,0,0,0,0.0,0.0,0.0,0.0,0.0,0.0,0.0
610,25-26-prem-west-ham-united-vs-leeds-united,0,0,0,0,0.0,0.0,0,0,0,0,0,0,0.0,0.0,0,0,0.0,0,0.0,0,0,0,0,0,0,0,0,0,0,0.0,0,0.0,0,0,0,0,0.0,0.0,0,0,0,0.0,0,0,0,0,0.0,0.0,0.0,0,0,94,0,0,0,0.0,0.0,0.0,0.0,0.0,0.0,0.0
362,25-26-prem-west-ham-united-vs-leeds-united,12,0,0,2,0.05,0.0,1,0,0,3,7,2,50.0,0.0,0,0,0.0,0,0.0,1,0,0,0,0,0,0,2,0,1,100.0,1,100.0,0,0,0,0,0.0,0.0,0,0,0,0.0,0,0,0,0,0.0,0.0,0.1,0,78,94,2,0,0,0.0,0.0,0.0,0.0,0.0,0.0,0.0
343,25-26-prem-west-ham-united-vs-leeds-united,90,0,0,0,0.0,0.01,0,0,0,0,77,60,94.0,0.0,3,0,0.0,4,80.0,2,2,2,0,2,1,1,5,7,3,43.0,2,40.0,1,3,0,0,0.0,0.0,0,0,0,0.0,0,0,0,0,0.0,0.0,0.0,0,0,94,3,0,0,0.0,0.0,0.0,0.0,0.0,0.0,0.0
365,25-26-prem-west-ham-united-vs-leeds-united,90,0,0,1,0.4,0.55,0,0,0,7,39,17,74.0,2.0,2,0,0.0,1,50.0,1,0,4,0,0,0,1,7,5,6,55.0,1,100.0,2,2,0,0,0.0,0.0,0,0,0,2.0,0,0,0,0,0.0,0.0,0.0,0,0,94,3,0,0,0.0,0.0,0.0,0.0,0.0,0.0,0.0
345,25-26-prem-west-ham-united-vs-leeds-united,1,0,0,1,0.2,0.0,0,0,0,1,1,0,0.0,0.0,0,0,0.0,0,0.0,0,0,0,0,0,0,0,0,0,0,0.0,0,0.0,0,0,0,0,0.0,0.0,0,0,0,0.0,0,0,0,0,0.0,0.0,0.0,0,91,94,1,0,0,0.0,0.0,0.0,0.0,0.0,0.0,0.0
358,25-26-prem-west-ham-united-vs-leeds-united,78,0,0,0,0.0,0.01,0,0,0,0,70,47,89.0,0.0,6,0,0.0,1,33.0,3,2,7,0,0,0,1,3,2,3,60.0,0,0.0,0,0,0,0,0.0,0.0,0,0,0,1.0,0,0,0,0,0.0,0.0,0.0,0,0,78,1,0,0,0.0,0.0,0.0,0.0,0.0,0.0,0.0
615,25-26-prem-west-ham-united-vs-leeds-united,90,0,1,1,0.04,0.34,0,0,0,5,51,25,81.0,2.0,4,1,25.0,0,0.0,4,0,3,0,0,0,0,7,5,7,64.0,0,0.0,0,0,0,0,0.0,0.0,0,0,0,2.0,0,0,0,0,0.0,0.0,0.0,0,0,94,0,0,0,0.0,0.0,0.0,0.0,0.0,0.0,0.0
679,25-26-prem-west-ham-united-vs-leeds-united,90,0,0,0,0.0,0.0,0,0,0,0,38,0,0.0,0.0,10,0,0.0,0,0.0,0,0,12,0,0,0,0,0,0,0,0.0,0,0.0,0,0,3,0,0.46,0.46,1,6,1,0.0,3,0,2,0,0.0,0.0,0.0,0,0,94,0,0,0,0.0,0.0,0.0,0.0,0.0,0.0,0.0
351,25-26-prem-west-ham-united-vs-leeds-united,21,0,0,0,0.0,0.01,0,0,0,2,17,9,64.0,0.0,3,0,0.0,0,0.0,0,0,0,0,0,0,0,0,0,0,0.0,0,0.0,0,0,0,0,0.0,0.0,0,0,0,0.0,0,0,0,0,0.0,0.0,0.0,0,69,94,2,0,0,0.0,0.0,0.0,0.0,0.0,0.0,0.0
753,25-26-prem-fulham-vs-newcastle-united,0,0,0,0,0.0,0.0,0,0,0,0,0,0,0.0,0.0,0,0,0.0,0,0.0,0,0,0,0,0,0,0,0,0,0,0.0,0,0.0,0,0,0,0,0.0,0.0,0,0,0,0.0,0,0,0,0,0.0,0.0,0.0,0,0,98,2,0,0,0.0,0.0,0.0,0.0,0.0,0.0,0.0
331,25-26-prem-fulham-vs-newcastle-united,30,1,0,3,0.2,0.11,1,0,0,0,37,27,87.0,2.0,2,0,0.0,0,0.0,1,2,2,0,0,0,0,1,1,1,50.0,0,0.0,0,1,0,0,0.0,0.0,0,0,0,0.0,0,0,0,0,0.0,0.0,0.45,0,60,98,0,0,0,0.0,0.0,0.0,0.0,0.0,0.0,0.0
476,25-26-prem-fulham-vs-newcastle-united,84,0,0,0,0.0,0.0,0,0,0,0,57,43,90.0,0.0,3,0,0.0,1,50.0,2,1,4,0,2,2,0,5,0,3,100.0,2,100.0,1,0,0,0,0.0,0.0,0,0,0,0.0,0,0,0,0,0.0,0.0,0.0,0,0,84,2,0,0,0.0,0.0,0.0,0.0,0.0,0.0,0.0
478,25-26-prem-fulham-vs-newcastle-united,0,0,0,0,0.0,0.0,0,0,0,0,0,0,0.0,0.0,0,0,0.0,0,0.0,0,0,0,0,0,0,0,0,0,0,0.0,0,0.0,0,0,0,0,0.0,0.0,0,0,0,0.0,0,0,0,0,0.0,0.0,0.0,0,0,98,2,0,0,0.0,0.0,0.0,0.0,0.0,0.0,0.0
674,25-26-prem-fulham-vs-newcastle-united,0,0,0,0,0.0,0.0,0,0,0,0,0,0,0.0,0.0,0,0,0.0,0,0.0,0,0,0,0,0,0,0,0,0,0,0.0,0,0.0,0,0,0,0,0.0,0.0,0,0,0,0.0,0,0,0,0,0.0,0.0,0.0,0,0,98,2,0,0,0.0,0.0,0.0,0.0,0.0,0.0,0.0
487,25-26-prem-fulham-vs-newcastle-united,45,0,0,2,0.08,0.03,0,0,0,5,24,16,100.0,1.0,0,0,0.0,1,100.0,0,0,0,0,0,0,0,1,3,0,0.0,1,33.0,0,0,0,0,0.0,0.0,0,0,0,1.0,0,0,0,0,0.0,0.0,0.0,0,46,98,1,0,0,0.0,0.0,0.0,0.0,0.0,0.0,0.0
325,25-26-prem-fulham-vs-newcastle-united,72,0,0,1,0.06,0.0,1,0,0,0,26,19,95.0,0.0,4,0,0.0,1,100.0,2,0,1,0,1,0,0,3,2,3,60.0,0,0.0,1,1,0,0,0.0,0.0,0,0,0,1.0,0,0,0,0,0.0,0.0,0.02,0,0,72,0,0,0,0.0,0.0,0.0,0.0,0.0,0.0,0.0
485,25-26-prem-fulham-vs-newcastle-united,0,0,0,0,0.0,0.0,0,0,0,0,0,0,0.0,0.0,0,0,0.0,0,0.0,0,0,0,0,0,0,0,0,0,0,0.0,0,0.0,0,0,0,0,0.0,0.0,0,0,0,0.0,0,0,0,0,0.0,0.0,0.0,0,0,98,2,0,0,0.0,0.0,0.0,0.0,0.0,0.0,0.0
714,25-26-prem-fulham-vs-newcastle-united,77,0,0,0,0.0,0.07,0,0,0,1,31,22,92.0,2.0,2,0,0.0,1,100.0,1,0,0,0,0,0,0,2,2,2,50.0,0,0.0,1,0,0,0,0.0,0.0,0,0,0,0.0,0,0,0,0,0.0,0.0,0.0,0,0,77,1,0,0,0.0,0.0,0.0,0.0,0.0,0.0,0.0
424,25-26-prem-fulham-vs-newcastle-united,72,0,0,0,0.0,0.19,0,0,0,1,25,13,93.0,2.0,1,0,0.0,0,0.0,0,1,4,0,0,0,0,1,2,1,33.0,0,0.0,0,0,0,0,0.0,0.0,0,0,0,2.0,0,0,0,0,0.0,0.0,0.0,0,0,72,0,0,0,0.0,0.0,0.0,0.0,0.0,0.0,0.0
338,25-26-prem-fulham-vs-newcastle-united,72,0,0,3,0.16,0.01,1,0,0,6,23,4,40.0,0.0,4,0,0.0,1,100.0,1,0,1,0,0,0,0,10,9,4,44.0,6,60.0,2,3,0,0,0.0,0.0,0,0,0,2.0,0,0,0,0,0.0,0.0,0.02,0,0,72,0,0,0,0.0,0.0,0.0,0.0,0.0,0.0,0.0
684,25-26-prem-fulham-vs-newcastle-united,90,0,0,0,0.0,0.01,0,0,0,0,83,64,90.0,0.0,6,0,0.0,1,14.0,1,2,6,1,2,2,0,3,3,2,67.0,1,33.0,1,1,0,0,0.0,0.0,0,0,0,0.0,0,0,0,0,0.0,0.0,0.0,0,0,98,2,0,0,0.0,0.0,0.0,0.0,0.0,0.0,0.0
473,25-26-prem-fulham-vs-newcastle-united,90,0,0,1,0.02,0.1,0,0,0,2,65,36,88.0,2.0,3,1,25.0,1,50.0,1,2,5,0,4,1,1,2,6,2,29.0,0,0.0,0,0,0,0,0.0,0.0,0,0,0,3.0,0,0,0,0,0.0,0.0,0.0,0,0,98,2,0,0,0.0,0.0,0.0,0.0,0.0,0.0,0.0
500,25-26-prem-fulham-vs-newcastle-united,66,0,0,0,0.0,0.0,0,0,0,1,7,2,67.0,0.0,0,0,0.0,0,0.0,1,0,1,0,0,0,0,3,1,3,75.0,0,0.0,1,1,0,0,0.0,0.0,0,0,0,0.0,0,0,0,0,0.0,0.0,0.0,0,0,66,1,0,0,0.0,0.0,0.0,0.0,0.0,0.0,0.0
731,25-26-prem-fulham-vs-newcastle-united,60,0,0,1,0.04,0.02,0,0,0,4,32,12,67.0,1.0,0,0,0.0,1,33.0,0,0,4,0,0,0,0,4,4,3,43.0,1,100.0,0,1,0,0,0.0,0.0,0,0,0,1.0,0,0,0,0,0.0,0.0,0.0,0,0,60,0,0,0,0.0,0.0,0.0,0.0,0.0,0.0,0.0
481,25-26-prem-fulham-vs-newcastle-united,6,0,0,0,0.0,0.0,0,0,0,1,11,6,100.0,0.0,0,0,0.0,0,0.0,0,1,0,1,1,1,0,0,0,0,0.0,0,0.0,0,0,0,0,0.0,0.0,0,0,0,0.0,0,0,0,0,0.0,0.0,0.0,0,84,98,0,0,0,0.0,0.0,0.0,0.0,0.0,0.0,0.0
335,25-26-prem-fulham-vs-newcastle-united,18,0,0,1,0.09,0.01,1,0,0,3,10,5,83.0,1.0,0,0,0.0,0,0.0,1,0,3,0,0,0,0,1,2,1,50.0,0,0.0,0,1,0,0,0.0,0.0,0,0,0,0.0,0,0,0,0,0.0,0.0,0.33,0,72,98,0,0,0,0.0,0.0,0.0,0.0,0.0,0.0,0.0
501,25-26-prem-fulham-vs-newcastle-united,13,0,0,1,0.03,0.0,0,0,0,1,5,0,0.0,0.0,0,0,0.0,0,0.0,0,0,0,0,0,0,0,0,2,0,0.0,0,0.0,0,0,0,0,0.0,0.0,0,0,0,1.0,0,0,0,0,0.0,0.0,0.0,0,77,98,1,0,0,0.0,0.0,0.0,0.0,0.0,0.0,0.0
73,25-26-prem-nottingham-forest-vs-afc-bournemouth,89,0,0,0,0.0,0.01,0,0,0,0,60,35,90.0,0.0,5,0,0.0,2,50.0,1,2,3,1,2,0,1,4,3,3,60.0,1,50.0,2,1,0,0,0.0,0.0,0,0,0,0.0,0,0,0,0,0.0,0.0,0.0,0,0,90,1,0,0,0.0,0.0,0.0,0.0,0.0,0.0,0.0
525,25-26-prem-nottingham-forest-vs-afc-bournemouth,62,0,0,2,0.58,0.09,1,0,0,4,22,12,75.0,1.0,2,0,0.0,0,0.0,0,0,2,0,1,1,1,3,7,1,50.0,2,25.0,1,0,0,0,0.0,0.0,0,0,0,0.0,0,0,0,0,0.0,0.0,0.1,0,0,62,1,0,0,0.0,0.0,0.0,0.0,0.0,0.0,0.0
502,25-26-prem-nottingham-forest-vs-afc-bournemouth,90,0,0,0,0.0,0.0,0,0,0,0,41,0,0.0,0.0,5,0,0.0,0,0.0,0,0,4,0,1,0,0,0,0,0,0.0,0,0.0,0,0,3,1,0.47,-0.53,1,21,5,0.0,0,0,2,0,0.0,0.0,0.0,0,0,90,1,0,0,0.0,0.0,0.0,0.0,0.0,0.0,0.0
527,25-26-prem-nottingham-forest-vs-afc-bournemouth,28,0,0,1,0.17,0.0,0,0,0,1,6,1,100.0,0.0,0,0,0.0,0,0.0,1,0,0,0,0,0,0,2,3,2,67.0,0,0.0,1,1,0,0,0.0,0.0,0,0,0,0.0,0,0,0,0,0.0,0.0,0.0,0,62,90,0,0,0,0.0,0.0,0.0,0.0,0.0,0.0,0.0
86,25-26-prem-nottingham-forest-vs-afc-bournemouth,0,0,0,0,0.0,0.0,0,0,0,0,0,0,0.0,0.0,0,0,0.0,0,0.0,0,0,0,0,0,0,0,0,0,0,0.0,0,0.0,0,0,0,0,0.0,0.0,0,0,0,0.0,0,0,0,0,0.0,0.0,0.0,0,0,90,1,0,0,0.0,0.0,0.0,0.0,0.0,0.0,0.0
85,25-26-prem-nottingham-forest-vs-afc-bournemouth,90,0,0,1,0.02,0.02,0,0,0,0,83,54,89.0,0.0,9,0,0.0,2,40.0,6,2,9,0,0,0,0,10,3,7,70.0,3,100.0,1,2,0,0,0.0,0.0,0,0,0,1.0,0,0,0,0,0.0,0.0,0.0,0,0,90,1,0,0,0.0,0.0,0.0,0.0,0.0,0.0,0.0
505,25-26-prem-nottingham-forest-vs-afc-bournemouth,90,0,0,0,0.0,0.21,0,0,0,2,59,35,78.0,2.0,4,0,0.0,3,33.0,1,0,4,2,7,2,0,4,1,1,50.0,3,100.0,0,1,0,0,0.0,0.0,0,0,0,0.0,0,0,0,0,0.0,0.0,0.0,0,0,90,1,0,0,0.0,0.0,0.0,0.0,0.0,0.0,0.0
522,25-26-prem-nottingham-forest-vs-afc-bournemouth,25,0,0,1,0.15,0.0,1,0,0,1,19,10,71.0,0.0,1,0,0.0,0,0.0,2,0,2,0,2,1,0,4,0,2,100.0,2,100.0,0,0,0,0,0.0,0.0,0,0,0,0.0,0,0,0,0,0.0,0.0,0.0,0,65,90,0,0,0,0.0,0.0,0.0,0.0,0.0,0.0,0.0
72,25-26-prem-nottingham-forest-vs-afc-bournemouth,90,0,0,0,0.0,0.02,0,0,0,1,90,58,77.0,0.0,22,0,0.0,6,38.0,2,1,5,2,2,1,0,6,4,3,75.0,3,50.0,1,0,0,0,0.0,0.0,0,0,0,1.0,0,0,0,0,0.0,0.0,0.0,0,0,90,1,0,0,0.0,0.0,0.0,0.0,0.0,0.0,0.0
521,25-26-prem-nottingham-forest-vs-afc-bournemouth,65,0,0,0,0.0,0.03,0,0,0,0,53,31,86.0,0.0,5,0,0.0,1,100.0,0,4,8,3,1,0,2,1,7,0,0.0,1,100.0,0,3,0,0,0.0,0.0,0,0,0,1.0,0,0,0,0,0.0,0.0,0.0,0,0,65,1,0,0,0.0,0.0,0.0,0.0,0.0,0.0,0.0
519,25-26-prem-nottingham-forest-vs-afc-bournemouth,25,0,0,1,0.11,0.0,0,0,0,1,19,13,93.0,0.0,2,0,0.0,0,0.0,2,0,1,0,0,0,1,2,3,2,50.0,0,0.0,0,0,0,0,0.0,0.0,0,0,0,1.0,0,0,0,0,0.0,0.0,0.0,0,65,90,0,0,0,0.0,0.0,0.0,0.0,0.0,0.0,0.0
77,25-26-prem-nottingham-forest-vs-afc-bournemouth,90,0,0,0,0.0,0.01,0,0,0,0,73,51,84.0,0.0,7,0,0.0,3,33.0,0,3,2,0,7,5,0,4,5,0,0.0,4,67.0,0,3,0,0,0.0,0.0,0,0,0,0.0,0,0,0,0,0.0,0.0,0.0,0,0,90,1,0,0,0.0,0.0,0.0,0.0,0.0,0.0,0.0
685,25-26-prem-nottingham-forest-vs-afc-bournemouth,0,0,0,0,0.0,0.0,0,0,0,0,0,0,0.0,0.0,0,0,0.0,0,0.0,0,0,0,0,0,0,0,0,0,0,0.0,0,0.0,0,0,0,0,0.0,0.0,0,0,0,0.0,0,0,0,0,0.0,0.0,0.0,0,0,90,1,0,0,0.0,0.0,0.0,0.0,0.0,0.0,0.0
669,25-26-prem-nottingham-forest-vs-afc-bournemouth,0,0,0,0,0.0,0.0,0,0,0,0,0,0,0.0,0.0,0,0,0.0,0,0.0,0,0,0,0,0,0,0,0,0,0,0.0,0,0.0,0,0,0,0,0.0,0.0,0,0,0,0.0,0,0,0,0,0.0,0.0,0.0,0,0,90,1,0,0,0.0,0.0,0.0,0.0,0.0,0.0,0.0
511,25-26-prem-nottingham-forest-vs-afc-bournemouth,90,0,0,0,0.0,0.0,0,0,0,1,42,22,79.0,0.0,4,0,0.0,3,38.0,1,1,1,2,8,4,1,4,3,1,33.0,3,75.0,0,1,0,0,0.0,0.0,0,0,0,0.0,0,0,0,0,0.0,0.0,0.0,0,0,90,1,0,0,0.0,0.0,0.0,0.0,0.0,0.0,0.0
67,25-26-prem-nottingham-forest-vs-afc-bournemouth,90,0,0,0,0.0,0.0,0,0,0,0,28,0,0.0,0.0,1,0,0.0,0,0.0,0,0,8,0,2,0,0,0,0,0,0.0,0,0.0,0,0,3,1,0.52,-0.48,0,14,2,0.0,0,0,3,0,0.0,0.0,0.0,0,0,90,1,0,0,0.0,0.0,0.0,0.0,0.0,0.0,0.0
508,25-26-prem-nottingham-forest-vs-afc-bournemouth,90,0,0,3,0.07,0.05,1,0,0,4,62,23,68.0,0.0,2,2,25.0,0,0.0,2,2,6,0,4,1,1,5,4,3,43.0,2,100.0,0,1,0,0,0.0,0.0,0,0,0,1.0,0,0,0,0,0.0,0.0,0.04,0,0,90,1,0,0,0.0,0.0,0.0,0.0,0.0,0.0,0.0
697,25-26-prem-nottingham-forest-vs-afc-bournemouth,17,0,0,0,0.0,0.0,0,0,0,0,13,5,83.0,0.0,0,0,0.0,0,0.0,2,1,0,0,0,0,0,2,2,2,67.0,0,0.0,0,0,0,0,0.0,0.0,0,0,0,0.0,0,0,0,0,0.0,0.0,0.0,0,73,90,0,0,0,0.0,0.0,0.0,0.0,0.0,0.0,0.0
526,25-26-prem-nottingham-forest-vs-afc-bournemouth,90,0,0,3,0.18,0.03,1,0,0,2,49,26,81.0,0.0,0,0,0.0,1,100.0,1,0,5,0,0,0,0,4,7,4,44.0,0,0.0,3,0,0,0,0.0,0.0,0,0,0,2.0,0,0,0,0,0.0,0.0,0.16,0,0,90,1,0,0,0.0,0.0,0.0,0.0,0.0,0.0,0.0
517,25-26-prem-nottingham-forest-vs-afc-bournemouth,65,0,0,1,0.01,0.39,0,0,0,0,60,39,91.0,2.0,6,2,100.0,0,0.0,3,1,4,0,1,0,0,4,4,4,50.0,0,0.0,1,1,0,0,0.0,0.0,0,0,0,2.0,0,0,0,0,0.0,0.0,0.0,0,0,65,1,0,0,0.0,0.0,0.0,0.0,0.0,0.0,0.0
97,25-26-prem-nottingham-forest-vs-afc-bournemouth,73,0,0,1,0.06,0.01,0,0,0,1,24,10,83.0,0.0,1,0,0.0,0,0.0,1,2,4,0,0,0,0,6,1,5,83.0,1,100.0,3,0,0,0,0.0,0.0,0,0,0,0.0,0,0,0,0,0.0,0.0,0.0,0,0,73,1,0,0,0.0,0.0,0.0,0.0,0.0,0.0,0.0
426,25-26-prem-nottingham-forest-vs-afc-bournemouth,12,0,0,0,0.0,0.0,0,0,0,1,9,3,43.0,0.0,0,0,0.0,0,0.0,0,0,3,0,0,0,0,0,1,0,0.0,0,0.0,0,0,0,0,0.0,0.0,0,0,0,0.0,0,0,0,0,0.0,0.0,0.0,0,78,90,0,0,0,0.0,0.0,0.0,0.0,0.0,0.0,0.0
74,25-26-prem-nottingham-forest-vs-afc-bournemouth,90,0,1,0,0.0,0.11,0,0,0,6,74,40,87.0,3.0,2,1,50.0,1,100.0,7,1,5,0,1,0,0,10,1,10,91.0,0,0.0,1,1,0,0,0.0,0.0,0,0,0,0.0,0,0,0,0,0.0,0.0,0.0,0,0,90,1,0,0,0.0,0.0,0.0,0.0,0.0,0.0,0.0
693,25-26-prem-nottingham-forest-vs-afc-bournemouth,78,0,1,0,0.0,0.16,0,0,0,3,47,22,81.0,3.0,4,2,40.0,2,100.0,3,0,3,0,0,0,1,3,8,3,27.0,0,0.0,0,2,0,0,0.0,0.0,0,0,0,1.0,0,0,0,0,0.0,0.0,0.0,0,0,78,1,0,0,0.0,0.0,0.0,0.0,0.0,0.0,0.0
513,25-26-prem-nottingham-forest-vs-afc-bournemouth,0,0,0,0,0.0,0.0,0,0,0,0,0,0,0.0,0.0,0,0,0.0,0,0.0,0,0,0,0,0,0,0,0,0,0,0.0,0,0.0,0,0,0,0,0.0,0.0,0,0,0,0.0,0,0,0,0,0.0,0.0,0.0,0,0,90,1,0,0,0.0,0.0,0.0,0.0,0.0,0.0,0.0
510,25-26-prem-nottingham-forest-vs-afc-bournemouth,63,0,0,0,0.0,0.0,0,0,0,0,30,17,74.0,0.0,2,0,0.0,0,0.0,0,1,3,0,2,0,2,1,2,1,33.0,0,0.0,0,0,0,0,0.0,0.0,0,0,0,0.0,0,0,0,0,0.0,0.0,0.0,0,0,63,1,0,0,0.0,0.0,0.0,0.0,0.0,0.0,0.0
263,25-26-prem-crystal-palace-vs-arsenal,90,0,0,0,0.0,0.0,0,0,0,0,37,26,93.0,0.0,2,0,0.0,0,0.0,1,0,1,1,6,1,2,1,2,1,33.0,0,0.0,0,0,0,0,0.0,0.0,0,0,0,0.0,0,0,0,0,0.0,0.0,0.0,0,0,91,2,0,0,0.0,0.0,0.0,0.0,0.0,0.0,0.0
24,25-26-prem-crystal-palace-vs-arsenal,45,0,0,1,0.03,0.04,0,0,0,1,49,32,84.0,0.0,7,0,0.0,0,0.0,3,0,0,0,2,1,2,3,5,3,43.0,0,0.0,0,2,0,0,0.0,0.0,0,0,0,0.0,0,0,0,0,0.0,0.0,0.0,0,0,46,0,0,0,0.0,0.0,0.0,0.0,0.0,0.0,0.0
270,25-26-prem-crystal-palace-vs-arsenal,90,0,0,0,0.0,0.02,0,0,0,1,43,26,84.0,1.0,7,0,0.0,1,50.0,2,0,1,1,1,1,2,5,4,5,62.0,0,0.0,2,1,0,0,0.0,0.0,0,0,0,0.0,0,0,0,0,0.0,0.0,0.0,0,0,91,2,0,0,0.0,0.0,0.0,0.0,0.0,0.0,0.0
807,25-26-prem-nottingham-forest-vs-afc-bournemouth,73,0,0,1,0.06,0.04,0,0,0,3,32,15,88.0,1.0,4,1,33.0,1,100.0,0,2,2,0,2,0,0,2,3,2,40.0,0,0.0,0,0,0,0,0.0,0.0,0,0,0,0.0,0,0,0,0,0.0,0.0,0.0,0,0,73,1,0,0,0.0,0.0,0.0,0.0,0.0,0.0,0.0
2,25-26-prem-crystal-palace-vs-arsenal,90,0,0,0,0.0,0.0,0,0,0,0,33,0,0.0,0.0,3,0,0.0,0,0.0,0,0,8,0,3,0,0,1,0,0,0.0,1,100.0,0,0,2,1,0.94,-0.06,1,15,3,0.0,1,0,2,0,0.0,0.0,0.0,0,0,91,1,0,0,0.0,0.0,0.0,0.0,0.0,0.0,0.0
254,25-26-prem-crystal-palace-vs-arsenal,0,0,0,0,0.0,0.0,0,0,0,0,0,0,0.0,0.0,0,0,0.0,0,0.0,0,0,0,0,0,0,0,0,0,0,0.0,0,0.0,0,0,0,0,0.0,0.0,0,0,0,0.0,0,0,0,0,0.0,0.0,0.0,0,0,91,2,0,0,0.0,0.0,0.0,0.0,0.0,0.0,0.0
272,25-26-prem-crystal-palace-vs-arsenal,90,0,0,0,0.0,0.22,0,0,0,3,55,30,79.0,1.0,6,1,100.0,1,25.0,2,4,2,0,5,3,1,5,3,3,75.0,2,50.0,1,0,0,0,0.0,0.0,0,0,0,0.0,0,0,0,0,0.0,0.0,0.0,0,0,91,2,0,0,0.0,0.0,0.0,0.0,0.0,0.0,0.0
22,25-26-prem-crystal-palace-vs-arsenal,28,0,0,1,0.37,0.0,0,0,0,1,17,12,80.0,0.0,1,0,0.0,1,50.0,0,0,2,0,0,0,0,0,1,0,0.0,0,0.0,0,1,0,0,0.0,0.0,0,0,0,0.0,0,0,0,0,0.0,0.0,0.0,0,62,91,1,0,0,0.0,0.0,0.0,0.0,0.0,0.0,0.0
31,25-26-prem-crystal-palace-vs-arsenal,75,1,0,4,0.88,0.03,2,0,0,8,26,13,87.0,1.0,2,0,0.0,0,0.0,0,0,1,0,2,1,0,2,6,1,20.0,1,33.0,0,3,0,0,0.0,0.0,0,0,0,1.0,0,0,0,0,0.0,0.0,0.6,0,0,75,0,0,0,0.0,0.0,0.0,0.0,0.0,0.0,0.0
267,25-26-prem-crystal-palace-vs-arsenal,45,0,0,0,0.0,0.02,0,0,0,2,17,8,62.0,0.0,2,0,0.0,0,0.0,0,0,2,0,1,1,1,3,2,2,50.0,1,100.0,1,0,0,0,0.0,0.0,0,0,0,0.0,0,0,0,0,0.0,0.0,0.0,0,0,46,1,0,0,0.0,0.0,0.0,0.0,0.0,0.0,0.0
5,25-26-prem-crystal-palace-vs-arsenal,45,0,0,0,0.0,0.0,0,0,0,0,38,28,93.0,0.0,2,0,0.0,3,60.0,0,0,1,0,5,4,0,2,2,0,0.0,2,67.0,1,1,0,0,0.0,0.0,0,0,0,0.0,0,0,0,0,0.0,0.0,0.0,0,46,91,1,0,0,0.0,0.0,0.0,0.0,0.0,0.0,0.0
266,25-26-prem-crystal-palace-vs-arsenal,15,0,0,1,0.36,0.01,1,0,0,1,13,6,86.0,0.0,0,0,0.0,0,0.0,1,1,1,0,0,0,0,2,0,2,100.0,0,0.0,0,0,0,0,0.0,0.0,0,0,0,0.0,0,0,0,0,0.0,0.0,0.75,0,75,91,1,0,0,0.0,0.0,0.0,0.0,0.0,0.0,0.0
654,25-26-prem-crystal-palace-vs-arsenal,77,0,0,1,0.07,0.01,0,0,0,2,28,14,82.0,0.0,4,0,0.0,2,100.0,0,0,2,0,1,1,0,5,10,1,17.0,4,44.0,1,4,0,0,0.0,0.0,0,0,0,0.0,0,0,0,0,0.0,0.0,0.0,0,0,77,2,0,0,0.0,0.0,0.0,0.0,0.0,0.0,0.0
257,25-26-prem-crystal-palace-vs-arsenal,0,0,0,0,0.0,0.0,0,0,0,0,0,0,0.0,0.0,0,0,0.0,0,0.0,0,0,0,0,0,0,0,0,0,0,0.0,0,0.0,0,0,0,0,0.0,0.0,0,0,0,0.0,0,0,0,0,0.0,0.0,0.0,0,0,91,2,0,0,0.0,0.0,0.0,0.0,0.0,0.0,0.0
16,25-26-prem-crystal-palace-vs-arsenal,0,0,0,0,0.0,0.0,0,0,0,0,0,0,0.0,0.0,0,0,0.0,0,0.0,0,0,0,0,0,0,0,0,0,0,0.0,0,0.0,0,0,0,0,0.0,0.0,0,0,0,0.0,0,0,0,0,0.0,0.0,0.0,0,0,91,1,0,0,0.0,0.0,0.0,0.0,0.0,0.0,0.0
19,25-26-prem-crystal-palace-vs-arsenal,90,0,1,1,0.13,0.24,1,0,0,7,50,26,93.0,2.0,2,2,33.0,1,100.0,0,0,4,0,0,0,1,5,2,5,71.0,0,0.0,1,0,0,0,0.0,0.0,0,0,0,1.0,0,0,0,0,0.0,0.0,0.06,0,0,91,1,0,0,0.0,0.0,0.0,0.0,0.0,0.0,0.0
712,25-26-prem-crystal-palace-vs-arsenal,45,0,1,3,0.28,0.31,0,0,0,6,30,12,63.0,3.0,2,1,33.0,1,50.0,0,0,2,0,0,0,0,4,1,3,100.0,1,50.0,2,0,0,0,0.0,0.0,0,0,0,0.0,0,0,0,0,0.0,0.0,0.0,0,46,91,1,0,0,0.0,0.0,0.0,0.0,0.0,0.0,0.0
677,25-26-prem-crystal-palace-vs-arsenal,28,0,0,0,0.0,0.0,0,0,0,2,11,7,88.0,0.0,1,0,0.0,0,0.0,0,0,1,0,0,0,0,1,0,1,100.0,0,0.0,0,0,0,0,0.0,0.0,0,0,0,0.0,0,0,0,0,0.0,0.0,0.0,0,62,91,0,0,0,0.0,0.0,0.0,0.0,0.0,0.0,0.0
7,25-26-prem-crystal-palace-vs-arsenal,45,0,0,0,0.0,0.1,0,0,0,2,33,24,86.0,0.0,1,0,0.0,1,33.0,0,0,2,0,0,0,0,3,1,1,50.0,2,100.0,1,0,0,0,0.0,0.0,0,0,0,0.0,0,0,0,0,0.0,0.0,0.0,0,0,46,0,0,0,0.0,0.0,0.0,0.0,0.0,0.0,0.0
258,25-26-prem-crystal-palace-vs-arsenal,45,0,0,0,0.0,0.0,0,0,0,0,17,9,90.0,0.0,0,0,0.0,0,0.0,0,1,3,1,1,1,0,2,0,1,100.0,1,100.0,1,0,0,0,0.0,0.0,0,0,0,0.0,0,0,0,0,0.0,0.0,0.0,0,46,91,1,0,0,0.0,0.0,0.0,0.0,0.0,0.0,0.0
273,25-26-prem-crystal-palace-vs-arsenal,17,0,0,0,0.0,0.02,0,0,0,0,7,5,100.0,0.0,0,0,0.0,0,0.0,0,0,1,0,0,0,0,1,0,1,100.0,0,0.0,1,0,0,0,0.0,0.0,0,0,0,0.0,0,0,0,0,0.0,0.0,0.0,0,46,62,1,0,0,0.0,0.0,0.0,0.0,0.0,0.0,0.0
662,25-26-prem-crystal-palace-vs-arsenal,90,0,0,0,0.0,0.01,0,0,0,0,87,73,95.0,0.0,9,0,0.0,0,0.0,1,0,1,1,8,7,0,7,6,1,50.0,6,55.0,0,1,0,0,0.0,0.0,0,0,0,0.0,0,0,0,0,0.0,0.0,0.0,0,0,91,1,0,0,0.0,0.0,0.0,0.0,0.0,0.0,0.0
276,25-26-prem-crystal-palace-vs-arsenal,90,0,0,0,0.0,0.03,0,0,0,0,39,20,80.0,0.0,3,0,0.0,1,50.0,2,0,2,0,1,1,1,6,3,4,80.0,2,50.0,1,1,0,0,0.0,0.0,0,0,0,0.0,0,0,0,0,0.0,0.0,0.0,0,0,91,2,0,0,0.0,0.0,0.0,0.0,0.0,0.0,0.0
10,25-26-prem-crystal-palace-vs-arsenal,90,0,0,0,0.0,0.02,0,0,0,0,65,54,93.0,0.0,6,0,0.0,1,50.0,0,1,5,0,0,0,0,5,2,4,80.0,1,50.0,4,1,0,0,0.0,0.0,0,0,0,0.0,0,0,0,0,0.0,0.0,0.0,0,0,91,1,0,0,0.0,0.0,0.0,0.0,0.0,0.0,0.0
690,25-26-prem-crystal-palace-vs-arsenal,90,0,0,1,0.02,0.16,0,0,0,1,58,25,76.0,2.0,7,2,67.0,1,33.0,1,0,4,0,2,1,3,4,6,4,40.0,0,0.0,1,0,0,0,0.0,0.0,0,0,0,1.0,0,0,0,0,0.0,0.0,0.0,0,0,91,2,0,0,0.0,0.0,0.0,0.0,0.0,0.0,0.0
700,25-26-prem-crystal-palace-vs-arsenal,62,0,0,0,0.0,0.16,0,0,0,2,36,21,88.0,1.0,4,0,0.0,1,100.0,0,0,5,0,0,0,1,2,7,2,22.0,0,0.0,1,1,0,0,0.0,0.0,0,0,0,4.0,0,0,0,0,0.0,0.0,0.0,0,0,62,0,0,0,0.0,0.0,0.0,0.0,0.0,0.0,0.0
723,25-26-prem-crystal-palace-vs-arsenal,0,0,0,0,0.0,0.0,0,0,0,0,0,0,0.0,0.0,0,0,0.0,0,0.0,0,0,0,0,0,0,0,0,0,0,0.0,0,0.0,0,0,0,0,0.0,0.0,0,0,0,0.0,0,0,0,0,0.0,0.0,0.0,0,0,91,2,0,0,0.0,0.0,0.0,0.0,0.0,0.0,0.0
636,25-26-prem-burnley-vs-wolverhampton-wanderers,90,0,0,1,0.31,0.0,1,0,0,2,35,19,90.0,1.0,2,0,0.0,1,33.0,0,2,1,2,4,1,1,0,5,0,0.0,0,0.0,0,2,0,0,0.0,0.0,0,0,0,0.0,0,0,0,0,0.0,0.0,0.45,0,0,94,1,0,0,0.0,0.0,0.0,0.0,0.0,0.0,0.0
215,25-26-prem-burnley-vs-wolverhampton-wanderers,85,1,0,2,0.12,0.02,1,0,0,4,25,11,69.0,0.0,3,0,0.0,1,100.0,0,0,1,0,3,3,0,5,1,0,0.0,5,100.0,0,1,0,0,0.0,0.0,0,0,0,0.0,0,0,0,0,0.0,0.0,0.36,0,0,84,1,0,0,0.0,0.0,0.0,0.0,0.0,0.0,0.0
682,25-26-prem-burnley-vs-wolverhampton-wanderers,74,0,0,0,0.0,0.03,0,0,0,0,28,12,80.0,0.0,5,1,50.0,1,33.0,1,1,3,0,4,2,0,1,0,1,100.0,0,0.0,0,0,0,0,0.0,0.0,0,0,0,0.0,0,0,0,0,0.0,0.0,0.0,0,0,74,1,0,0,0.0,0.0,0.0,0.0,0.0,0.0,0.0
216,25-26-prem-burnley-vs-wolverhampton-wanderers,24,0,0,0,0.0,0.01,0,0,0,2,11,6,86.0,0.0,1,0,0.0,1,100.0,0,0,0,0,0,0,0,0,4,0,0.0,0,0.0,0,1,0,0,0.0,0.0,0,0,0,0.0,0,0,0,0,0.0,0.0,0.0,0,66,94,0,0,0,0.0,0.0,0.0,0.0,0.0,0.0,0.0
720,25-26-prem-burnley-vs-wolverhampton-wanderers,24,0,0,1,0.19,0.0,0,0,0,1,12,2,50.0,0.0,1,0,0.0,0,0.0,0,0,0,0,2,2,0,2,0,0,0.0,2,100.0,0,0,0,0,0.0,0.0,0,0,0,0.0,0,0,0,0,0.0,0.0,0.0,0,66,94,0,0,0,0.0,0.0,0.0,0.0,0.0,0.0,0.0
207,25-26-prem-burnley-vs-wolverhampton-wanderers,66,0,0,1,0.16,0.3,1,0,0,3,56,33,75.0,2.0,9,1,50.0,2,50.0,1,0,3,0,1,1,0,6,2,5,71.0,1,100.0,3,1,0,0,0.0,0.0,0,0,0,1.0,0,0,0,0,0.0,0.0,0.11,0,0,66,1,0,0,0.0,0.0,0.0,0.0,0.0,0.0,0.0
633,25-26-prem-burnley-vs-wolverhampton-wanderers,16,0,0,1,0.08,0.0,0,0,0,1,9,2,67.0,0.0,2,0,0.0,0,0.0,0,0,0,0,0,0,0,0,0,0,0.0,0,0.0,0,0,0,0,0.0,0.0,0,0,0,0.0,0,0,0,0,0.0,0.0,0.0,0,74,94,0,0,0,0.0,0.0,0.0,0.0,0.0,0.0,0.0
651,25-26-prem-burnley-vs-wolverhampton-wanderers,0,0,0,0,0.0,0.0,0,0,0,0,0,0,0.0,0.0,0,0,0.0,0,0.0,0,0,0,0,0,0,0,0,0,0,0.0,0,0.0,0,0,0,0,0.0,0.0,0,0,0,0.0,0,0,0,0,0.0,0.0,0.0,0,0,94,1,0,0,0.0,0.0,0.0,0.0,0.0,0.0,0.0
640,25-26-prem-burnley-vs-wolverhampton-wanderers,8,0,0,1,0.17,0.0,1,0,0,2,5,1,100.0,0.0,0,0,0.0,0,0.0,1,0,1,0,0,0,0,1,0,1,100.0,0,0.0,0,0,0,0,0.0,0.0,0,0,0,0.0,0,0,0,0,0.0,0.0,0.28,0,82,94,0,0,0,0.0,0.0,0.0,0.0,0.0,0.0,0.0
33,25-26-prem-manchester-city-vs-aston-villa,90,0,0,0,0.0,0.0,0,0,0,0,50,0,0.0,0.0,6,0,0.0,0,0.0,0,0,3,0,3,0,0,0,0,0,0.0,0,0.0,0,0,2,1,1.51,0.51,0,30,4,0.0,0,0,2,0,0.0,0.0,0.0,0,0,90,1,0,0,0.0,0.0,0.0,0.0,0.0,0.0,0.0
37,25-26-prem-manchester-city-vs-aston-villa,0,0,0,0,0.0,0.0,0,0,0,0,0,0,0.0,0.0,0,0,0.0,0,0.0,0,0,0,0,0,0,0,0,0,0,0.0,0,0.0,0,0,0,0,0.0,0.0,0,0,0,0.0,0,0,0,0,0.0,0.0,0.0,0,0,90,1,0,0,0.0,0.0,0.0,0.0,0.0,0.0,0.0
55,25-26-prem-manchester-city-vs-aston-villa,86,0,1,0,0.0,0.08,0,0,0,0,33,23,88.0,1.0,2,0,0.0,3,100.0,2,0,1,0,0,0,0,2,4,2,50.0,0,0.0,0,0,0,0,0.0,0.0,0,0,0,0.0,0,0,0,0,0.0,0.0,0.0,0,0,86,1,0,0,0.0,0.0,0.0,0.0,0.0,0.0,0.0
422,25-26-prem-manchester-city-vs-aston-villa,31,0,0,1,0.07,0.04,0,0,0,0,22,15,83.0,1.0,1,0,0.0,1,100.0,0,1,2,0,1,0,0,0,0,0,0.0,0,0.0,0,0,0,0,0.0,0.0,0,0,0,0.0,0,0,0,0,0.0,0.0,0.0,0,59,90,1,0,0,0.0,0.0,0.0,0.0,0.0,0.0,0.0
719,25-26-prem-manchester-city-vs-aston-villa,73,0,0,0,0.0,0.0,0,0,0,0,60,53,96.0,0.0,0,0,0.0,1,33.0,1,1,3,0,3,0,0,1,0,1,100.0,0,0.0,0,0,0,0,0.0,0.0,0,0,0,0.0,0,0,0,0,0.0,0.0,0.0,0,0,73,1,0,0,0.0,0.0,0.0,0.0,0.0,0.0,0.0
416,25-26-prem-manchester-city-vs-aston-villa,59,0,0,1,0.18,0.04,1,0,0,2,33,24,92.0,0.0,2,0,0.0,1,50.0,4,1,2,0,1,0,0,4,1,4,80.0,0,0.0,0,1,0,0,0.0,0.0,0,0,0,0.0,0,0,0,0,0.0,0.0,0.26,0,0,59,1,0,0,0.0,0.0,0.0,0.0,0.0,0.0,0.0
64,25-26-prem-manchester-city-vs-aston-villa,90,2,0,4,1.24,0.01,2,0,0,7,28,14,93.0,0.0,1,0,0.0,1,100.0,1,0,0,1,0,0,0,7,1,4,80.0,3,100.0,1,0,0,0,0.0,0.0,0,0,0,0.0,0,0,0,0,0.0,0.0,1.83,0,0,90,1,0,0,0.0,0.0,0.0,0.0,0.0,0.0,0.0
49,25-26-prem-manchester-city-vs-aston-villa,90,0,0,2,0.19,0.01,0,0,0,3,41,14,78.0,0.0,0,0,0.0,1,100.0,2,2,4,0,2,2,1,3,8,3,33.0,0,0.0,1,1,0,0,0.0,0.0,0,0,0,2.0,0,0,0,0,0.0,0.0,0.0,0,0,90,1,0,0,0.0,0.0,0.0,0.0,0.0,0.0,0.0
36,25-26-prem-manchester-city-vs-aston-villa,45,0,0,0,0.0,0.01,0,0,0,1,24,11,65.0,1.0,4,0,0.0,1,33.0,0,0,2,1,0,0,0,0,0,0,0.0,0,0.0,0,0,0,0,0.0,0.0,0,0,0,0.0,0,0,0,0,0.0,0.0,0.0,0,46,90,0,0,0,0.0,0.0,0.0,0.0,0.0,0.0,0.0
699,25-26-prem-manchester-city-vs-aston-villa,73,0,0,0,0.0,0.02,0,0,0,0,54,44,96.0,0.0,3,0,0.0,3,100.0,1,1,3,2,2,0,0,2,2,2,100.0,0,0.0,1,0,0,0,0.0,0.0,0,0,0,0.0,0,0,0,0,0.0,0.0,0.0,0,0,73,1,0,0,0.0,0.0,0.0,0.0,0.0,0.0,0.0
41,25-26-prem-manchester-city-vs-aston-villa,17,0,0,1,0.15,0.0,0,0,0,1,19,15,100.0,0.0,0,0,0.0,0,0.0,0,0,0,0,3,0,0,0,0,0,0.0,0,0.0,0,0,0,0,0.0,0.0,0,0,0,0.0,0,0,0,0,0.0,0.0,0.0,0,73,90,0,0,0,0.0,0.0,0.0,0.0,0.0,0.0,0.0
414,25-26-prem-manchester-city-vs-aston-villa,90,0,0,0,0.0,0.08,0,0,0,5,61,41,85.0,3.0,6,1,25.0,3,60.0,0,0,2,0,0,0,0,1,5,1,17.0,0,0.0,0,0,0,0,0.0,0.0,0,0,0,3.0,0,0,0,0,0.0,0.0,0.0,0,0,90,2,0,0,0.0,0.0,0.0,0.0,0.0,0.0,0.0
39,25-26-prem-manchester-city-vs-aston-villa,90,0,0,1,0.02,0.14,0,0,0,4,62,30,91.0,2.0,0,1,100.0,0,0.0,4,2,3,0,8,4,2,5,4,5,56.0,0,0.0,0,1,0,0,0.0,0.0,0,0,0,0.0,0,0,0,0,0.0,0.0,0.0,0,0,90,1,0,0,0.0,0.0,0.0,0.0,0.0,0.0,0.0
403,25-26-prem-manchester-city-vs-aston-villa,12,0,0,0,0.0,0.0,0,0,0,0,16,14,93.0,0.0,1,0,0.0,0,0.0,0,0,1,0,1,1,0,1,1,0,0.0,1,50.0,0,0,0,0,0.0,0.0,0,0,0,0.0,0,0,0,0,0.0,0.0,0.0,0,78,90,0,0,0,0.0,0.0,0.0,0.0,0.0,0.0,0.0
417,25-26-prem-manchester-city-vs-aston-villa,32,0,0,1,0.03,0.09,0,0,0,3,27,16,80.0,0.0,3,0,0.0,0,0.0,0,0,0,0,0,0,0,1,2,1,33.0,0,0.0,0,1,0,0,0.0,0.0,0,0,0,0.0,0,0,0,0,0.0,0.0,0.0,0,58,90,1,0,0,0.0,0.0,0.0,0.0,0.0,0.0,0.0
415,25-26-prem-manchester-city-vs-aston-villa,90,0,0,3,0.11,0.17,0,0,0,11,48,25,86.0,2.0,0,0,0.0,0,0.0,0,0,2,0,0,0,0,3,8,3,27.0,0,0.0,2,1,0,0,0.0,0.0,0,0,0,2.0,0,0,0,0,0.0,0.0,0.0,0,0,90,2,0,0,0.0,0.0,0.0,0.0,0.0,0.0,0.0
59,25-26-prem-manchester-city-vs-aston-villa,17,0,0,0,0.0,0.0,0,0,0,0,11,8,100.0,0.0,0,0,0.0,0,0.0,1,0,0,0,1,0,0,1,0,1,100.0,0,0.0,0,0,0,0,0.0,0.0,0,0,0,0.0,0,0,0,0,0.0,0.0,0.0,0,73,90,0,0,0,0.0,0.0,0.0,0.0,0.0,0.0,0.0
182,25-26-prem-manchester-city-vs-aston-villa,90,0,0,0,0.0,0.0,0,0,0,0,16,0,0.0,0.0,0,0,0.0,0,0.0,0,0,2,0,0,0,0,0,0,0,0.0,0,0.0,0,0,3,2,2.65,0.65,0,10,0,0.0,0,0,1,0,0.0,0.0,0.0,0,0,90,2,0,0,0.0,0.0,0.0,0.0,0.0,0.0,0.0
372,25-26-prem-liverpool-vs-brentford,83,0,0,1,0.03,0.24,0,0,0,0,60,36,82.0,2.0,9,2,40.0,2,25.0,0,1,2,0,3,3,0,1,0,0,0.0,1,100.0,0,0,0,0,0.0,0.0,0,0,0,0.0,0,0,0,0,0.0,0.0,0.0,0,0,83,1,0,0,0.0,0.0,0.0,0.0,0.0,0.0,0.0
328,25-26-prem-fulham-vs-newcastle-united,0,0,0,0,0.0,0.0,0,0,0,0,0,0,0.0,0.0,0,0,0.0,0,0.0,0,0,0,0,0,0,0,0,0,0,0.0,0,0.0,0,0,0,0,0.0,0.0,0,0,0,0.0,0,0,0,0,0.0,0.0,0.0,0,0,98,0,0,0,0.0,0.0,0.0,0.0,0.0,0.0,0.0
170,25-26-prem-brighton-hove-albion-vs-manchester-united,59,0,0,0,0.0,0.01,0,0,0,0,49,41,91.0,0.0,6,0,0.0,2,100.0,1,0,2,0,1,0,1,1,5,1,17.0,0,0.0,0,4,0,0,0.0,0.0,0,0,0,0.0,0,0,0,0,0.0,0.0,0.0,0,0,59,3,0,0,0.0,0.0,0.0,0.0,0.0,0.0,0.0
138,25-26-prem-brighton-hove-albion-vs-manchester-united,0,0,0,0,0.0,0.0,0,0,0,0,0,0,0.0,0.0,0,0,0.0,0,0.0,0,0,0,0,0,0,0,0,0,0,0.0,0,0.0,0,0,0,0,0.0,0.0,0,0,0,0.0,0,0,0,0,0.0,0.0,0.0,0,0,90,3,0,0,0.0,0.0,0.0,0.0,0.0,0.0,0.0
450,25-26-prem-brighton-hove-albion-vs-manchester-united,0,0,0,0,0.0,0.0,0,0,0,0,0,0,0.0,0.0,0,0,0.0,0,0.0,0,0,0,0,0,0,0,0,0,0,0.0,0,0.0,0,0,0,0,0.0,0.0,0,0,0,0.0,0,0,0,0,0.0,0.0,0.0,0,0,90,0,0,0,0.0,0.0,0.0,0.0,0.0,0.0,0.0
448,25-26-prem-brighton-hove-albion-vs-manchester-united,8,0,0,0,0.0,0.0,0,0,0,0,11,6,100.0,0.0,0,0,0.0,0,0.0,2,0,1,0,0,0,0,2,2,2,67.0,0,0.0,0,0,0,0,0.0,0.0,0,0,0,1.0,0,0,0,0,0.0,0.0,0.0,0,82,90,0,0,0,0.0,0.0,0.0,0.0,0.0,0.0,0.0
173,25-26-prem-brighton-hove-albion-vs-manchester-united,90,0,0,0,0.0,0.01,0,0,0,0,54,27,73.0,0.0,2,0,0.0,0,0.0,2,0,2,1,0,0,0,5,2,2,67.0,3,75.0,0,1,0,0,0.0,0.0,0,0,0,0.0,0,0,0,0,0.0,0.0,0.0,0,0,90,3,0,0,0.0,0.0,0.0,0.0,0.0,0.0,0.0
151,25-26-prem-brighton-hove-albion-vs-manchester-united,90,0,0,0,0.0,0.04,0,0,0,0,85,63,89.0,0.0,10,0,0.0,5,42.0,1,2,2,0,4,3,0,5,1,1,50.0,4,100.0,0,0,0,0,0.0,0.0,0,0,0,1.0,0,0,0,0,0.0,0.0,0.0,0,0,90,3,0,0,0.0,0.0,0.0,0.0,0.0,0.0,0.0
459,25-26-prem-brighton-hove-albion-vs-manchester-united,0,0,0,0,0.0,0.0,0,0,0,0,0,0,0.0,0.0,0,0,0.0,0,0.0,0,0,0,0,0,0,0,0,0,0,0.0,0,0.0,0,0,0,0,0.0,0.0,0,0,0,0.0,0,0,0,0,0.0,0.0,0.0,0,0,90,0,0,0,0.0,0.0,0.0,0.0,0.0,0.0,0.0
452,25-26-prem-brighton-hove-albion-vs-manchester-united,90,0,1,2,0.16,0.79,2,0,0,8,47,31,89.0,1.0,2,0,0.0,0,0.0,1,2,7,0,0,0,0,2,3,2,40.0,0,0.0,0,1,0,0,0.0,0.0,0,0,0,1.0,0,0,0,0,0.0,0.0,0.43,0,0,90,0,0,0,0.0,0.0,0.0,0.0,0.0,0.0,0.0
139,25-26-prem-brighton-hove-albion-vs-manchester-united,90,0,0,0,0.0,0.0,0,0,0,0,49,0,0.0,0.0,3,0,0.0,0,0.0,0,0,10,0,1,0,0,0,0,0,0.0,0,0.0,0,0,5,3,2.18,-0.82,1,32,6,0.0,0,0,3,0,0.0,0.0,0.0,0,0,90,3,0,0,0.0,0.0,0.0,0.0,0.0,0.0,0.0
145,25-26-prem-brighton-hove-albion-vs-manchester-united,45,0,0,1,0.02,0.18,0,0,0,3,23,11,85.0,3.0,2,3,60.0,0,0.0,1,0,0,0,0,0,0,1,1,1,50.0,0,0.0,0,1,0,0,0.0,0.0,0,0,0,0.0,0,0,0,0,0.0,0.0,0.0,0,0,46,2,0,0,0.0,0.0,0.0,0.0,0.0,0.0,0.0
733,25-26-prem-brighton-hove-albion-vs-manchester-united,90,0,0,0,0.0,0.0,0,0,0,0,36,0,0.0,0.0,5,0,0.0,0,0.0,0,0,5,0,0,0,0,0,0,0,0.0,0,0.0,0,0,2,0,0.3,0.3,1,13,7,0.0,2,0,2,0,0.0,0.0,0.0,0,0,90,0,0,0,0.0,0.0,0.0,0.0,0.0,0.0,0.0
163,25-26-prem-brighton-hove-albion-vs-manchester-united,74,0,0,0,0.0,0.02,0,0,0,2,19,10,71.0,1.0,0,0,0.0,0,0.0,1,0,2,0,0,0,2,2,2,2,50.0,0,0.0,1,0,0,0,0.0,0.0,0,0,0,0.0,0,0,0,0,0.0,0.0,0.0,0,0,74,3,0,0,0.0,0.0,0.0,0.0,0.0,0.0,0.0
458,25-26-prem-brighton-hove-albion-vs-manchester-united,90,0,0,2,0.1,0.03,0,0,0,6,79,45,78.0,1.0,6,0,0.0,1,50.0,2,0,3,1,1,0,0,9,6,8,57.0,1,100.0,3,2,0,0,0.0,0.0,0,0,0,2.0,0,0,0,0,0.0,0.0,0.0,0,0,90,0,0,0,0.0,0.0,0.0,0.0,0.0,0.0,0.0
167,25-26-prem-brighton-hove-albion-vs-manchester-united,31,0,0,1,0.03,0.05,0,0,0,0,31,15,79.0,2.0,3,0,0.0,1,100.0,2,1,6,0,0,0,0,6,3,5,62.0,1,100.0,3,0,0,0,0.0,0.0,0,0,0,1.0,0,0,0,0,0.0,0.0,0.0,0,59,90,0,0,0,0.0,0.0,0.0,0.0,0.0,0.0,0.0
444,25-26-prem-brighton-hove-albion-vs-manchester-united,16,0,0,0,0.0,0.0,0,0,0,0,8,2,100.0,0.0,0,0,0.0,0,0.0,1,1,0,1,1,0,0,1,1,1,50.0,0,0.0,0,1,0,0,0.0,0.0,0,0,0,0.0,0,0,0,0,0.0,0.0,0.0,0,74,90,0,0,0,0.0,0.0,0.0,0.0,0.0,0.0,0.0
160,25-26-prem-brighton-hove-albion-vs-manchester-united,45,0,0,0,0.0,0.11,0,0,0,0,26,8,80.0,1.0,0,1,17.0,0,0.0,3,0,0,0,0,0,2,3,6,3,38.0,0,0.0,0,1,0,0,0.0,0.0,0,0,0,0.0,0,0,0,0,0.0,0.0,0.0,0,46,90,1,0,0,0.0,0.0,0.0,0.0,0.0,0.0,0.0
755,25-26-prem-brighton-hove-albion-vs-manchester-united,28,0,0,1,0.03,0.01,0,0,0,2,14,6,75.0,0.0,1,0,0.0,1,50.0,0,0,2,0,0,0,0,2,3,2,40.0,0,0.0,2,2,0,0,0.0,0.0,0,0,0,0.0,0,0,0,0,0.0,0.0,0.0,0,62,90,0,0,0,0.0,0.0,0.0,0.0,0.0,0.0,0.0
447,25-26-prem-brighton-hove-albion-vs-manchester-united,0,0,0,0,0.0,0.0,0,0,0,0,0,0,0.0,0.0,0,0,0.0,0,0.0,0,0,0,0,0,0,0,0,0,0,0.0,0,0.0,0,0,0,0,0.0,0.0,0,0,0,0.0,0,0,0,0,0.0,0.0,0.0,0,0,90,0,0,0,0.0,0.0,0.0,0.0,0.0,0.0,0.0
181,25-26-prem-brighton-hove-albion-vs-manchester-united,31,0,0,3,0.19,0.08,0,0,0,6,18,7,78.0,2.0,0,0,0.0,0,0.0,0,0,1,0,0,0,0,3,1,1,50.0,2,100.0,0,0,0,0,0.0,0.0,0,0,0,0.0,0,0,0,0,0.0,0.0,0.0,0,59,90,0,0,0,0.0,0.0,0.0,0.0,0.0,0.0,0.0
664,25-26-prem-fulham-vs-newcastle-united,0,0,0,0,0.0,0.0,0,0,0,0,0,0,0.0,0.0,0,0,0.0,0,0.0,0,0,0,0,0,0,0,0,0,0,0.0,0,0.0,0,0,0,0,0.0,0.0,0,0,0,0.0,0,0,0,0,0.0,0.0,0.0,0,0,98,0,0,0,0.0,0.0,0.0,0.0,0.0,0.0,0.0
314,25-26-prem-fulham-vs-newcastle-united,90,0,0,0,0.0,0.01,0,0,0,0,43,0,0.0,0.0,6,0,0.0,0,0.0,0,0,11,0,0,0,0,0,0,0,0.0,0,0.0,0,0,2,0,0.16,0.16,0,26,7,0.0,1,0,1,0,0.0,0.0,0.0,0,0,98,0,0,0,0.0,0.0,0.0,0.0,0.0,0.0,0.0
469,25-26-prem-fulham-vs-newcastle-united,90,0,0,0,0.0,0.0,0,0,0,0,49,0,0.0,0.0,3,0,0.0,0,0.0,0,0,12,0,1,0,0,1,0,0,0.0,1,100.0,0,0,4,2,1.83,-0.17,0,20,1,0.0,1,0,2,0,0.0,0.0,0.0,0,0,98,2,0,0,0.0,0.0,0.0,0.0,0.0,0.0,0.0
337,25-26-prem-fulham-vs-newcastle-united,18,0,0,1,0.03,0.0,0,0,0,0,9,1,50.0,0.0,2,0,0.0,1,100.0,1,0,0,0,0,0,0,2,7,1,33.0,1,17.0,0,1,0,0,0.0,0.0,0,0,0,1.0,0,0,0,0,0.0,0.0,0.0,0,72,98,0,0,0,0.0,0.0,0.0,0.0,0.0,0.0,0.0
322,25-26-prem-fulham-vs-newcastle-united,0,0,0,0,0.0,0.0,0,0,0,0,0,0,0.0,0.0,0,0,0.0,0,0.0,0,0,0,0,0,0,0,0,0,0,0.0,0,0.0,0,0,0,0,0.0,0.0,0,0,0,0.0,0,0,0,0,0.0,0.0,0.0,0,0,98,0,0,0,0.0,0.0,0.0,0.0,0.0,0.0,0.0
329,25-26-prem-fulham-vs-newcastle-united,18,0,1,2,0.1,0.0,0,0,0,2,13,6,75.0,1.0,0,0,0.0,0,0.0,1,0,0,0,0,0,0,1,0,1,100.0,0,0.0,0,0,0,0,0.0,0.0,0,0,0,0.0,0,0,0,0,0.0,0.0,0.0,0,72,98,0,0,0,0.0,0.0,0.0,0.0,0.0,0.0,0.0
336,25-26-prem-fulham-vs-newcastle-united,0,0,0,0,0.0,0.0,0,0,0,0,0,0,0.0,0.0,0,0,0.0,0,0.0,0,0,0,0,0,0,0,0,0,0,0.0,0,0.0,0,0,0,0,0.0,0.0,0,0,0,0.0,0,0,0,0,0.0,0.0,0.0,0,0,98,0,0,0,0.0,0.0,0.0,0.0,0.0,0.0,0.0
489,25-26-prem-fulham-vs-newcastle-united,45,0,0,0,0.0,0.03,0,0,0,1,30,17,81.0,0.0,3,0,0.0,1,33.0,0,1,0,0,0,0,3,2,4,1,25.0,1,50.0,1,0,0,0,0.0,0.0,0,0,0,0.0,0,0,0,0,0.0,0.0,0.0,0,0,46,1,0,0,0.0,0.0,0.0,0.0,0.0,0.0,0.0
330,25-26-prem-fulham-vs-newcastle-united,90,0,0,0,0.0,0.03,0,0,0,2,62,50,89.0,3.0,6,0,0.0,1,33.0,1,1,3,0,1,0,0,2,3,2,50.0,0,0.0,0,1,0,0,0.0,0.0,0,0,0,1.0,0,0,0,0,0.0,0.0,0.0,0,0,98,0,0,0,0.0,0.0,0.0,0.0,0.0,0.0,0.0
324,25-26-prem-fulham-vs-newcastle-united,90,0,0,6,0.26,0.17,1,0,0,10,74,42,79.0,3.0,5,2,33.0,2,67.0,1,1,6,0,0,0,0,4,3,4,57.0,0,0.0,0,1,0,0,0.0,0.0,0,0,0,1.0,0,0,0,0,0.0,0.0,0.04,0,0,98,0,0,0,0.0,0.0,0.0,0.0,0.0,0.0,0.0
316,25-26-prem-fulham-vs-newcastle-united,90,0,0,1,0.02,0.1,0,0,0,1,64,37,86.0,1.0,7,0,0.0,1,25.0,3,2,4,0,2,1,2,6,5,4,57.0,2,50.0,1,1,0,0,0.0,0.0,0,0,0,0.0,0,0,0,0,0.0,0.0,0.0,0,0,98,0,0,0,0.0,0.0,0.0,0.0,0.0,0.0,0.0
135,25-26-prem-fulham-vs-newcastle-united,24,0,0,0,0.0,0.0,0,0,0,1,13,9,100.0,1.0,2,0,0.0,1,100.0,0,0,1,0,0,0,0,2,0,1,100.0,1,100.0,1,0,0,0,0.0,0.0,0,0,0,0.0,0,0,0,0,0.0,0.0,0.0,0,66,98,1,0,0,0.0,0.0,0.0,0.0,0.0,0.0,0.0
320,25-26-prem-fulham-vs-newcastle-united,86,1,0,1,0.78,0.0,1,0,0,1,46,31,82.0,0.0,6,0,0.0,2,33.0,0,1,1,1,3,2,0,0,1,0,0.0,0,0.0,0,0,0,0,0.0,0.0,0,0,0,0.0,0,0,0,0,0.0,0.0,0.98,0,0,86,0,0,0,0.0,0.0,0.0,0.0,0.0,0.0,0.0
321,25-26-prem-fulham-vs-newcastle-united,4,0,0,0,0.0,0.0,0,0,0,0,5,2,100.0,0.0,0,0,0.0,0,0.0,0,1,0,1,1,0,0,0,2,0,0.0,0,0.0,0,1,0,0,0.0,0.0,0,0,0,0.0,0,0,0,0,0.0,0.0,0.0,0,86,98,0,0,0,0.0,0.0,0.0,0.0,0.0,0.0,0.0
494,25-26-prem-fulham-vs-newcastle-united,90,0,0,2,0.15,0.04,1,0,0,4,72,50,93.0,0.0,6,1,50.0,2,50.0,2,2,1,1,0,0,4,4,7,3,30.0,1,100.0,1,1,0,0,0.0,0.0,0,0,0,1.0,0,0,0,0,0.0,0.0,0.16,0,0,98,2,0,0,0.0,0.0,0.0,0.0,0.0,0.0,0.0
597,25-26-prem-tottenham-hotspur-vs-everton,73,0,0,2,0.06,0.09,0,0,0,4,21,7,88.0,1.0,2,0,0.0,0,0.0,0,0,2,1,1,1,0,5,8,2,33.0,3,43.0,1,1,0,0,0.0,0.0,0,0,0,2.0,0,0,0,0,0.0,0.0,0.0,0,0,73,0,0,0,0.0,0.0,0.0,0.0,0.0,0.0,0.0
587,25-26-prem-tottenham-hotspur-vs-everton,0,0,0,0,0.0,0.0,0,0,0,0,0,0,0.0,0.0,0,0,0.0,0,0.0,0,0,0,0,0,0,0,0,0,0,0.0,0,0.0,0,0,0,0,0.0,0.0,0,0,0,0.0,0,0,0,0,0.0,0.0,0.0,0,0,97,0,0,0,0.0,0.0,0.0,0.0,0.0,0.0,0.0
300,25-26-prem-tottenham-hotspur-vs-everton,0,0,0,0,0.0,0.0,0,0,0,0,0,0,0.0,0.0,0,0,0.0,0,0.0,0,0,0,0,0,0,0,0,0,0,0.0,0,0.0,0,0,0,0,0.0,0.0,0,0,0,0.0,0,0,0,0,0.0,0.0,0.0,0,0,97,1,0,0,0.0,0.0,0.0,0.0,0.0,0.0,0.0
575,25-26-prem-tottenham-hotspur-vs-everton,90,0,0,1,0.03,0.0,0,0,0,2,56,44,94.0,0.0,0,0,0.0,1,50.0,0,0,3,0,6,5,1,5,7,0,0.0,5,62.0,0,3,0,0,0.0,0.0,0,0,0,0.0,0,0,0,0,0.0,0.0,0.0,0,0,97,0,0,0,0.0,0.0,0.0,0.0,0.0,0.0,0.0
707,25-26-prem-tottenham-hotspur-vs-everton,0,0,0,0,0.0,0.0,0,0,0,0,0,0,0.0,0.0,0,0,0.0,0,0.0,0,0,0,0,0,0,0,0,0,0,0.0,0,0.0,0,0,0,0,0.0,0.0,0,0,0,0.0,0,0,0,0,0.0,0.0,0.0,0,0,97,1,0,0,0.0,0.0,0.0,0.0,0.0,0.0,0.0
591,25-26-prem-tottenham-hotspur-vs-everton,8,0,0,0,0.0,0.0,0,0,0,0,5,2,100.0,0.0,0,0,0.0,0,0.0,0,0,0,0,1,1,0,0,1,0,0.0,0,0.0,0,0,0,0,0.0,0.0,0,0,0,0.0,0,0,0,0,0.0,0.0,0.0,0,82,97,0,0,0,0.0,0.0,0.0,0.0,0.0,0.0,0.0
586,25-26-prem-tottenham-hotspur-vs-everton,0,0,0,0,0.0,0.0,0,0,0,0,0,0,0.0,0.0,0,0,0.0,0,0.0,0,0,0,0,0,0,0,0,0,0,0.0,0,0.0,0,0,0,0,0.0,0.0,0,0,0,0.0,0,0,0,0,0.0,0.0,0.0,0,0,97,0,0,0,0.0,0.0,0.0,0.0,0.0,0.0,0.0
310,25-26-prem-tottenham-hotspur-vs-everton,84,0,0,1,0.03,0.0,0,0,0,2,24,9,64.0,0.0,1,0,0.0,0,0.0,0,0,2,1,1,1,0,4,13,0,0.0,4,36.0,0,4,0,0,0.0,0.0,0,0,0,1.0,0,0,0,0,0.0,0.0,0.0,0,0,84,1,0,0,0.0,0.0,0.0,0.0,0.0,0.0,0.0
243,25-26-prem-tottenham-hotspur-vs-everton,28,0,0,1,0.03,0.01,1,0,0,2,16,7,70.0,0.0,0,0,0.0,0,0.0,1,0,1,0,0,0,0,2,2,2,50.0,0,0.0,1,1,0,0,0.0,0.0,0,0,0,1.0,0,0,0,0,0.0,0.0,0.05,0,62,97,0,0,0,0.0,0.0,0.0,0.0,0.0,0.0,0.0
305,25-26-prem-tottenham-hotspur-vs-everton,28,0,0,0,0.0,0.01,0,0,0,0,24,21,95.0,0.0,3,0,0.0,0,0.0,0,0,0,0,0,0,0,0,0,0,0.0,0,0.0,0,0,0,0,0.0,0.0,0,0,0,0.0,0,0,0,0,0.0,0.0,0.0,0,62,97,0,0,0,0.0,0.0,0.0,0.0,0.0,0.0,0.0
667,25-26-prem-tottenham-hotspur-vs-everton,0,0,0,0,0.0,0.0,0,0,0,0,0,0,0.0,0.0,0,0,0.0,0,0.0,0,0,0,0,0,0,0,0,0,0,0.0,0,0.0,0,0,0,0,0.0,0.0,0,0,0,0.0,0,0,0,0,0.0,0.0,0.0,0,0,97,1,0,0,0.0,0.0,0.0,0.0,0.0,0.0,0.0
124,25-26-prem-liverpool-vs-brentford,60,0,0,0,0.0,0.02,0,0,0,0,38,30,86.0,0.0,0,1,100.0,1,100.0,1,0,2,0,0,0,1,1,1,1,50.0,0,0.0,0,0,0,0,0.0,0.0,0,0,0,0.0,0,0,0,0,0.0,0.0,0.0,0,0,60,1,0,0,0.0,0.0,0.0,0.0,0.0,0.0,0.0
392,25-26-prem-liverpool-vs-brentford,0,0,0,0,0.0,0.0,0,0,0,0,0,0,0.0,0.0,0,0,0.0,0,0.0,0,0,0,0,0,0,0,0,0,0,0.0,0,0.0,0,0,0,0,0.0,0.0,0,0,0,0.0,0,0,0,0,0.0,0.0,0.0,0,0,95,1,0,0,0.0,0.0,0.0,0.0,0.0,0.0,0.0
367,25-26-prem-liverpool-vs-brentford,0,0,0,0,0.0,0.0,0,0,0,0,0,0,0.0,0.0,0,0,0.0,0,0.0,0,0,0,0,0,0,0,0,0,0,0.0,0,0.0,0,0,0,0,0.0,0.0,0,0,0,0.0,0,0,0,0,0.0,0.0,0.0,0,0,95,1,0,0,0.0,0.0,0.0,0.0,0.0,0.0,0.0
390,25-26-prem-liverpool-vs-brentford,83,0,0,2,0.1,0.02,1,0,0,3,47,28,85.0,1.0,3,0,0.0,0,0.0,3,1,2,0,1,0,0,5,4,5,62.0,0,0.0,1,2,0,0,0.0,0.0,0,0,0,1.0,0,0,0,0,0.0,0.0,0.25,0,0,83,1,0,0,0.0,0.0,0.0,0.0,0.0,0.0,0.0
106,25-26-prem-liverpool-vs-brentford,90,0,0,0,0.0,0.33,0,0,0,2,69,37,77.0,1.0,3,0,0.0,1,11.0,3,0,6,3,8,4,1,7,2,4,67.0,3,100.0,0,1,0,0,0.0,0.0,0,0,0,0.0,0,0,0,0,0.0,0.0,0.0,0,0,95,1,0,0,0.0,0.0,0.0,0.0,0.0,0.0,0.0
370,25-26-prem-liverpool-vs-brentford,16,0,0,0,0.0,0.09,0,0,0,2,17,13,93.0,1.0,1,1,100.0,0,0.0,0,0,2,0,0,0,1,0,3,0,0.0,0,0.0,0,0,0,0,0.0,0.0,0,0,0,0.0,0,0,0,0,0.0,0.0,0.0,0,74,95,0,0,0,0.0,0.0,0.0,0.0,0.0,0.0,0.0
116,25-26-prem-liverpool-vs-brentford,30,0,0,0,0.0,0.0,0,0,0,0,11,9,100.0,0.0,0,0,0.0,0,0.0,1,1,1,0,0,0,0,1,1,1,50.0,0,0.0,0,1,0,0,0.0,0.0,0,0,0,0.0,0,0,0,0,0.0,0.0,0.0,0,60,95,0,0,0,0.0,0.0,0.0,0.0,0.0,0.0,0.0
346,25-26-prem-west-ham-united-vs-leeds-united,0,0,0,0,0.0,0.0,0,0,0,0,0,0,0.0,0.0,0,0,0.0,0,0.0,0,0,0,0,0,0,0,0,0,0,0.0,0,0.0,0,0,0,0,0.0,0.0,0,0,0,0.0,0,0,0,0,0.0,0.0,0.0,0,0,94,3,0,0,0.0,0.0,0.0,0.0,0.0,0.0,0.0
354,25-26-prem-west-ham-united-vs-leeds-united,90,0,0,0,0.0,0.03,0,0,0,1,77,58,94.0,1.0,4,1,100.0,2,67.0,2,0,7,1,3,2,2,6,3,3,50.0,3,100.0,1,1,0,0,0.0,0.0,0,0,0,0.0,0,0,0,0,0.0,0.0,0.0,0,0,94,3,0,0,0.0,0.0,0.0,0.0,0.0,0.0,0.0
342,25-26-prem-west-ham-united-vs-leeds-united,78,0,0,1,0.03,0.22,0,0,0,2,45,16,70.0,1.0,3,1,33.0,3,75.0,4,1,2,0,3,1,2,7,3,7,70.0,0,0.0,1,1,0,0,0.0,0.0,0,0,0,0.0,0,0,0,0,0.0,0.0,0.0,0,0,78,1,0,0,0.0,0.0,0.0,0.0,0.0,0.0,0.0
344,25-26-prem-west-ham-united-vs-leeds-united,70,0,0,0,0.0,0.01,0,0,0,2,49,34,92.0,0.0,5,0,0.0,4,67.0,1,0,2,1,7,4,0,4,4,1,25.0,3,75.0,0,2,0,0,0.0,0.0,0,0,0,0.0,0,0,0,0,0.0,0.0,0.0,0,0,70,1,0,0,0.0,0.0,0.0,0.0,0.0,0.0,0.0
120,25-26-prem-liverpool-vs-brentford,90,1,0,4,0.91,0.0,2,0,0,6,40,10,67.0,0.0,1,0,0.0,1,50.0,1,0,4,0,1,1,0,4,10,1,14.0,3,43.0,0,2,0,0,0.0,0.0,0,0,0,0.0,0,0,0,0,0.0,0.0,0.84,0,0,95,1,0,0,0.0,0.0,0.0,0.0,0.0,0.0,0.0
382,25-26-prem-liverpool-vs-brentford,17,0,0,2,0.69,0.03,1,0,0,3,22,12,92.0,0.0,0,0,0.0,0,0.0,1,1,4,0,0,0,1,2,4,2,40.0,0,0.0,0,0,0,0,0.0,0.0,0,0,0,0.0,0,0,0,0,0.0,0.0,0.37,0,73,95,0,0,0,0.0,0.0,0.0,0.0,0.0,0.0,0.0
371,25-26-prem-liverpool-vs-brentford,7,0,0,1,0.03,0.0,0,0,0,0,8,4,100.0,0.0,3,0,0.0,1,100.0,0,0,1,0,2,1,0,0,1,0,0.0,0,0.0,0,0,0,0,0.0,0.0,0,0,0,0.0,0,0,0,0,0.0,0.0,0.0,0,83,95,0,0,0,0.0,0.0,0.0,0.0,0.0,0.0,0.0
83,25-26-prem-liverpool-vs-brentford,90,0,0,3,0.52,0.01,0,0,0,3,35,9,64.0,0.0,0,0,0.0,0,0.0,1,1,2,0,3,2,1,3,7,2,33.0,1,25.0,1,0,0,0,0.0,0.0,0,0,0,2.0,0,0,0,0,0.0,0.0,0.0,0,0,95,1,0,0,0.0,0.0,0.0,0.0,0.0,0.0,0.0
470,25-26-prem-burnley-vs-wolverhampton-wanderers,0,0,0,0,0.0,0.0,0,0,0,0,0,0,0.0,0.0,0,0,0.0,0,0.0,0,0,0,0,0,0,0,0,0,0,0.0,0,0.0,0,0,0,0,0.0,0.0,0,0,0,0.0,0,0,0,0,0.0,0.0,0.0,0,0,94,1,0,0,0.0,0.0,0.0,0.0,0.0,0.0,0.0
218,25-26-prem-burnley-vs-wolverhampton-wanderers,5,0,0,1,0.14,0.04,1,0,0,2,5,2,100.0,0.0,0,0,0.0,0,0.0,0,0,0,0,0,0,0,2,1,1,100.0,1,50.0,2,0,0,0,0.0,0.0,0,0,0,0.0,0,0,0,0,0.0,0.0,0.4,0,84,94,0,0,0,0.0,0.0,0.0,0.0,0.0,0.0,0.0
187,25-26-prem-burnley-vs-wolverhampton-wanderers,90,0,0,0,0.0,0.05,0,0,0,1,87,71,90.0,1.0,16,0,0.0,7,70.0,1,1,7,0,1,0,0,2,1,1,50.0,1,100.0,0,1,0,0,0.0,0.0,0,0,0,0.0,0,0,0,0,0.0,0.0,0.0,0,0,94,1,0,0,0.0,0.0,0.0,0.0,0.0,0.0,0.0
637,25-26-prem-burnley-vs-wolverhampton-wanderers,24,0,0,0,0.0,0.0,0,0,0,1,10,8,89.0,0.0,1,0,0.0,1,100.0,0,0,1,0,1,0,0,1,0,0,0.0,1,100.0,0,0,0,0,0.0,0.0,0,0,0,0.0,0,0,0,0,0.0,0.0,0.0,0,66,94,0,0,0,0.0,0.0,0.0,0.0,0.0,0.0,0.0
722,25-26-prem-burnley-vs-wolverhampton-wanderers,90,0,0,1,0.03,0.02,1,0,0,0,81,53,87.0,1.0,12,0,0.0,7,78.0,4,3,7,2,1,1,0,5,4,4,67.0,1,33.0,0,1,0,0,0.0,0.0,0,0,0,2.0,0,0,0,0,0.0,0.0,0.06,0,0,94,1,0,0,0.0,0.0,0.0,0.0,0.0,0.0,0.0
190,25-26-prem-burnley-vs-wolverhampton-wanderers,0,0,0,0,0.0,0.0,0,0,0,0,0,0,0.0,0.0,0,0,0.0,0,0.0,0,0,0,0,0,0,0,0,0,0,0.0,0,0.0,0,0,0,0,0.0,0.0,0,0,0,0.0,0,0,0,0,0.0,0.0,0.0,0,0,94,1,0,0,0.0,0.0,0.0,0.0,0.0,0.0,0.0
130,25-26-prem-liverpool-vs-brentford,0,0,0,0,0.0,0.0,0,0,0,0,0,0,0.0,0.0,0,0,0.0,0,0.0,0,0,0,0,0,0,0,0,0,0,0.0,0,0.0,0,0,0,0,0.0,0.0,0,0,0,0.0,0,0,0,0,0.0,0.0,0.0,0,0,95,1,0,0,0.0,0.0,0.0,0.0,0.0,0.0,0.0
676,25-26-prem-burnley-vs-wolverhampton-wanderers,75,0,0,1,0.17,0.07,0,0,0,1,42,32,94.0,1.0,4,0,0.0,2,50.0,0,0,4,0,1,0,2,3,3,3,50.0,0,0.0,1,1,0,0,0.0,0.0,0,0,0,0.0,0,0,0,0,0.0,0.0,0.0,0,0,75,1,0,0,0.0,0.0,0.0,0.0,0.0,0.0,0.0
634,25-26-prem-burnley-vs-wolverhampton-wanderers,90,0,0,2,0.23,0.03,0,0,0,3,42,7,50.0,0.0,7,0,0.0,0,0.0,3,2,5,3,5,5,2,6,8,5,56.0,1,20.0,2,2,0,0,0.0,0.0,0,0,0,0.0,0,0,0,0,0.0,0.0,0.0,0,0,94,1,0,0,0.0,0.0,0.0,0.0,0.0,0.0,0.0
695,25-26-prem-burnley-vs-wolverhampton-wanderers,0,0,0,0,0.0,0.0,0,0,0,0,0,0,0.0,0.0,0,0,0.0,0,0.0,0,0,0,0,0,0,0,0,0,0,0.0,0,0.0,0,0,0,0,0.0,0.0,0,0,0,0.0,0,0,0,0,0.0,0.0,0.0,0,0,94,1,0,0,0.0,0.0,0.0,0.0,0.0,0.0,0.0
271,25-26-prem-crystal-palace-vs-arsenal,45,0,0,0,0.0,0.01,0,0,0,0,33,20,91.0,0.0,3,0,0.0,0,0.0,2,1,2,0,0,0,2,3,3,3,50.0,0,0.0,1,0,0,0,0.0,0.0,0,0,0,0.0,0,0,0,0,0.0,0.0,0.0,0,0,46,1,0,0,0.0,0.0,0.0,0.0,0.0,0.0,0.0
21,25-26-prem-crystal-palace-vs-arsenal,0,0,0,0,0.0,0.0,0,0,0,0,0,0,0.0,0.0,0,0,0.0,0,0.0,0,0,0,0,0,0,0,0,0,0,0.0,0,0.0,0,0,0,0,0.0,0.0,0,0,0,0.0,0,0,0,0,0.0,0.0,0.0,0,0,91,1,0,0,0.0,0.0,0.0,0.0,0.0,0.0,0.0
666,25-26-prem-crystal-palace-vs-arsenal,7,0,0,1,0.16,0.1,0,0,0,2,11,3,75.0,1.0,2,1,100.0,0,0.0,0,0,2,0,0,0,0,1,1,1,50.0,0,0.0,0,0,0,0,0.0,0.0,0,0,0,0.0,0,0,0,0,0.0,0.0,0.0,0,83,91,1,0,0,0.0,0.0,0.0,0.0,0.0,0.0,0.0
283,25-26-prem-crystal-palace-vs-arsenal,13,1,0,1,0.38,0.0,1,0,0,1,4,0,0.0,0.0,0,0,0.0,0,0.0,0,0,0,0,0,0,0,0,3,0,0.0,0,0.0,0,1,0,0,0.0,0.0,0,0,0,1.0,0,0,0,0,0.0,0.0,0.72,0,77,91,0,0,0,0.0,0.0,0.0,0.0,0.0,0.0,0.0
253,25-26-prem-crystal-palace-vs-arsenal,90,0,0,0,0.0,0.0,0,0,0,0,36,0,0.0,0.0,8,0,0.0,0,0.0,0,0,11,0,0,0,0,0,0,0,0.0,0,0.0,0,0,5,2,1.71,-0.29,0,7,4,0.0,0,0,4,0,0.0,0.0,0.0,0,0,91,2,0,0,0.0,0.0,0.0,0.0,0.0,0.0,0.0
580,25-26-prem-crystal-palace-vs-arsenal,0,0,0,0,0.0,0.0,0,0,0,0,0,0,0.0,0.0,0,0,0.0,0,0.0,0,0,0,0,0,0,0,0,0,0,0.0,0,0.0,0,0,0,0,0.0,0.0,0,0,0,0.0,0,0,0,0,0.0,0.0,0.0,0,0,91,2,0,0,0.0,0.0,0.0,0.0,0.0,0.0,0.0
18,25-26-prem-crystal-palace-vs-arsenal,83,1,0,4,0.17,0.3,2,0,0,13,55,30,83.0,3.0,1,1,33.0,1,100.0,0,0,3,0,1,0,1,3,4,3,43.0,0,0.0,0,0,0,0,0.0,0.0,0,0,0,1.0,0,0,0,0,0.0,0.0,0.23,0,0,83,0,0,0,0.0,0.0,0.0,0.0,0.0,0.0,0.0
42,25-26-prem-manchester-city-vs-aston-villa,45,0,0,0,0.0,0.0,0,0,0,1,25,12,100.0,0.0,0,0,0.0,0,0.0,4,0,2,1,4,2,0,4,1,4,80.0,0,0.0,0,1,0,0,0.0,0.0,0,0,0,0.0,0,0,0,0,0.0,0.0,0.0,0,0,46,1,0,0,0.0,0.0,0.0,0.0,0.0,0.0,0.0
754,25-26-prem-manchester-city-vs-aston-villa,0,0,0,0,0.0,0.0,0,0,0,0,0,0,0.0,0.0,0,0,0.0,0,0.0,0,0,0,0,0,0,0,0,0,0,0.0,0,0.0,0,0,0,0,0.0,0.0,0,0,0,0.0,0,0,0,0,0.0,0.0,0.0,0,0,90,1,0,0,0.0,0.0,0.0,0.0,0.0,0.0,0.0
702,25-26-prem-manchester-city-vs-aston-villa,0,0,0,0,0.0,0.0,0,0,0,0,0,0,0.0,0.0,0,0,0.0,0,0.0,0,0,0,0,0,0,0,0,0,0,0.0,0,0.0,0,0,0,0,0.0,0.0,0,0,0,0.0,0,0,0,0,0.0,0.0,0.0,0,0,90,1,0,0,0.0,0.0,0.0,0.0,0.0,0.0,0.0
541,25-26-prem-sunderland-vs-chelsea,90,0,0,0,0.0,0.01,0,0,0,0,49,25,83.0,0.0,2,0,0.0,1,33.0,4,1,6,0,3,1,3,4,5,4,44.0,0,0.0,0,1,0,0,0.0,0.0,0,0,0,0.0,0,0,0,0,0.0,0.0,0.0,0,0,101,1,0,0,0.0,0.0,0.0,0.0,0.0,0.0,0.0
98,25-26-prem-nottingham-forest-vs-afc-bournemouth,17,0,0,1,0.07,0.0,1,0,0,2,12,4,100.0,0.0,0,0,0.0,0,0.0,0,0,0,0,1,1,0,2,6,2,67.0,0,0.0,2,0,0,0,0.0,0.0,0,0,0,1.0,0,0,0,0,0.0,0.0,0.11,0,73,90,0,0,0,0.0,0.0,0.0,0.0,0.0,0.0,0.0
88,25-26-prem-nottingham-forest-vs-afc-bournemouth,1,0,0,0,0.0,0.0,0,0,0,0,7,4,67.0,0.0,1,0,0.0,0,0.0,0,0,0,0,0,0,0,0,0,0,0.0,0,0.0,0,0,0,0,0.0,0.0,0,0,0,0.0,0,0,0,0,0.0,0.0,0.0,0,90,90,0,0,0,0.0,0.0,0.0,0.0,0.0,0.0,0.0
794,25-26-prem-manchester-city-vs-aston-villa,0,0,0,0,0.0,0.0,0,0,0,0,0,0,0.0,0.0,0,0,0.0,0,0.0,0,0,0,0,0,0,0,0,0,0,0.0,0,0.0,0,0,0,0,0.0,0.0,0,0,0,0.0,0,0,0,0,0.0,0.0,0.0,0,0,90,2,0,0,0.0,0.0,0.0,0.0,0.0,0.0,0.0
694,25-26-prem-sunderland-vs-chelsea,90,0,0,3,0.1,0.36,0,0,0,7,69,29,74.0,1.0,7,0,0.0,1,17.0,2,4,8,1,5,1,2,7,7,5,50.0,2,50.0,2,3,0,0,0.0,0.0,0,0,0,0.0,0,0,0,0,0.0,0.0,0.0,0,0,101,1,0,0,0.0,0.0,0.0,0.0,0.0,0.0,0.0
547,25-26-prem-sunderland-vs-chelsea,89,0,0,2,0.08,0.66,2,0,0,5,57,32,80.0,4.0,4,1,50.0,3,100.0,4,2,4,1,0,0,2,5,6,5,45.0,0,0.0,1,3,0,0,0.0,0.0,0,0,0,0.0,0,0,0,0,0.0,0.0,0.2,0,0,98,1,0,0,0.0,0.0,0.0,0.0,0.0,0.0,0.0
237,25-26-prem-sunderland-vs-chelsea,90,0,0,0,0.0,0.04,0,0,0,1,70,41,75.0,2.0,10,0,0.0,1,17.0,1,0,4,1,1,0,0,5,4,3,43.0,2,100.0,1,3,0,0,0.0,0.0,0,0,0,1.0,0,0,0,0,0.0,0.0,0.0,0,0,101,2,0,0,0.0,0.0,0.0,0.0,0.0,0.0,0.0
228,25-26-prem-sunderland-vs-chelsea,85,0,0,0,0.0,0.55,0,0,0,2,63,33,82.0,1.0,4,0,0.0,2,33.0,2,1,2,1,3,3,1,7,3,5,62.0,2,100.0,1,0,0,0,0.0,0.0,0,0,0,2.0,0,0,0,0,0.0,0.0,0.0,0,0,85,2,0,0,0.0,0.0,0.0,0.0,0.0,0.0,0.0
409,25-26-prem-manchester-city-vs-aston-villa,78,0,0,0,0.0,0.03,0,0,0,1,46,34,97.0,0.0,8,0,0.0,2,67.0,1,1,2,1,7,6,1,3,2,1,50.0,2,67.0,0,0,0,0,0.0,0.0,0,0,0,0.0,0,0,0,0,0.0,0.0,0.0,0,0,78,2,0,0,0.0,0.0,0.0,0.0,0.0,0.0,0.0
54,25-26-prem-manchester-city-vs-aston-villa,4,0,0,1,0.06,0.0,1,0,0,0,10,5,83.0,0.0,1,0,0.0,2,100.0,1,0,1,0,0,0,0,1,0,1,100.0,0,0.0,0,0,0,0,0.0,0.0,0,0,0,0.0,0,0,0,0,0.0,0.0,0.56,0,86,90,0,0,0,0.0,0.0,0.0,0.0,0.0,0.0,0.0
401,25-26-prem-manchester-city-vs-aston-villa,0,0,0,0,0.0,0.0,0,0,0,0,0,0,0.0,0.0,0,0,0.0,0,0.0,0,0,0,0,0,0,0,0,0,0,0.0,0,0.0,0,0,0,0,0.0,0.0,0,0,0,0.0,0,0,0,0,0.0,0.0,0.0,0,0,90,2,0,0,0.0,0.0,0.0,0.0,0.0,0.0,0.0
126,25-26-prem-liverpool-vs-brentford,83,0,0,1,0.04,0.2,0,0,0,1,40,26,87.0,3.0,7,1,100.0,3,60.0,1,0,5,0,1,0,0,3,4,3,50.0,0,0.0,2,1,0,0,0.0,0.0,0,0,0,2.0,0,0,0,0,0.0,0.0,0.0,0,0,83,1,0,0,0.0,0.0,0.0,0.0,0.0,0.0,0.0
125,25-26-prem-liverpool-vs-brentford,90,0,0,0,0.0,0.18,0,0,0,3,48,37,97.0,1.0,2,1,50.0,1,100.0,3,0,6,0,1,0,2,5,3,5,62.0,0,0.0,1,0,0,0,0.0,0.0,0,0,0,1.0,0,0,0,0,0.0,0.0,0.0,0,0,95,1,0,0,0.0,0.0,0.0,0.0,0.0,0.0,0.0
499,25-26-prem-liverpool-vs-brentford,0,0,0,0,0.0,0.0,0,0,0,0,0,0,0.0,0.0,0,0,0.0,0,0.0,0,0,0,0,0,0,0,0,0,0,0.0,0,0.0,0,0,0,0,0.0,0.0,0,0,0,0.0,0,0,0,0,0.0,0.0,0.0,0,0,95,1,0,0,0.0,0.0,0.0,0.0,0.0,0.0,0.0
384,25-26-prem-liverpool-vs-brentford,90,0,0,2,0.21,0.05,0,0,0,5,30,15,79.0,3.0,3,0,0.0,1,100.0,0,0,3,0,1,0,1,2,9,1,20.0,1,17.0,1,0,0,0,0.0,0.0,0,0,0,2.0,0,0,0,0,0.0,0.0,0.0,0,0,95,1,0,0,0.0,0.0,0.0,0.0,0.0,0.0,0.0
178,25-26-prem-brighton-hove-albion-vs-manchester-united,59,0,0,0,0.0,0.01,0,0,0,2,13,8,89.0,0.0,0,0,0.0,0,0.0,0,0,1,0,0,0,0,0,5,0,0.0,0,0.0,0,2,0,0,0.0,0.0,0,0,0,1.0,0,0,0,0,0.0,0.0,0.0,0,0,59,3,0,0,0.0,0.0,0.0,0.0,0.0,0.0,0.0
146,25-26-prem-brighton-hove-albion-vs-manchester-united,90,0,0,0,0.0,0.03,0,0,0,1,91,80,99.0,0.0,5,0,0.0,3,75.0,2,0,5,0,3,1,1,4,3,4,57.0,0,0.0,2,1,0,0,0.0,0.0,0,0,0,1.0,0,0,0,0,0.0,0.0,0.0,0,0,90,3,0,0,0.0,0.0,0.0,0.0,0.0,0.0,0.0
539,25-26-prem-sunderland-vs-chelsea,90,0,1,2,0.08,0.01,1,0,0,3,42,31,94.0,2.0,8,0,0.0,3,60.0,1,1,1,0,2,1,0,1,3,1,50.0,0,0.0,0,1,0,0,0.0,0.0,0,0,0,0.0,0,0,0,0,0.0,0.0,0.07,0,0,101,1,0,0,0.0,0.0,0.0,0.0,0.0,0.0,0.0
561,25-26-prem-sunderland-vs-chelsea,0,0,0,0,0.0,0.0,0,0,0,0,0,0,0.0,0.0,0,0,0.0,0,0.0,0,0,0,0,0,0,0,0,0,0,0.0,0,0.0,0,0,0,0,0.0,0.0,0,0,0,0.0,0,0,0,0,0.0,0.0,0.0,0,0,101,1,0,0,0.0,0.0,0.0,0.0,0.0,0.0,0.0
233,25-26-prem-sunderland-vs-chelsea,5,0,0,1,0.02,0.0,0,0,0,1,7,5,83.0,0.0,1,0,0.0,0,0.0,0,0,0,0,0,0,0,0,0,0,0.0,0,0.0,0,0,0,0,0.0,0.0,0,0,0,0.0,0,0,0,0,0.0,0.0,0.0,0,85,101,0,0,0,0.0,0.0,0.0,0.0,0.0,0.0,0.0
84,25-26-prem-nottingham-forest-vs-afc-bournemouth,90,1,0,3,0.24,0.15,1,0,0,7,80,48,86.0,6.0,6,0,0.0,1,50.0,1,2,2,1,0,0,1,3,4,3,43.0,0,0.0,0,0,0,0,0.0,0.0,0,0,0,2.0,0,0,0,0,0.0,0.0,0.2,0,0,90,1,0,0,0.0,0.0,0.0,0.0,0.0,0.0,0.0
81,25-26-prem-nottingham-forest-vs-afc-bournemouth,17,0,0,1,0.07,0.01,0,0,0,2,10,5,71.0,0.0,0,0,0.0,1,100.0,0,0,1,0,0,0,0,0,1,0,0.0,0,0.0,0,0,0,0,0.0,0.0,0,0,0,0.0,0,0,0,0,0.0,0.0,0.0,0,73,90,0,0,0,0.0,0.0,0.0,0.0,0.0,0.0,0.0
152,25-26-prem-brighton-hove-albion-vs-manchester-united,0,0,0,0,0.0,0.0,0,0,0,0,0,0,0.0,0.0,0,0,0.0,0,0.0,0,0,0,0,0,0,0,0,0,0,0.0,0,0.0,0,0,0,0,0.0,0.0,0,0,0,0.0,0,0,0,0,0.0,0.0,0.0,0,0,90,3,0,0,0.0,0.0,0.0,0.0,0.0,0.0,0.0
443,25-26-prem-brighton-hove-albion-vs-manchester-united,82,0,0,1,0.03,0.0,0,0,0,0,45,27,93.0,0.0,3,0,0.0,2,100.0,2,3,2,0,1,1,1,3,5,3,60.0,0,0.0,0,0,0,0,0.0,0.0,0,0,0,1.0,0,0,0,0,0.0,0.0,0.0,0,0,82,0,0,0,0.0,0.0,0.0,0.0,0.0,0.0,0.0
159,25-26-prem-brighton-hove-albion-vs-manchester-united,31,0,0,1,0.04,0.02,1,0,0,4,20,8,80.0,0.0,1,0,0.0,1,100.0,2,0,3,0,0,0,1,2,2,2,50.0,0,0.0,0,0,0,0,0.0,0.0,0,0,0,1.0,0,0,0,0,0.0,0.0,0.02,0,59,90,0,0,0,0.0,0.0,0.0,0.0,0.0,0.0,0.0
148,25-26-prem-brighton-hove-albion-vs-manchester-united,90,0,0,1,0.05,0.02,0,0,0,1,63,40,87.0,0.0,7,0,0.0,0,0.0,1,1,3,0,2,1,0,2,1,2,67.0,0,0.0,1,0,0,0,0.0,0.0,0,0,0,1.0,0,0,0,0,0.0,0.0,0.0,0,0,90,3,0,0,0.0,0.0,0.0,0.0,0.0,0.0,0.0
438,25-26-prem-brighton-hove-albion-vs-manchester-united,74,0,0,0,0.0,0.02,0,0,0,1,54,31,84.0,1.0,1,0,0.0,0,0.0,1,1,4,0,3,3,0,3,2,3,60.0,0,0.0,1,0,0,0,0.0,0.0,0,0,0,1.0,0,0,0,0,0.0,0.0,0.0,0,0,74,0,0,0,0.0,0.0,0.0,0.0,0.0,0.0,0.0
437,25-26-prem-brighton-hove-albion-vs-manchester-united,90,0,0,0,0.0,0.01,0,0,0,0,56,43,88.0,0.0,9,0,0.0,2,29.0,1,0,3,0,3,2,0,1,2,1,100.0,0,0.0,0,0,0,0,0.0,0.0,0,0,0,0.0,0,0,0,0,0.0,0.0,0.0,0,0,90,0,0,0,0.0,0.0,0.0,0.0,0.0,0.0,0.0
441,25-26-prem-brighton-hove-albion-vs-manchester-united,62,1,1,3,0.35,0.06,3,0,0,5,30,14,78.0,2.0,1,0,0.0,1,100.0,1,0,1,0,0,0,0,5,5,3,60.0,2,40.0,2,0,0,0,0.0,0.0,0,0,0,0.0,0,0,0,0,0.0,0.0,0.57,0,0,62,0,0,0,0.0,0.0,0.0,0.0,0.0,0.0,0.0
206,25-26-prem-burnley-vs-wolverhampton-wanderers,15,0,0,1,0.01,0.14,0,0,0,3,19,15,94.0,2.0,0,1,100.0,0,0.0,0,0,1,0,0,0,0,1,0,1,100.0,0,0.0,0,0,0,0,0.0,0.0,0,0,0,0.0,0,0,0,0,0.0,0.0,0.0,0,75,94,0,0,0,0.0,0.0,0.0,0.0,0.0,0.0,0.0
600,25-26-prem-west-ham-united-vs-leeds-united,0,0,0,0,0.0,0.0,0,0,0,0,0,0,0.0,0.0,0,0,0.0,0,0.0,0,0,0,0,0,0,0,0,0,0,0.0,0,0.0,0,0,0,0,0.0,0.0,0,0,0,0.0,0,0,0,0,0.0,0.0,0.0,0,0,94,0,0,0,0.0,0.0,0.0,0.0,0.0,0.0,0.0
605,25-26-prem-west-ham-united-vs-leeds-united,0,0,0,0,0.0,0.0,0,0,0,0,0,0,0.0,0.0,0,0,0.0,0,0.0,0,0,0,0,0,0,0,0,0,0,0.0,0,0.0,0,0,0,0,0.0,0.0,0,0,0,0.0,0,0,0,0,0.0,0.0,0.0,0,0,94,0,0,0,0.0,0.0,0.0,0.0,0.0,0.0,0.0
350,25-26-prem-west-ham-united-vs-leeds-united,89,0,0,4,0.28,0.29,1,0,0,4,47,23,88.0,1.0,3,0,0.0,0,0.0,1,0,4,0,1,1,0,4,6,3,33.0,1,100.0,1,1,0,0,0.0,0.0,0,0,0,2.0,0,0,0,0,0.0,0.0,0.03,0,0,91,2,0,0,0.0,0.0,0.0,0.0,0.0,0.0,0.0
623,25-26-prem-west-ham-united-vs-leeds-united,0,0,0,0,0.0,0.0,0,0,0,0,0,0,0.0,0.0,0,0,0.0,0,0.0,0,0,0,0,0,0,0,0,0,0,0.0,0,0.0,0,0,0,0,0.0,0.0,0,0,0,0.0,0,0,0,0,0.0,0.0,0.0,0,0,94,0,0,0,0.0,0.0,0.0,0.0,0.0,0.0,0.0
785,25-26-prem-west-ham-united-vs-leeds-united,45,0,0,2,0.23,0.12,1,0,0,3,21,8,67.0,2.0,0,1,50.0,0,0.0,0,0,1,0,0,0,1,4,5,4,50.0,0,0.0,2,2,0,0,0.0,0.0,0,0,0,0.0,0,0,0,0,0.0,0.0,0.0,0,0,46,0,0,0,0.0,0.0,0.0,0.0,0.0,0.0,0.0
608,25-26-prem-west-ham-united-vs-leeds-united,0,0,0,0,0.0,0.0,0,0,0,0,0,0,0.0,0.0,0,0,0.0,0,0.0,0,0,0,0,0,0,0,0,0,0,0.0,0,0.0,0,0,0,0,0.0,0.0,0,0,0,0.0,0,0,0,0,0.0,0.0,0.0,0,0,94,0,0,0,0.0,0.0,0.0,0.0,0.0,0.0,0.0
202,25-26-prem-burnley-vs-wolverhampton-wanderers,5,0,0,1,0.02,0.02,0,0,0,2,9,5,83.0,0.0,0,1,100.0,0,0.0,0,0,0,0,0,0,0,1,0,0,0.0,1,100.0,0,0,0,0,0.0,0.0,0,0,0,0.0,0,0,0,0,0.0,0.0,0.0,0,85,94,0,0,0,0.0,0.0,0.0,0.0,0.0,0.0,0.0
198,25-26-prem-burnley-vs-wolverhampton-wanderers,90,0,0,0,0.0,0.01,0,0,0,0,70,51,86.0,0.0,2,0,0.0,2,40.0,1,2,7,2,3,2,0,2,4,1,50.0,1,25.0,0,1,0,0,0.0,0.0,0,0,0,0.0,0,0,0,0,0.0,0.0,0.0,0,0,94,1,0,0,0.0,0.0,0.0,0.0,0.0,0.0,0.0
565,25-26-prem-tottenham-hotspur-vs-everton,0,0,0,0,0.0,0.0,0,0,0,0,0,0,0.0,0.0,0,0,0.0,0,0.0,0,0,0,0,0,0,0,0,0,0,0.0,0,0.0,0,0,0,0,0.0,0.0,0,0,0,0.0,0,0,0,0,0.0,0.0,0.0,0,0,97,0,0,0,0.0,0.0,0.0,0.0,0.0,0.0,0.0
396,25-26-prem-liverpool-vs-brentford,7,0,0,0,0.0,0.01,0,0,0,0,12,9,90.0,0.0,2,0,0.0,0,0.0,1,0,2,0,0,0,1,1,2,1,33.0,0,0.0,0,1,0,0,0.0,0.0,0,0,0,0.0,0,0,0,0,0.0,0.0,0.0,0,83,95,0,0,0,0.0,0.0,0.0,0.0,0.0,0.0,0.0
686,25-26-prem-liverpool-vs-brentford,73,0,0,2,0.13,0.06,0,0,0,4,32,15,94.0,1.0,0,0,0.0,0,0.0,1,0,1,0,0,0,1,3,5,3,38.0,0,0.0,2,1,0,0,0.0,0.0,0,0,0,3.0,0,0,0,0,0.0,0.0,0.0,0,0,73,1,0,0,0.0,0.0,0.0,0.0,0.0,0.0,0.0
596,25-26-prem-tottenham-hotspur-vs-everton,0,0,0,0,0.0,0.0,0,0,0,0,0,0,0.0,0.0,0,0,0.0,0,0.0,0,0,0,0,0,0,0,0,0,0,0.0,0,0.0,0,0,0,0,0.0,0.0,0,0,0,0.0,0,0,0,0,0.0,0.0,0.0,0,0,97,0,0,0,0.0,0.0,0.0,0.0,0.0,0.0,0.0
318,25-26-prem-fulham-vs-newcastle-united,90,0,0,0,0.0,0.0,0,0,0,0,62,40,80.0,1.0,7,0,0.0,1,17.0,2,1,5,0,3,1,0,3,3,2,40.0,1,100.0,0,1,0,0,0.0,0.0,0,0,0,2.0,0,0,0,0,0.0,0.0,0.0,0,0,98,0,0,0,0.0,0.0,0.0,0.0,0.0,0.0,0.0
82,25-26-prem-manchester-city-vs-aston-villa,58,1,0,1,0.1,0.07,1,0,0,4,34,21,95.0,1.0,1,0,0.0,0,0.0,0,1,1,0,0,0,0,0,6,0,0.0,0,0.0,0,0,0,0,0.0,0.0,0,0,0,1.0,0,0,0,0,0.0,0.0,0.67,0,0,58,1,0,0,0.0,0.0,0.0,0.0,0.0,0.0,0.0
402,25-26-prem-manchester-city-vs-aston-villa,13,0,0,0,0.0,0.03,0,0,0,1,13,3,100.0,0.0,0,0,0.0,0,0.0,2,0,1,0,1,0,0,2,2,2,50.0,0,0.0,0,0,0,0,0.0,0.0,0,0,0,1.0,0,0,0,0,0.0,0.0,0.0,0,77,90,0,0,0,0.0,0.0,0.0,0.0,0.0,0.0,0.0
262,25-26-prem-crystal-palace-vs-arsenal,90,0,0,1,0.18,0.03,1,0,0,2,57,39,93.0,0.0,3,0,0.0,6,75.0,2,4,10,1,5,3,0,2,1,2,67.0,0,0.0,0,1,0,0,0.0,0.0,0,0,0,0.0,0,0,0,0,0.0,0.0,0.16,0,0,91,2,0,0,0.0,0.0,0.0,0.0,0.0,0.0,0.0
475,25-26-prem-fulham-vs-newcastle-united,90,0,0,0,0.0,0.0,0,0,0,0,90,70,92.0,0.0,0,0,0.0,2,40.0,1,1,1,2,7,6,0,9,6,1,50.0,8,62.0,0,1,0,0,0.0,0.0,0,0,0,0.0,0,0,0,0,0.0,0.0,0.0,0,0,98,2,0,0,0.0,0.0,0.0,0.0,0.0,0.0,0.0
52,25-26-prem-fulham-vs-newcastle-united,90,0,0,0,0.0,0.03,0,0,0,0,70,44,83.0,0.0,5,0,0.0,3,75.0,5,0,6,1,2,1,2,6,5,6,55.0,0,0.0,1,0,0,0,0.0,0.0,0,0,0,1.0,0,0,0,0,0.0,0.0,0.0,0,0,98,2,0,0,0.0,0.0,0.0,0.0,0.0,0.0,0.0
4,25-26-prem-crystal-palace-vs-arsenal,0,0,0,0,0.0,0.0,0,0,0,0,0,0,0.0,0.0,0,0,0.0,0,0.0,0,0,0,0,0,0,0,0,0,0,0.0,0,0.0,0,0,0,0,0.0,0.0,0,0,0,0.0,0,0,0,0,0.0,0.0,0.0,0,0,91,1,0,0,0.0,0.0,0.0,0.0,0.0,0.0,0.0
486,25-26-prem-fulham-vs-newcastle-united,24,0,0,0,0.0,0.03,0,0,0,1,17,6,67.0,0.0,1,0,0.0,1,100.0,0,0,1,0,0,0,0,2,0,2,100.0,0,0.0,2,0,0,0,0.0,0.0,0,0,0,0.0,0,0,0,0,0.0,0.0,0.0,0,66,98,1,0,0,0.0,0.0,0.0,0.0,0.0,0.0,0.0
373,25-26-prem-liverpool-vs-brentford,90,0,0,1,0.07,0.17,0,0,0,0,72,54,86.0,1.0,14,0,0.0,4,44.0,0,2,2,2,2,2,0,9,2,2,100.0,7,78.0,2,0,0,0,0.0,0.0,0,0,0,0.0,0,0,0,0,0.0,0.0,0.0,0,0,95,1,0,0,0.0,0.0,0.0,0.0,0.0,0.0,0.0
381,25-26-prem-liverpool-vs-brentford,74,0,1,4,0.25,0.44,2,0,0,15,69,32,84.0,1.0,2,1,14.0,1,100.0,1,0,7,0,0,0,0,4,6,4,40.0,0,0.0,0,0,0,0,0.0,0.0,0,0,0,3.0,0,0,0,0,0.0,0.0,0.71,0,0,74,1,0,0,0.0,0.0,0.0,0.0,0.0,0.0,0.0
366,25-26-prem-liverpool-vs-brentford,90,0,0,0,0.0,0.0,0,0,0,0,35,0,0.0,0.0,1,0,0.0,0,0.0,0,0,8,0,0,0,0,0,0,0,0.0,0,0.0,0,0,1,1,0.84,-0.16,0,19,5,0.0,0,0,1,0,0.0,0.0,0.0,0,0,95,1,0,0,0.0,0.0,0.0,0.0,0.0,0.0,0.0
374,25-26-prem-liverpool-vs-brentford,89,0,0,2,0.14,0.02,1,0,0,2,70,54,90.0,1.0,8,0,0.0,3,43.0,1,0,7,0,3,3,0,7,1,2,67.0,5,100.0,1,1,0,0,0.0,0.0,0,0,0,0.0,0,0,0,0,0.0,0.0,0.14,0,0,89,1,0,0,0.0,0.0,0.0,0.0,0.0,0.0,0.0
107,25-26-prem-liverpool-vs-brentford,89,0,0,1,0.03,0.18,0,0,0,1,49,21,70.0,1.0,3,1,50.0,1,20.0,2,1,6,1,3,2,1,4,1,4,80.0,0,0.0,1,0,0,0,0.0,0.0,0,0,0,0.0,0,0,0,0,0.0,0.0,0.0,0,0,89,1,0,0,0.0,0.0,0.0,0.0,0.0,0.0,0.0
136,25-26-prem-liverpool-vs-brentford,90,0,0,2,0.05,0.0,0,0,0,3,32,11,73.0,0.0,1,0,0.0,1,100.0,2,0,1,1,1,1,1,4,7,4,57.0,0,0.0,2,1,0,0,0.0,0.0,0,0,0,1.0,0,0,0,0,0.0,0.0,0.0,0,0,95,1,0,0,0.0,0.0,0.0,0.0,0.0,0.0,0.0
110,25-26-prem-liverpool-vs-brentford,90,0,0,0,0.0,0.01,0,0,0,0,41,13,81.0,0.0,2,0,0.0,0,0.0,3,0,4,2,0,0,0,8,5,8,62.0,0,0.0,2,2,0,0,0.0,0.0,0,0,0,0.0,0,0,0,0,0.0,0.0,0.0,0,0,95,1,0,0,0.0,0.0,0.0,0.0,0.0,0.0,0.0
453,25-26-prem-sunderland-vs-chelsea,0,0,0,0,0.0,0.0,0,0,0,0,0,0,0.0,0.0,0,0,0.0,0,0.0,0,0,0,0,0,0,0,0,0,0,0.0,0,0.0,0,0,0,0,0.0,0.0,0,0,0,0.0,0,0,0,0,0.0,0.0,0.0,0,0,101,2,0,0,0.0,0.0,0.0,0.0,0.0,0.0,0.0
413,25-26-prem-manchester-city-vs-aston-villa,0,0,0,0,0.0,0.0,0,0,0,0,0,0,0.0,0.0,0,0,0.0,0,0.0,0,0,0,0,0,0,0,0,0,0,0.0,0,0.0,0,0,0,0,0.0,0.0,0,0,0,0.0,0,0,0,0,0.0,0.0,0.0,0,0,90,2,0,0,0.0,0.0,0.0,0.0,0.0,0.0,0.0
544,25-26-prem-sunderland-vs-chelsea,29,0,0,2,0.13,0.04,0,0,0,4,15,5,71.0,1.0,2,0,0.0,0,0.0,0,0,2,0,0,0,0,2,2,1,33.0,1,100.0,1,1,0,0,0.0,0.0,0,0,0,1.0,0,0,0,0,0.0,0.0,0.0,0,61,101,0,0,0,0.0,0.0,0.0,0.0,0.0,0.0,0.0
585,25-26-prem-tottenham-hotspur-vs-everton,82,0,0,0,0.0,0.01,0,0,0,0,47,31,84.0,0.0,3,0,0.0,0,0.0,3,2,7,0,2,2,3,7,7,5,50.0,2,50.0,2,1,0,0,0.0,0.0,0,0,0,0.0,0,0,0,0,0.0,0.0,0.0,0,0,82,0,0,0,0.0,0.0,0.0,0.0,0.0,0.0,0.0
143,25-26-prem-brighton-hove-albion-vs-manchester-united,0,0,0,0,0.0,0.0,0,0,0,0,0,0,0.0,0.0,0,0,0.0,0,0.0,0,0,0,0,0,0,0,0,0,0,0.0,0,0.0,0,0,0,0,0.0,0.0,0,0,0,0.0,0,0,0,0,0.0,0.0,0.0,0,0,90,3,0,0,0.0,0.0,0.0,0.0,0.0,0.0,0.0
551,25-26-prem-sunderland-vs-chelsea,1,0,0,0,0.0,0.0,0,0,0,0,1,1,100.0,0.0,1,0,0.0,0,0.0,0,0,0,0,0,0,0,0,0,0,0.0,0,0.0,0,0,0,0,0.0,0.0,0,0,0,0.0,0,0,0,0,0.0,0.0,0.0,0,98,101,0,0,0,0.0,0.0,0.0,0.0,0.0,0.0,0.0
455,25-26-prem-brighton-hove-albion-vs-manchester-united,74,0,0,0,0.0,0.13,0,0,0,2,58,38,86.0,0.0,3,0,0.0,1,50.0,4,1,7,0,1,0,0,7,1,7,88.0,0,0.0,3,0,0,0,0.0,0.0,0,0,0,1.0,0,0,0,0,0.0,0.0,0.0,0,0,74,0,0,0,0.0,0.0,0.0,0.0,0.0,0.0,0.0
168,25-26-prem-west-ham-united-vs-leeds-united,12,0,0,1,0.02,0.18,0,0,0,0,11,4,67.0,1.0,0,1,50.0,0,0.0,0,0,0,1,0,0,0,0,1,0,0.0,0,0.0,0,0,0,0,0.0,0.0,0,0,0,0.0,0,0,0,0,0.0,0.0,0.0,0,78,94,2,0,0,0.0,0.0,0.0,0.0,0.0,0.0,0.0
193,25-26-prem-burnley-vs-wolverhampton-wanderers,90,0,0,0,0.0,0.01,0,0,0,1,70,56,90.0,0.0,10,0,0.0,0,0.0,0,1,5,2,0,0,1,3,4,1,33.0,2,50.0,1,0,0,0,0.0,0.0,0,0,0,0.0,0,0,0,0,0.0,0.0,0.0,0,0,94,1,0,0,0.0,0.0,0.0,0.0,0.0,0.0,0.0
466,25-26-prem-brighton-hove-albion-vs-manchester-united,16,0,0,0,0.0,0.0,0,0,0,0,9,3,75.0,0.0,0,0,0.0,0,0.0,0,0,0,0,0,0,0,0,1,0,0.0,0,0.0,0,0,0,0,0.0,0.0,0,0,0,1.0,0,0,0,0,0.0,0.0,0.0,0,74,90,0,0,0,0.0,0.0,0.0,0.0,0.0,0.0,0.0
158,25-26-prem-brighton-hove-albion-vs-manchester-united,16,0,0,1,0.06,0.0,0,0,0,1,9,4,80.0,0.0,1,0,0.0,0,0.0,0,1,1,0,0,0,0,0,1,0,0.0,0,0.0,0,0,0,0,0.0,0.0,0,0,0,0.0,0,0,0,0,0.0,0.0,0.0,0,74,90,0,0,0,0.0,0.0,0.0,0.0,0.0,0.0,0.0
210,25-26-prem-burnley-vs-wolverhampton-wanderers,75,0,1,1,0.02,0.04,0,0,0,3,45,24,86.0,1.0,1,0,0.0,1,50.0,0,0,2,0,0,0,0,1,6,1,20.0,0,0.0,1,2,0,0,0.0,0.0,0,0,0,1.0,0,0,0,0,0.0,0.0,0.0,0,0,75,1,0,0,0.0,0.0,0.0,0.0,0.0,0.0,0.0
629,25-26-prem-burnley-vs-wolverhampton-wanderers,0,0,0,0,0.0,0.0,0,0,0,0,0,0,0.0,0.0,0,0,0.0,0,0.0,0,0,0,0,0,0,0,0,0,0,0.0,0,0.0,0,0,0,0,0.0,0.0,0,0,0,0.0,0,0,0,0,0.0,0.0,0.0,0,0,94,1,0,0,0.0,0.0,0.0,0.0,0.0,0.0,0.0
725,25-26-prem-crystal-palace-vs-arsenal,90,0,0,1,0.03,0.02,1,0,0,0,68,52,95.0,0.0,9,0,0.0,0,0.0,0,2,4,0,3,3,2,1,3,0,0.0,1,50.0,0,0,0,0,0.0,0.0,0,0,0,0.0,0,0,0,0,0.0,0.0,0.08,0,0,91,1,0,0,0.0,0.0,0.0,0.0,0.0,0.0,0.0
708,25-26-prem-west-ham-united-vs-leeds-united,90,0,1,1,0.01,0.17,1,0,0,0,61,37,84.0,2.0,10,0,0.0,2,33.0,5,1,5,0,1,0,1,7,7,6,55.0,1,33.0,1,1,0,0,0.0,0.0,0,0,0,1.0,0,0,0,0,0.0,0.0,0.05,0,0,94,0,0,0,0.0,0.0,0.0,0.0,0.0,0.0,0.0
718,25-26-prem-west-ham-united-vs-leeds-united,0,0,0,0,0.0,0.0,0,0,0,0,0,0,0.0,0.0,0,0,0.0,0,0.0,0,0,0,0,0,0,0,0,0,0,0.0,0,0.0,0,0,0,0,0.0,0.0,0,0,0,0.0,0,0,0,0,0.0,0.0,0.0,0,0,94,0,0,0,0.0,0.0,0.0,0.0,0.0,0.0,0.0
319,25-26-prem-fulham-vs-newcastle-united,90,0,0,1,0.09,0.15,0,0,0,3,48,30,94.0,1.0,2,0,0.0,2,100.0,2,2,2,0,2,0,0,5,1,4,100.0,1,50.0,1,0,0,0,0.0,0.0,0,0,0,0.0,0,0,0,0,0.0,0.0,0.0,0,0,98,0,0,0,0.0,0.0,0.0,0.0,0.0,0.0,0.0
386,25-26-prem-liverpool-vs-brentford,90,0,0,4,0.34,0.09,1,0,0,4,55,33,85.0,3.0,3,0,0.0,0,0.0,3,0,0,0,1,0,1,6,5,5,50.0,1,100.0,1,2,0,0,0.0,0.0,0,0,0,1.0,0,0,0,0,0.0,0.0,0.04,0,0,95,1,0,0,0.0,0.0,0.0,0.0,0.0,0.0,0.0
387,25-26-prem-liverpool-vs-brentford,90,0,0,2,0.42,0.35,1,0,0,3,78,55,92.0,4.0,5,1,17.0,3,100.0,3,1,5,0,0,0,0,4,3,4,57.0,0,0.0,0,1,0,0,0.0,0.0,0,0,0,1.0,0,0,0,0,0.0,0.0,0.21,0,0,95,1,0,0,0.0,0.0,0.0,0.0,0.0,0.0,0.0
17,25-26-prem-crystal-palace-vs-arsenal,0,0,0,0,0.0,0.0,0,0,0,0,0,0,0.0,0.0,0,0,0.0,0,0.0,0,0,0,0,0,0,0,0,0,0,0.0,0,0.0,0,0,0,0,0.0,0.0,0,0,0,0.0,0,0,0,0,0.0,0.0,0.0,0,0,91,1,0,0,0.0,0.0,0.0,0.0,0.0,0.0,0.0
30,25-26-prem-crystal-palace-vs-arsenal,45,0,1,3,0.4,0.18,0,0,0,4,23,16,100.0,3.0,1,0,0.0,0,0.0,1,1,0,0,1,1,0,1,1,1,50.0,0,0.0,0,1,0,0,0.0,0.0,0,0,0,0.0,0,0,0,0,0.0,0.0,0.0,0,46,91,1,0,0,0.0,0.0,0.0,0.0,0.0,0.0,0.0
614,25-26-prem-burnley-vs-wolverhampton-wanderers,15,0,0,0,0.0,0.16,0,0,0,0,26,20,100.0,1.0,6,2,40.0,2,100.0,1,0,1,0,0,0,0,1,0,1,100.0,0,0.0,0,0,0,0,0.0,0.0,0,0,0,0.0,0,0,0,0,0.0,0.0,0.0,0,75,94,0,0,0,0.0,0.0,0.0,0.0,0.0,0.0,0.0
628,25-26-prem-burnley-vs-wolverhampton-wanderers,90,0,0,0,0.0,0.0,0,0,0,0,39,0,0.0,0.0,4,0,0.0,0,0.0,1,0,15,0,2,0,0,1,0,1,100.0,0,0.0,0,0,7,1,1.22,0.22,0,11,4,0.0,1,0,3,0,0.0,0.0,0.0,0,0,94,1,0,0,0.0,0.0,0.0,0.0,0.0,0.0,0.0
164,25-26-prem-brighton-hove-albion-vs-manchester-united,0,0,0,0,0.0,0.0,0,0,0,0,0,0,0.0,0.0,0,0,0.0,0,0.0,0,0,0,0,0,0,0,0,0,0,0.0,0,0.0,0,0,0,0,0.0,0.0,0,0,0,0.0,0,0,0,0,0.0,0.0,0.0,0,0,90,3,0,0,0.0,0.0,0.0,0.0,0.0,0.0,0.0
423,25-26-prem-manchester-city-vs-aston-villa,90,0,0,1,0.1,0.07,0,0,0,2,82,68,94.0,1.0,8,0,0.0,4,100.0,3,2,7,0,2,0,1,6,3,3,50.0,3,100.0,0,1,0,0,0.0,0.0,0,0,0,1.0,0,0,0,0,0.0,0.0,0.0,0,0,90,2,0,0,0.0,0.0,0.0,0.0,0.0,0.0,0.0
410,25-26-prem-manchester-city-vs-aston-villa,90,0,0,1,0.08,0.08,0,0,0,5,68,38,75.0,1.0,7,0,0.0,1,33.0,0,0,5,0,0,0,1,2,5,2,29.0,0,0.0,2,1,0,0,0.0,0.0,0,0,0,3.0,0,0,0,0,0.0,0.0,0.0,0,0,90,2,0,0,0.0,0.0,0.0,0.0,0.0,0.0,0.0
431,25-26-prem-brighton-hove-albion-vs-manchester-united,0,0,0,0,0.0,0.0,0,0,0,0,0,0,0.0,0.0,0,0,0.0,0,0.0,0,0,0,0,0,0,0,0,0,0,0.0,0,0.0,0,0,0,0,0.0,0.0,0,0,0,0.0,0,0,0,0,0.0,0.0,0.0,0,0,90,0,0,0,0.0,0.0,0.0,0.0,0.0,0.0,0.0
121,25-26-prem-liverpool-vs-brentford,7,0,0,0,0.0,0.31,0,0,0,3,20,12,86.0,2.0,2,2,67.0,1,50.0,0,0,1,1,0,0,0,2,0,1,100.0,1,100.0,0,0,0,0,0.0,0.0,0,0,0,0.0,0,0,0,0,0.0,0.0,0.0,0,83,95,0,0,0,0.0,0.0,0.0,0.0,0.0,0.0,0.0
113,25-26-prem-liverpool-vs-brentford,90,0,0,0,0.0,0.03,0,0,0,2,45,26,90.0,0.0,3,0,0.0,0,0.0,3,0,2,0,7,5,1,6,5,3,60.0,3,50.0,0,1,0,0,0.0,0.0,0,0,0,0.0,0,0,0,0,0.0,0.0,0.0,0,0,95,1,0,0,0.0,0.0,0.0,0.0,0.0,0.0,0.0
418,25-26-prem-manchester-city-vs-aston-villa,13,0,0,2,0.05,0.05,0,0,0,4,13,3,50.0,0.0,0,0,0.0,0,0.0,0,0,0,0,0,0,0,1,1,1,50.0,0,0.0,0,0,0,0,0.0,0.0,0,0,0,1.0,0,0,0,0,0.0,0.0,0.0,0,77,90,0,0,0,0.0,0.0,0.0,0.0,0.0,0.0,0.0
407,25-26-prem-manchester-city-vs-aston-villa,0,0,0,0,0.0,0.0,0,0,0,0,0,0,0.0,0.0,0,0,0.0,0,0.0,0,0,0,0,0,0,0,0,0,0,0.0,0,0.0,0,0,0,0,0.0,0.0,0,0,0,0.0,0,0,0,0,0.0,0.0,0.0,0,0,90,2,0,0,0.0,0.0,0.0,0.0,0.0,0.0,0.0
353,25-26-prem-west-ham-united-vs-leeds-united,20,0,0,0,0.0,0.02,0,0,0,0,11,2,40.0,0.0,1,1,100.0,0,0.0,1,0,0,0,0,0,0,3,1,2,67.0,1,100.0,0,0,0,0,0.0,0.0,0,0,0,1.0,0,0,0,0,0.0,0.0,0.0,0,70,94,2,0,0,0.0,0.0,0.0,0.0,0.0,0.0,0.0
226,25-26-prem-sunderland-vs-chelsea,25,0,0,0,0.0,0.0,0,0,0,0,21,16,100.0,0.0,0,0,0.0,0,0.0,0,0,1,1,3,1,0,2,0,0,0.0,2,100.0,0,0,0,0,0.0,0.0,0,0,0,0.0,0,0,0,0,0.0,0.0,0.0,0,65,101,0,0,0,0.0,0.0,0.0,0.0,0.0,0.0,0.0
225,25-26-prem-sunderland-vs-chelsea,38,0,0,1,0.02,0.04,1,0,0,0,31,22,92.0,0.0,1,0,0.0,1,50.0,0,0,2,0,0,0,0,1,1,1,50.0,0,0.0,1,0,0,0,0.0,0.0,0,0,0,0.0,0,0,0,0,0.0,0.0,0.12,0,53,101,0,0,0,0.0,0.0,0.0,0.0,0.0,0.0,0.0
449,25-26-prem-brighton-hove-albion-vs-manchester-united,90,1,1,1,0.07,0.15,1,0,0,2,63,47,87.0,4.0,13,1,25.0,3,50.0,2,1,6,0,0,0,1,2,2,2,67.0,0,0.0,0,0,0,0,0.0,0.0,0,0,0,0.0,0,0,0,0,0.0,0.0,0.18,0,0,90,0,0,0,0.0,0.0,0.0,0.0,0.0,0.0,0.0
111,25-26-prem-liverpool-vs-brentford,0,0,0,0,0.0,0.0,0,0,0,0,0,0,0.0,0.0,0,0,0.0,0,0.0,0,0,0,0,0,0,0,0,0,0,0.0,0,0.0,0,0,0,0,0.0,0.0,0,0,0,0.0,0,0,0,0,0.0,0.0,0.0,0,0,95,1,0,0,0.0,0.0,0.0,0.0,0.0,0.0,0.0
642,25-26-prem-burnley-vs-wolverhampton-wanderers,90,0,0,1,0.05,0.34,0,0,0,2,42,20,80.0,2.0,2,0,0.0,2,67.0,1,1,9,0,0,0,0,4,4,4,57.0,0,0.0,3,1,0,0,0.0,0.0,0,0,0,0.0,0,0,0,0,0.0,0.0,0.0,0,0,94,1,0,0,0.0,0.0,0.0,0.0,0.0,0.0,0.0
27,25-26-prem-liverpool-vs-brentford,1,0,0,0,0.0,0.0,0,0,0,0,3,2,67.0,0.0,0,0,0.0,0,0.0,0,0,0,0,0,0,0,0,0,0,0.0,0,0.0,0,0,0,0,0.0,0.0,0,0,0,0.0,0,0,0,0,0.0,0.0,0.0,0,89,95,0,0,0,0.0,0.0,0.0,0.0,0.0,0.0,0.0
221,25-26-prem-sunderland-vs-chelsea,0,0,0,0,0.0,0.0,0,0,0,0,0,0,0.0,0.0,0,0,0.0,0,0.0,0,0,0,0,0,0,0,0,0,0,0.0,0,0.0,0,0,0,0,0.0,0.0,0,0,0,0.0,0,0,0,0,0.0,0.0,0.0,0,0,101,2,0,0,0.0,0.0,0.0,0.0,0.0,0.0,0.0
606,25-26-prem-west-ham-united-vs-leeds-united,90,0,0,0,0.0,0.01,0,0,0,0,51,29,76.0,0.0,4,0,0.0,5,50.0,1,1,5,1,9,5,2,5,6,1,14.0,4,100.0,0,4,0,0,0.0,0.0,0,0,0,0.0,0,0,0,0,0.0,0.0,0.0,0,0,94,0,0,0,0.0,0.0,0.0,0.0,0.0,0.0,0.0
603,25-26-prem-west-ham-united-vs-leeds-united,90,0,0,0,0.0,0.01,0,0,0,2,79,37,79.0,1.0,7,1,14.0,2,40.0,1,2,7,1,4,1,1,5,3,4,67.0,1,50.0,2,0,0,0,0.0,0.0,0,0,0,1.0,0,0,0,0,0.0,0.0,0.0,0,0,94,0,0,0,0.0,0.0,0.0,0.0,0.0,0.0,0.0
515,25-26-prem-nottingham-forest-vs-afc-bournemouth,90,1,0,3,0.47,0.04,1,0,0,4,46,25,74.0,2.0,8,0,0.0,2,40.0,0,0,3,0,0,0,1,3,4,3,43.0,0,0.0,1,1,0,0,0.0,0.0,0,0,0,0.0,0,0,0,0,0.0,0.0,0.22,0,0,90,1,0,0,0.0,0.0,0.0,0.0,0.0,0.0,0.0
405,25-26-prem-manchester-city-vs-aston-villa,77,0,0,1,0.08,0.07,0,0,0,2,43,29,88.0,0.0,4,0,0.0,0,0.0,0,0,3,1,0,0,0,1,2,0,0.0,1,50.0,0,1,0,0,0.0,0.0,0,0,0,0.0,0,0,0,0,0.0,0.0,0.0,0,0,77,2,0,0,0.0,0.0,0.0,0.0,0.0,0.0,0.0
200,25-26-prem-burnley-vs-wolverhampton-wanderers,85,0,0,2,0.04,0.06,1,0,0,5,73,42,88.0,2.0,5,0,0.0,2,50.0,0,0,4,0,1,1,0,5,8,5,38.0,0,0.0,3,1,0,0,0.0,0.0,0,0,0,2.0,0,0,0,0,0.0,0.0,0.02,0,0,85,1,0,0,0.0,0.0,0.0,0.0,0.0,0.0,0.0
635,25-26-prem-burnley-vs-wolverhampton-wanderers,82,0,0,1,0.02,0.0,0,0,0,1,25,12,80.0,0.0,1,0,0.0,0,0.0,1,0,4,0,1,1,2,3,5,3,38.0,0,0.0,0,1,0,0,0.0,0.0,0,0,0,0.0,0,0,0,0,0.0,0.0,0.0,0,0,82,1,0,0,0.0,0.0,0.0,0.0,0.0,0.0,0.0
385,25-26-prem-liverpool-vs-brentford,0,0,0,0,0.0,0.0,0,0,0,0,0,0,0.0,0.0,0,0,0.0,0,0.0,0,0,0,0,0,0,0,0,0,0,0.0,0,0.0,0,0,0,0,0.0,0.0,0,0,0,0.0,0,0,0,0,0.0,0.0,0.0,0,0,95,1,0,0,0.0,0.0,0.0,0.0,0.0,0.0,0.0
442,25-26-prem-brighton-hove-albion-vs-manchester-united,90,0,0,0,0.0,0.09,0,0,0,2,62,45,87.0,1.0,5,0,0.0,4,57.0,1,1,2,1,4,3,0,2,3,1,33.0,1,50.0,0,2,0,0,0.0,0.0,0,0,0,0.0,0,0,0,0,0.0,0.0,0.0,0,0,90,0,0,0,0.0,0.0,0.0,0.0,0.0,0.0,0.0
108,25-26-prem-liverpool-vs-brentford,0,0,0,0,0.0,0.0,0,0,0,0,0,0,0.0,0.0,0,0,0.0,0,0.0,0,0,0,0,0,0,0,0,0,0,0.0,0,0.0,0,0,0,0,0.0,0.0,0,0,0,0.0,0,0,0,0,0.0,0.0,0.0,0,0,95,1,0,0,0.0,0.0,0.0,0.0,0.0,0.0,0.0
105,25-26-prem-liverpool-vs-brentford,0,0,0,0,0.0,0.0,0,0,0,0,0,0,0.0,0.0,0,0,0.0,0,0.0,0,0,0,0,0,0,0,0,0,0,0.0,0,0.0,0,0,0,0,0.0,0.0,0,0,0,0.0,0,0,0,0,0.0,0.0,0.0,0,0,95,1,0,0,0.0,0.0,0.0,0.0,0.0,0.0,0.0
376,25-26-prem-liverpool-vs-brentford,1,0,0,0,0.0,0.0,0,0,0,0,1,1,100.0,0.0,0,0,0.0,0,0.0,0,0,0,0,0,0,0,0,1,0,0.0,0,0.0,0,0,0,0,0.0,0.0,0,0,0,0.0,0,0,0,0,0.0,0.0,0.0,0,89,95,0,0,0,0.0,0.0,0.0,0.0,0.0,0.0,0.0
40,25-26-prem-manchester-city-vs-aston-villa,90,0,0,0,0.0,0.0,0,0,0,0,87,73,96.0,0.0,2,0,0.0,2,40.0,1,1,1,1,8,4,1,1,1,1,50.0,0,0.0,0,0,0,0,0.0,0.0,0,0,0,0.0,0,0,0,0,0.0,0.0,0.0,0,0,90,1,0,0,0.0,0.0,0.0,0.0,0.0,0.0,0.0
48,25-26-prem-manchester-city-vs-aston-villa,17,0,0,1,0.02,0.28,1,0,0,0,24,17,100.0,2.0,1,2,100.0,0,0.0,2,0,1,0,1,0,0,2,0,2,100.0,0,0.0,0,0,0,0,0.0,0.0,0,0,0,0.0,0,0,0,0,0.0,0.0,0.01,0,73,90,0,0,0,0.0,0.0,0.0,0.0,0.0,0.0,0.0
427,25-26-prem-manchester-city-vs-aston-villa,77,0,0,4,0.54,0.05,1,0,0,6,46,26,93.0,0.0,5,0,0.0,1,50.0,0,0,0,0,0,0,0,1,3,1,25.0,0,0.0,0,1,0,0,0.0,0.0,0,0,0,0.0,0,0,0,0,0.0,0.0,0.59,0,0,77,2,0,0,0.0,0.0,0.0,0.0,0.0,0.0,0.0
195,25-26-prem-burnley-vs-wolverhampton-wanderers,90,0,0,5,0.27,0.05,3,0,0,6,84,46,90.0,2.0,3,1,25.0,1,50.0,1,0,5,0,2,2,2,3,4,3,43.0,0,0.0,0,0,0,0,0.0,0.0,0,0,0,1.0,0,0,0,0,0.0,0.0,0.27,0,0,94,1,0,0,0.0,0.0,0.0,0.0,0.0,0.0,0.0
183,25-26-prem-burnley-vs-wolverhampton-wanderers,90,0,0,0,0.0,0.0,0,0,0,0,48,0,0.0,1.0,3,0,0.0,0,0.0,0,0,8,0,0,0,0,0,0,0,0.0,0,0.0,0,0,3,1,2.36,1.36,1,31,3,0.0,3,0,2,0,0.0,0.0,0.0,0,0,94,1,0,0,0.0,0.0,0.0,0.0,0.0,0.0,0.0
388,25-26-prem-liverpool-vs-brentford,90,1,0,1,0.63,0.07,1,0,0,3,87,58,91.0,1.0,11,0,0.0,5,83.0,1,0,5,1,4,4,1,2,3,2,40.0,0,0.0,0,1,0,0,0.0,0.0,0,0,0,0.0,0,0,0,0,0.0,0.0,0.97,0,0,95,1,0,0,0.0,0.0,0.0,0.0,0.0,0.0,0.0
